market_key,year,purchase_applications,purchase_originations,purchase_denial_rate_pct,refinance_share_pct,avg_loan_amount
10100,2022,599,479,5.72519,33.7483,307359
10100,2023,420,336,7.08447,16.6253,201131
10100,2024,459,367,8.00971,20.3905,250286
10100,2025,421,330,8.53994,24.6575,264121
10140,2022,2122,1491,9.74478,36.7148,310044
10140,2023,1541,1054,10.4285,24.3902,303235
10140,2024,1424,960,10.8084,35.0913,314260
10140,2025,1506,1056,7.9602,37.3294,310701
10180,2022,4109,2658,16.1213,23.5328,237370
10180,2023,3620,2359,15.1734,12.662,229150
10180,2024,3743,2337,18.6649,21.074,232420
10180,2025,4432,2887,15.2016,20.8607,258124
10220,2022,667,449,16.129,28.2748,187628
10220,2023,515,317,18.3623,22.4939,200710
10220,2024,543,316,23.2719,26.1682,200601
10220,2025,656,382,19.3424,29.6501,207225
10300,2022,1910,1348,13.1369,42.9297,270326
10300,2023,1482,1011,15.0201,35.1507,196365
10300,2024,1573,1080,12.9518,34.3066,205380
10300,2025,1558,1112,11.3567,36.348,254784
10420,2022,13078,9537,8.97686,39.9471,242762
10420,2023,10679,7673,10.0982,30.0547,222408
10420,2024,10621,7787,9.05785,33.4388,243619
10420,2025,10996,8034,8.62893,39.2192,240264
10460,2022,1511,885,20.7317,24.6809,201475
10460,2023,1192,699,19.037,14.4431,210994
10460,2024,1283,755,20.2854,22.4846,210444
10460,2025,1486,874,19.7357,24.9141,213490
10480,2022,279,145,24.8756,47.6534,240034
10480,2023,267,139,26.7677,27.9793,254424
10480,2024,258,139,19.2308,38.2222,241906
10480,2025,265,134,28.0788,45.749,258955
10500,2022,2672,1443,28.4771,38.4123,204619
10500,2023,2155,1144,28.5464,33.8728,203628
10500,2024,2079,1181,25.9655,38.4254,204661
10500,2025,1964,1122,21.3235,45.295,211043
10540,2022,2648,1747,14.0136,42.7776,367902
10540,2023,1868,1218,12.6797,26.2712,349647
10540,2024,1834,1220,12.5578,34.0184,357484
10540,2025,2073,1407,10.2413,37.5222,343458
10580,2022,15485,10845,11.2702,36.6974,308053
10580,2023,11949,8251,12.2068,25.9469,304449
10580,2024,11933,8288,11.8364,25.548,315024
10580,2025,12586,8570,12.5244,30.6915,336181
10620,2022,1942,1299,13.3206,34.6579,262698
10620,2023,1675,1123,14.5468,22.7116,272240
10620,2024,1411,929,14.336,32.6323,289166
10620,2025,1510,976,13.4764,35.7049,288012
10660,2022,457,349,10.3797,32.6255,160645
10660,2023,413,303,10.6322,17.2131,154868
10660,2024,449,325,10.8466,20.7317,139923
10660,2025,455,332,9.35065,27.8261,179217
10700,2022,2214,1329,19.4685,37.7518,240816
10700,2023,1765,1071,20.0289,30.6347,233217
10700,2024,1708,1022,19.6442,39.5624,238297
10700,2025,1806,1106,18.7279,42.2756,265976
10740,2022,19573,13023,13.423,37.8911,303204
10740,2023,16208,10573,14.6598,23.6937,298647
10740,2024,18029,11901,13.7033,27.6843,276376
10740,2025,18008,11715,13.6209,34.5823,479714
10760,2022,1015,595,25.2656,36.4316,325840
10760,2023,936,496,29.404,25.5255,356633
10760,2024,841,481,24.1888,31.5789,350717
10760,2025,838,493,24.6334,38.6816,407637
10780,2022,3033,1699,26.1046,34.0706,192469
10780,2023,2567,1295,30.4348,28.7679,211085
10780,2024,2437,1262,27.4633,32.187,193621
10780,2025,2469,1276,26.3655,36.4858,213221
10820,2022,528,441,5.09554,40,319739
10820,2023,434,371,5.55556,25.2016,289825
10820,2024,481,384,7.54717,29.927,289167
10820,2025,561,423,9.59184,33.0696,408168
10860,2022,634,267,35.7438,26.0388,198670
10860,2023,648,242,38.0435,16.8385,217479
10860,2024,610,258,37.7483,21.1009,230078
10860,2025,616,231,37.7232,29.5732,245216
10900,2022,15517,11141,11.1453,39.0903,289171
10900,2023,11957,8423,12.1588,28.8418,292565
10900,2024,12555,9026,11.4259,31.533,313202
10900,2025,12477,9040,10.5012,38.8321,333510
10940,2022,662,462,12.5693,31.25,161797
10940,2023,570,355,17.8414,22.3195,152606
10940,2024,536,357,20.7424,28.6,167241
10940,2025,627,381,23.3591,31.9643,190223
10980,2022,240,180,7.57576,37.7163,155889
10980,2023,211,158,9.94475,27.5229,164620
10980,2024,254,179,12.4402,30.0781,164665
10980,2025,289,195,13.3047,36.0656,189974
11020,2022,1597,1217,11.8728,45.6939,202913
11020,2023,1330,1014,12.1289,27.7778,165740
11020,2024,1214,923,10.7547,33.1644,191013
11020,2025,1339,1014,12.1264,37.3687,194448
11060,2022,444,333,10.3448,22.9167,194399
11060,2023,432,306,9.53757,13.5593,207190
11060,2024,388,256,10.231,28.8889,220938
11060,2025,401,264,14.0187,32.4808,205417
11100,2022,5967,4009,13.3691,26.6557,254753
11100,2023,5064,3160,16.5383,19.7766,233940
11100,2024,5226,3163,17.3657,23.6175,252234
11100,2025,5223,3389,13.5072,27.3059,251350
11140,2022,495,231,37.3494,41.3706,154351
11140,2023,399,218,31.307,31.0127,158624
11140,2024,363,182,35.1171,40.1316,175330
11140,2025,369,211,26.0135,35.6707,200450
11180,2022,1905,1518,7.51654,32.7426,264809
11180,2023,1614,1274,7.69231,20.6725,226570
11180,2024,1687,1341,7.99731,24.6206,239430
11180,2025,1688,1322,8.994,31.5735,273215
11200,2022,0,0,,,
11200,2023,0,0,,,
11200,2024,1474,1081,6.29723,32.606,366656
11200,2025,1519,1139,5.16963,37.9967,364798
11220,2022,734,463,18.0272,34.512,167181
11220,2023,569,382,14.2251,23.9044,192696
11220,2024,634,395,16.7641,26.306,186013
11220,2025,660,421,18.5662,32.0968,274572
11260,2022,10296,7541,7.04809,25.8724,356274
11260,2023,6464,4712,6.85142,14.1243,377500
11260,2024,6351,4708,7.00441,22.4638,394962
11260,2025,6627,4940,6.30096,27.5022,404285
11360,2022,4767,3257,12.3358,30.1373,281675
11360,2023,4454,3011,13.7424,16.9608,291705
11360,2024,4660,3223,12.5591,25.9421,314414
11360,2025,5062,3554,11.3357,28.3034,307653
11380,2022,422,210,30.2752,23.0769,240238
11380,2023,439,196,34.3373,10.9091,246429
11380,2024,525,267,32.0388,10.4027,262079
11380,2025,427,229,21.5625,22.6351,271594
11420,2022,758,550,9.17431,39.0244,290582
11420,2023,546,383,11.1828,30.1095,291867
11420,2024,596,413,14.5631,32.7362,287954
11420,2025,613,444,13.2325,40.721,273108
11460,2022,6634,4336,13.9259,35.2932,375962
11460,2023,5262,3418,15.1192,21.6953,349757
11460,2024,5204,3281,16.2074,31.0859,369791
11460,2025,5344,3447,16.2985,38.0704,368644
11500,2022,2450,1394,24.3133,35.8195,170918
11500,2023,2090,1124,25.2802,25.8575,176361
11500,2024,2159,1156,25.5718,29.5551,186548
11500,2025,2162,1218,19.9882,34.9011,186905
11540,2022,4220,3480,5.791,45.5825,259960
11540,2023,3103,2584,5.85729,34.9282,267635
11540,2024,3683,3011,5.96107,38.6762,282350
11540,2025,3859,3225,5.26765,41.0744,314166
11580,2022,592,329,23.5294,28.9417,251018
11580,2023,496,281,26,17.8363,278915
11580,2024,539,293,25.6881,20.8108,237560
11580,2025,418,259,19.7059,29.235,258359
11620,2022,936,591,17.5393,33.9665,187707
11620,2023,819,450,27.1341,24.1147,194111
11620,2024,917,467,31.4741,25.3994,190653
11620,2025,939,504,24.6612,33.7714,191171
11660,2022,432,227,26.0355,31.8318,152093
11660,2023,452,209,37.1508,20.229,144952
11660,2024,404,191,34.2342,28.9963,170707
11660,2025,396,210,31.0976,34.1693,156762
11680,2022,539,385,12.1475,33.391,138506
11680,2023,439,310,12.2616,26.5403,144581
11680,2024,438,299,14.1304,29.8122,156973
11680,2025,427,304,10.9244,33.913,165197
11700,2022,11556,7303,15.5772,38.9432,406361
11700,2023,8802,5362,18.3127,24.8599,382654
11700,2024,6824,4200,17.045,30.0932,424843
11700,2025,7298,4677,14.5638,35.9227,451517
11740,2022,862,647,9.49796,39.2488,187210
11740,2023,626,483,8.50277,31.0984,183302
11740,2024,697,543,8.26446,36.6394,207265
11740,2025,724,531,10.9149,39.3836,205584
11820,2022,947,634,10.0543,44.7735,463707
11820,2023,649,440,9.25197,30.5994,424909
11820,2024,632,437,10.4126,35.355,444725
11820,2025,671,455,11.9626,41.8902,495659
11860,2022,255,181,10.7477,36.2676,159365
11860,2023,209,147,13.8889,37.7119,159966
11860,2024,238,168,10.1942,34.6304,171488
11860,2025,191,142,7.14286,44.7471,186690
11900,2022,588,377,15.6448,32.1942,211790
11900,2023,485,303,19.2405,17.8862,188003
11900,2024,536,357,14.7465,20.1342,202367
11900,2025,497,287,18.4492,32.9439,249321
11940,2022,1814,935,25.1846,38.0795,231877
11940,2023,1706,843,27.769,26.9497,237669
11940,2024,1583,793,29.7474,36.9634,251141
11940,2025,1630,864,25.1419,36.6569,257789
11980,2022,2820,1405,27.9114,30.1343,324616
11980,2023,2376,1120,34.3058,17.3432,293375
11980,2024,2469,1180,33.1946,20.5922,301475
11980,2025,2337,1124,31.1922,27.8099,317073
12020,2022,3341,2321,11.6802,41.1362,330877
12020,2023,2799,1846,12.2815,30.0493,334610
12020,2024,2977,1991,10.7792,32.8499,372509
12020,2025,2935,1993,12.1511,38.2399,364458
12060,2022,0,0,,,
12060,2023,0,0,,,
12060,2024,118535,78043,12.7814,31.1353,400778
12060,2025,116305,76110,12.9345,36.5438,418643
12100,2022,5615,3885,11.4405,33.0172,321196
12100,2023,4428,2952,13.1429,25.4734,325417
12100,2024,7113,4927,11.2867,30.4881,456321
12100,2025,7657,5259,11.4883,36.5315,517436
12140,2022,1097,654,27.5934,38.9925,197920
12140,2023,785,552,15.4728,29.3214,199638
12140,2024,810,585,11.6667,34.8552,214795
12140,2025,813,607,9.73202,40.8958,228278
12180,2022,915,658,14.3552,38.6766,178237
12180,2023,834,571,15.8967,29.2441,191743
12180,2024,825,572,16.1379,29.0323,200297
12180,2025,802,574,13.1429,31.7479,216829
12220,2022,5090,3310,16.1338,27.1727,315296
12220,2023,3808,2484,17.9062,20.9672,307250
12220,2024,4221,2699,18.11,26.3172,301769
12220,2025,4474,2878,17.1728,30.4495,362536
12260,2022,15221,9927,14.8824,30.3466,285114
12260,2023,12572,7816,17.312,23.1011,272925
12260,2024,12035,7787,15.1221,28.7688,278999
12260,2025,12738,8320,14.3746,32.7242,292159
12300,2022,2519,1784,11.0438,37.0056,255880
12300,2023,2148,1472,12.2797,23.5722,270224
12300,2024,2140,1537,9.68271,31.2612,271753
12300,2025,2304,1633,9.01042,36.0611,292685
12380,2022,719,541,8.77483,29.6489,158974
12380,2023,627,482,10.1818,16.4645,170788
12380,2024,629,508,6.12613,18.0645,174035
12380,2025,627,499,7.58123,24.1641,215581
12420,2022,75984,45046,14.5901,31.8125,522169
12420,2023,58763,36165,15.3904,14.3557,469916
12420,2024,52371,35264,12.7718,17.7132,447821
12420,2025,49377,32783,13.4302,24.4666,463168
12460,2022,411,222,28.6567,40.6417,197297
12460,2023,410,178,42.1053,29.9213,201573
12460,2024,362,195,33.9806,41.4414,211154
12460,2025,393,219,29.1925,40.327,209658
12520,2022,270,182,13.5747,43.6533,241374
12520,2023,193,126,13.0719,33.3333,274683
12520,2024,234,159,8.64865,32.0513,274057
12520,2025,243,162,10.989,43.75,283889
12540,2022,16177,11089,11.6907,38.0087,316602
12540,2023,11769,7729,13.6845,21.8504,319744
12540,2024,12132,8298,12.3835,27.8623,341991
12540,2025,12029,8417,11.4685,32.0607,343529
12580,2022,54347,38895,9.87816,37.1069,380793
12580,2023,41834,29194,10.7059,24.8275,369352
12580,2024,42563,30255,10.0017,30.6619,408816
12580,2025,42781,30181,10.3853,37.6953,404578
12620,2022,2627,1873,12.4324,38.6304,241973
12620,2023,2194,1527,13.752,29.2072,242544
12620,2024,2339,1670,12.8036,34.3553,256838
12620,2025,2406,1755,12.4696,39.6285,271587
12660,2022,1067,794,11.5344,43.3262,281360
12660,2023,914,672,11.8987,38.3486,254702
12660,2024,954,687,12.7893,43.0348,293035
12660,2025,1009,739,12.5285,46.8345,335406
12700,2022,5152,3984,6.98152,47.7508,564440
12700,2023,3832,2918,8.20324,34.5446,547944
12700,2024,3950,2992,7.77078,36.4891,598429
12700,2025,3935,2971,8.79187,44.9203,633044
12740,2022,1068,737,13.544,42.5117,280332
12740,2023,841,534,15.1703,28.9894,313708
12740,2024,853,594,10.6038,31.7241,312222
12740,2025,886,655,7.79754,37.2004,351244
12780,2022,1135,789,11.5178,27.214,185570
12780,2023,1024,675,13.8721,16.8719,181104
12780,2024,909,594,14.5161,22.1494,191145
12780,2025,885,578,13.662,27.2956,211730
12860,2022,755,610,10.0575,34.7594,170738
12860,2023,536,418,9.97921,31.25,228565
12860,2024,564,435,11.0672,32.1373,184356
12860,2025,585,420,13.8672,35.5828,210214
12900,2022,796,478,23.6722,27.3556,162720
12900,2023,689,410,20.0371,20.3883,164854
12900,2024,663,397,23.3813,27.5547,210441
12900,2025,649,414,19.1095,32.7922,194517
12940,2022,20900,12579,19.8911,27.8189,277781
12940,2023,14536,8536,20.9727,22.5549,267222
12940,2024,14687,8883,20.3589,25.0949,266254
12940,2025,14936,9083,18.8295,30.0931,273683
12980,2022,2565,1745,14.1452,42.2568,175642
12980,2023,2266,1533,14.7074,30.7588,183624
12980,2024,2329,1517,17.6982,33.4357,175897
12980,2025,2179,1427,17.0935,43.1021,209226
13020,2022,1895,1369,12.6543,36.2663,151275
13020,2023,1461,1086,9.9839,25.2581,142937
13020,2024,1467,1096,10.6013,31.2853,158485
13020,2025,1470,1093,10.8644,34.2359,177443
13060,2022,652,359,21.6599,25.8264,240905
13060,2023,611,344,21.0084,14.6402,245756
13060,2024,588,289,28.6976,20.8219,226869
13060,2025,592,307,26.8499,22.4747,244739
13100,2022,386,299,9.30931,32.3529,170686
13100,2023,319,248,10.6007,23.6923,182218
13100,2024,346,256,8.78378,28.6908,184219
13100,2025,381,287,10.061,32.3113,185697
13140,2022,7383,4354,22.0611,28.1992,236238
13140,2023,6678,3536,27.741,18.1481,227969
13140,2024,6113,3315,25.8406,21.9081,226391
13140,2025,6718,3664,25.5335,27.3592,232334
13180,2022,1401,1076,9.81194,43.3982,230242
13180,2023,1093,844,9.14697,37.7122,234692
13180,2024,1210,902,10.4762,41.4286,292273
13180,2025,1290,995,8.28924,47.0745,279613
13220,2022,1705,982,21.752,33.8721,167790
13220,2023,1598,860,26.6614,28.4526,157663
13220,2024,1613,933,21.028,30.5287,187111
13220,2025,1750,989,21.1988,31.6044,180925
13260,2022,905,599,15.3846,41.9574,191210
13260,2023,744,526,13.6578,34.1677,198764
13260,2024,751,517,13.3758,37.5604,190996
13260,2025,761,530,11.7371,44.6764,200075
13300,2022,359,178,25.9928,25.8333,190225
13300,2023,414,178,32.3024,16.0377,182640
13300,2024,367,165,34.5324,25.3394,172152
13300,2025,389,184,30.3226,23.0126,193533
13340,2022,881,571,15.2857,45.1489,216909
13340,2023,747,485,14.2857,35.8466,215103
13340,2024,718,464,14.6597,39.4256,235970
13340,2025,897,565,15.0862,41.7526,254770
13380,2022,4168,2893,9.65961,38.4861,519940
13380,2023,3336,2277,9.75518,20.6067,493450
13380,2024,3276,2297,8.62134,28.1739,484687
13380,2025,3310,2361,7.90365,37.1071,525038
13420,2022,440,344,8.85417,42.9519,218052
13420,2023,381,312,6.76471,20.8122,244199
13420,2024,361,266,14.511,28.6863,280038
13420,2025,342,260,9.86395,35.8025,251885
13460,2022,5491,4054,8.0166,37.39,573508
13460,2023,3986,2840,8.90453,20.4259,534870
13460,2024,5166,3784,7.81903,27.7725,507918
13460,2025,5513,4087,8.27198,34.4717,516608
13540,2022,465,333,11.5681,38.7868,339144
13540,2023,347,233,13.0742,27.1875,344528
13540,2024,318,219,10.2767,33.6364,340525
13540,2025,332,241,10.1083,37.4026,369440
13660,2022,787,544,13.4675,38.252,204706
13660,2023,587,411,13.6456,29.1379,206363
13660,2024,654,461,12.8205,32.5037,236974
13660,2025,681,476,13.181,37.859,228277
13700,2022,619,384,20.0787,21.6327,224531
13700,2023,479,293,20.8226,12.2754,192065
13700,2024,492,298,20.3085,15.8192,206577
13700,2025,523,296,19.0955,23.3161,206655
13740,2022,3953,2901,9.21093,39.5121,353587
13740,2023,3217,2281,9.9651,24.595,338218
13740,2024,3275,2338,10.5399,30.767,318550
13740,2025,3718,2614,10.0696,34.1064,331695
13780,2022,3339,2332,13.4636,30.5539,171497
13780,2023,2699,1812,15.7428,21.3883,167467
13780,2024,2673,1842,14.4335,24.7549,174864
13780,2025,2696,1831,14.2278,29.604,204590
13820,2022,25435,16283,15.5062,34.9383,289497
13820,2023,21124,13184,16.4198,24.3429,269858
13820,2024,23092,14661,16.2187,26.728,269753
13820,2025,23132,14715,15.7546,33.1258,294263
13860,2022,225,144,10.989,42.4,350764
13860,2023,168,103,11.0294,17.6,356650
13860,2024,180,106,15.493,26.3889,373396
13860,2025,205,112,16.129,41.9689,351518
13900,2022,2462,1952,5.38352,31.6527,295815
13900,2023,1881,1471,5.03185,19.2645,300201
13900,2024,2039,1629,5.6282,22.2063,303165
13900,2025,2123,1669,7.15847,27.2767,327001
13940,2022,795,537,10.1824,53.8263,301909
13940,2023,713,477,11.0333,34.5679,295273
13940,2024,653,447,11.0075,40.7162,302673
13940,2025,789,549,9.30233,40.52,306093
13980,2022,2584,1878,10.7468,31.5348,272966
13980,2023,2113,1441,15.0198,21.0843,264951
13980,2024,2271,1591,12.6333,28.2687,266332
13980,2025,2522,1742,11.8018,32.559,295677
14010,2022,3322,2594,8.37678,27.2982,203554
14010,2023,2529,2068,6.34495,17.7734,215053
14010,2024,2577,2091,8.5924,22.7558,264527
14010,2025,2441,1961,8.51648,31.8624,235469
14020,2022,2809,2064,9.32556,39.8952,319307
14020,2023,2210,1574,10.0054,32.6487,310947
14020,2024,2091,1518,9.75883,37.1168,342306
14020,2025,2162,1565,9.68801,43.3176,333633
14100,2022,908,664,14.944,38.6322,195301
14100,2023,728,528,13.8583,28.1633,206553
14100,2024,748,531,13.8148,30.6789,209256
14100,2025,808,603,11.4407,28.5545,225315
14140,2022,1539,847,24.1868,28.6436,159073
14140,2023,1258,706,23.8523,20.4059,160538
14140,2024,1263,640,28.4823,25.7541,162062
14140,2025,1324,720,25.0729,27.1992,178667
14180,2022,520,338,19.7279,29.2887,149142
14180,2023,517,276,24.6114,23.7569,146522
14180,2024,525,298,23.2941,24.937,159832
14180,2025,528,308,22.381,36.0996,186039
14220,2022,846,321,43.0746,38.2692,161293
14220,2023,796,308,43.7601,28.5383,167403
14220,2024,738,298,41.2969,32.8829,166678
14220,2025,661,263,38.6408,36.6265,174582
14260,2022,19992,14458,7.45179,43.3908,440546
14260,2023,16260,11915,7.46692,24.1566,385227
14260,2024,17087,12779,6.50031,27.8023,402723
14260,2025,18898,14419,6.08915,31.796,412748
14300,2022,969,583,19.9746,28.8156,266612
14300,2023,970,468,32.5459,16.8739,249936
14300,2024,953,504,23.8866,25.7732,268889
14300,2025,867,457,22.6048,34.7143,304825
14380,2022,1254,888,9.26108,35.8382,460811
14380,2023,949,663,11.6129,21.6312,437036
14380,2024,815,552,11.3178,26.3017,459928
14380,2025,925,650,10.8179,34.1439,535246
14420,2022,426,259,12.6844,21.7523,136467
14420,2023,359,224,16.3194,10.4,158973
14420,2024,418,195,28.1899,22,165769
14420,2025,374,201,22.3333,25.8303,167736
14460,2022,73431,54531,8.34072,41.4947,634570
14460,2023,54498,39413,9.32042,27.3306,606486
14460,2024,56031,41082,9.30643,32.9339,630511
14460,2025,57817,42724,8.35761,41.4684,673927
14500,2022,5752,4000,8.34986,40.7495,646125
14500,2023,4370,3063,7.90537,22.2194,644543
14500,2024,4629,3321,7.7819,30.985,686798
14500,2025,4813,3370,6.94665,42.5405,616273
14540,2022,4070,2925,11.1468,32.6192,302409
14540,2023,3225,2177,14.5283,27.3364,266070
14540,2024,3275,2335,11.9463,30.7327,287467
14540,2025,3215,2274,11.2191,37.7668,351117
14580,2022,0,0,,,
14580,2023,0,0,,,
14580,2024,2013,1387,11.4019,25.2694,636507
14580,2025,2040,1457,8.45588,32.8881,717533
14620,2022,360,240,20.2572,34.2466,132708
14620,2023,326,217,20.5036,21.9424,124309
14620,2024,275,177,21.645,30.0395,134322
14620,2025,262,183,17.2566,36.014,149918
14660,2022,1980,1604,7.38028,39.6539,325655
14660,2023,1580,1258,6.60377,22.4414,302369
14660,2024,1626,1300,6.92792,28.8061,306969
14660,2025,1787,1387,7.71725,35.7573,353681
14700,2022,1508,1038,12.0064,31.0757,242457
14700,2023,1086,706,14.2523,21.7295,246331
14700,2024,1062,696,15.2874,28.0248,233764
14700,2025,1194,797,12.4103,32.8559,250997
14710,2022,733,506,12.4792,40.7494,334783
14710,2023,528,341,15.0852,27.907,335029
14710,2024,614,417,11.9342,28.8396,343273
14710,2025,611,418,11.3169,35.8896,339522
14720,2022,1794,1260,9.12209,34.375,790571
14720,2023,1347,931,12.1907,16.6517,727546
14720,2024,1395,943,12.2776,23.6437,767651
14720,2025,1469,1019,12.01,30.6803,766109
14740,2022,6172,4523,7.00916,39.8617,490003
14740,2023,4617,3361,8.10811,21.7098,490980
14740,2024,4941,3658,6.34606,29.6674,477991
14740,2025,4878,3569,7.0603,38.5609,510999
14780,2022,983,482,32.987,32.7755,350954
14780,2023,868,397,36.4162,18.1443,372834
14780,2024,770,361,35.8333,26.7748,348601
14780,2025,866,434,30.0423,27.0588,315323
14820,2022,775,515,12.96,42.0045,386049
14820,2023,569,363,15.7667,26.8145,367066
14820,2024,552,343,18.4579,34.1651,475875
14820,2025,525,351,12.5908,40.6091,468419
14860,2022,15958,11438,9.44997,39.0591,663813
14860,2023,11781,8185,10.8245,25.3125,641126
14860,2024,11416,7923,11.869,32.3976,687061
14860,2025,11433,8100,10.1376,40.4193,748440
14940,2022,1458,1033,9.3617,47.3228,365542
14940,2023,1224,881,9.35961,34.0075,330551
14940,2024,1342,950,8.86878,38.5908,342642
14940,2025,1383,1030,7.41056,41.008,371194
15020,2022,591,271,36.0691,41.7204,181827
15020,2023,530,228,38.3495,35.5932,158246
15020,2024,621,242,39.0397,35.809,168884
15020,2025,650,255,40.613,40,172412
15060,2022,412,247,16.1392,47.5584,362409
15060,2023,316,190,16.0643,28.3019,412158
15060,2024,287,182,15.6522,35.689,380549
15060,2025,325,197,16.2162,39.1975,379975
15100,2022,415,324,7.56303,27.027,304784
15100,2023,338,260,7.42049,25.072,266269
15100,2024,407,308,6.84524,23.5732,306429
15100,2025,426,314,10.2273,27.1462,356465
15180,2022,4986,3012,18.8718,29.7247,248011
15180,2023,4555,2755,18.6853,18.8751,237149
15180,2024,4679,2864,20.1703,22.9071,252867
15180,2025,4621,2785,18.9835,27.3225,280339
15220,2022,717,382,26.2385,22.3577,234817
15220,2023,608,348,20.5945,14.7059,208190
15220,2024,479,267,24.5478,25.2101,218221
15220,2025,606,343,25.1004,26.8657,217245
15260,2022,2858,1811,18.8362,34.1455,360704
15260,2023,2475,1539,18.9203,26.1162,356007
15260,2024,2312,1459,17.027,33.7421,380531
15260,2025,2329,1572,14.2024,36.3047,389128
15340,2022,628,461,12.0879,38.2865,140965
15340,2023,579,390,16.5289,27.6438,140795
15340,2024,576,408,11.875,27.1429,169975
15340,2025,588,397,13.8075,36.9841,173035
15380,2022,14677,11603,10.0766,38.835,257611
15380,2023,12436,9701,10.5667,27.8736,259143
15380,2024,12576,9803,10.3673,29.3528,266786
15380,2025,12883,10073,9.91873,34.5569,301398
15420,2022,834,558,10.241,47.3088,289588
15420,2023,675,466,12.2164,33.046,258412
15420,2024,684,467,9.52381,37.3995,253009
15420,2025,817,576,9.62406,37.5271,270226
15460,2022,602,435,13.5397,32.7666,168655
15460,2023,476,359,9.92736,19.3258,142716
15460,2024,475,344,11.4428,26.3383,150378
15460,2025,464,338,12.6263,31.1609,154024
15500,2022,3818,2597,13.0279,39.7727,273394
15500,2023,3562,2389,15.0189,24.8978,294879
15500,2024,3712,2510,15.7347,28.8952,281665
15500,2025,3894,2698,13.5646,31.9374,289277
15540,2022,3651,2826,8.34129,41.2596,395626
15540,2023,2651,2003,7.75785,30.136,377791
15540,2024,2935,2207,7.40892,30.6411,411774
15540,2025,3179,2511,6.47744,34.965,404275
15580,2022,640,449,12.5,38.4088,255802
15580,2023,525,346,10.5392,28.8066,250491
15580,2024,558,403,7.67494,30.5172,257630
15580,2025,598,430,7.81893,38.6591,266279
15620,2022,908,596,15.8377,42.5819,181963
15620,2023,714,489,14.6179,30.8345,203160
15620,2024,692,448,13.894,34.6939,216384
15620,2025,743,503,12.5828,43.1638,227187
15660,2022,1349,865,15.5576,37.5451,229682
15660,2023,1221,722,20.2976,27.1443,243670
15660,2024,1079,647,19.5498,35.4935,258879
15660,2025,1227,761,16.9615,36.7415,269060
15700,2022,875,572,18.144,30.2439,256993
15700,2023,795,507,17.0111,17.4267,259300
15700,2024,823,513,16.821,26.8188,273869
15700,2025,669,413,16.7969,38.3582,280036
15740,2022,562,393,12.6882,44.413,175127
15740,2023,486,332,12.8535,34.127,176958
15740,2024,480,323,16.285,37.4031,166022
15740,2025,571,380,16.5236,39.0048,185237
15780,2022,580,237,41.1135,34.349,128671
15780,2023,593,232,41.8345,22.408,145862
15780,2024,583,196,40.1274,30.4965,128929
15780,2025,590,234,37.6106,36.413,163162
15820,2022,517,300,23.4568,35.4839,184300
15820,2023,448,247,24.6459,29.6296,166822
15820,2024,465,266,26.6491,33.1658,178684
15820,2025,457,259,27.0777,36.2069,195386
15860,2022,1211,748,14.8346,43.5045,283235
15860,2023,1002,615,15.9794,26.3473,277488
15860,2024,873,560,15.3179,37.0787,277661
15860,2025,959,597,11.9835,42.9799,280561
15900,2022,467,374,7.50605,25.2,109198
15900,2023,468,363,8.84521,23.2558,100455
15900,2024,406,336,7.6087,22.2222,116310
15900,2025,438,341,12.4365,25.2193,121070
15940,2022,6576,5006,7.72956,43.2748,208767
15940,2023,5388,3992,9.38812,34.4068,204927
15940,2024,5700,4186,9.71298,35.8172,215676
15940,2025,6047,4460,9.81668,41.1842,229558
15980,2022,26289,16949,14.4025,33.0238,384810
15980,2023,23205,14931,16.8912,14.7092,374622
15980,2024,22631,15179,16.3245,18.7376,379606
15980,2025,21949,15209,14.9187,22.8205,359286
16020,2022,1834,1253,13.9974,34.0526,210762
16020,2023,1515,1073,12.0529,23.1926,217777
16020,2024,1514,1050,13.5392,28.9581,209248
16020,2025,1632,1153,11.8209,30.7091,233283
16060,2022,746,491,15.4723,21.44,195692
16060,2023,611,392,19.1406,14.7826,147168
16060,2024,568,328,19.1209,17.1717,176159
16060,2025,547,324,16.1836,24.4755,161698
16100,2022,1264,770,20.3575,25.8189,227390
16100,2023,1308,681,28.997,10.1583,238994
16100,2024,1337,760,23.8411,19.7466,239421
16100,2025,1390,791,23.3395,23.1293,242497
16140,2022,231,179,9.66184,36.2989,167961
16140,2023,149,117,6.20155,24.026,194829
16140,2024,179,141,9.31677,29.5,206915
16140,2025,177,144,5.80645,34.8416,200347
16180,2022,950,667,7.7957,43.4746,380292
16180,2023,688,491,10.2967,25.7186,390988
16180,2024,923,647,10.733,25.1157,390750
16180,2025,828,577,11.0119,36.1726,399194
16220,2022,2246,1600,12.701,23.9905,225350
16220,2023,1662,1226,11.6424,13.7227,234951
16220,2024,1737,1285,12.3449,22.497,249405
16220,2025,1928,1416,10.9507,28.0853,251970
16260,2022,1867,1296,10.1198,37.0874,339159
16260,2023,1370,931,12.3435,28.877,332003
16260,2024,1339,947,10.8206,31.2772,350882
16260,2025,1537,1117,9.10506,35.1712,383962
16300,2022,7254,5962,5.34504,31.7771,188561
16300,2023,5628,4459,6.71385,23.0676,189490
16300,2024,5337,4180,7.66423,27.9062,201019
16300,2025,5749,4603,6.63665,30.1941,210153
16340,2022,911,549,19.2416,35.8645,217732
16340,2023,747,450,19.0972,28.7975,220489
16340,2024,784,450,20.4355,31.5068,235933
16340,2025,735,417,18.1481,40.3433,244616
16380,2022,333,239,11.3074,41.5648,195753
16380,2023,310,213,13.6719,28.5235,193263
16380,2024,265,195,11.6592,32.7586,198026
16380,2025,265,195,12.2271,41.9643,225462
16460,2022,610,380,18.6235,27.4809,127342
16460,2023,523,329,18.1176,21.6667,125182
16460,2024,449,288,20.2667,28.3582,141910
16460,2025,521,317,17.8922,28.1179,151814
16500,2022,1994,1358,10.7166,42.1882,351289
16500,2023,1452,958,13.4251,29.1944,347808
16500,2024,1342,900,13.6197,39.3939,361044
16500,2025,1600,1120,9.87842,40.3938,364571
16540,2022,2682,2032,8.90143,37.3806,245556
16540,2023,2087,1544,11.7485,30.5131,242008
16540,2024,2291,1676,12.6627,35.0891,252643
16540,2025,2449,1845,9.91076,37.5846,262794
16580,2022,3584,2804,9.03576,26.712,276109
16580,2023,2926,2302,8.99573,17.491,229049
16580,2024,3049,2384,9.41571,23.3441,235403
16580,2025,3130,2440,8.14596,28.6967,264713
16620,2022,4174,2383,20.3966,34.1713,180921
16620,2023,3928,2060,25.4733,25.8192,166665
16620,2024,3171,1702,25.0517,27.7282,176093
16620,2025,3201,1719,23.5927,34.289,186542
16660,2022,557,374,15.4176,22.7273,152941
16660,2023,613,424,16.5736,10.5485,152453
16660,2024,535,386,17.5,18.5654,148057
16660,2025,583,354,20.5567,25.6303,146780
16700,2022,26671,17383,14.8934,32.3329,460522
16700,2023,23032,14560,16.2654,19.1919,429353
16700,2024,22439,14724,14.2173,27.0439,470393
16700,2025,23320,15307,14.0025,31.9598,492187
16740,2022,68634,46892,10.737,40.022,427059
16740,2023,58538,39598,11.5769,24.7301,394155
16740,2024,58365,40192,11.4501,30.2343,401676
16740,2025,59569,41223,11.1488,36.45,421226
16820,2022,4521,3276,9.22291,33.4282,401600
16820,2023,3614,2476,11.3319,20.0517,408437
16820,2024,3536,2445,11.6796,27.5985,465176
16820,2025,3526,2498,8.72051,35.352,507222
16860,2022,13764,8854,13.6536,39.3728,357532
16860,2023,11844,7305,16.3374,27.0885,312073
16860,2024,11899,7583,14.5824,31.2947,320404
16860,2025,11771,7577,13.1811,37.9189,332940
16940,2022,2759,1999,10.6179,36.9997,312259
16940,2023,2288,1605,11.135,22.6506,315561
16940,2024,2609,1790,13.0537,27.589,314324
16940,2025,2710,1866,13.3394,34.6181,367814
16980,2022,160850,112333,10.1641,31.7066,356676
16980,2023,128537,87502,11.0865,19.0591,331087
16980,2024,136830,94280,11.3202,27.921,349077
16980,2025,136406,92611,11.2828,36.8657,378526
17020,2022,3422,2399,9.20044,37.6397,371811
17020,2023,2490,1649,12.0081,24.2188,336831
17020,2024,2508,1724,9.75855,27.2267,349490
17020,2025,2839,1908,11.2752,33.727,371578
17060,2022,1250,836,12.7363,34.1214,188648
17060,2023,1127,692,17.2336,26.6949,193150
17060,2024,1088,676,15.2225,32.1966,214541
17060,2025,1244,779,17.2172,35.7791,215244
17140,2022,45828,32732,9.77845,40.8379,290209
17140,2023,36933,25982,10.4059,27.7374,293194
17140,2024,39050,27391,10.7359,32.453,305043
17140,2025,41013,28465,10.8298,39.0327,325585
17220,2022,1502,889,19.0558,31.5627,206710
17220,2023,1230,703,21.6805,25.0533,218314
17220,2024,1164,695,20.7889,29.2981,236151
17220,2025,1148,673,17.9954,35.2885,218566
17260,2022,171,75,36.3636,40.4762,118733
17260,2023,184,66,44.9275,37.7358,145303
17260,2024,152,57,37.7193,29.6296,139737
17260,2025,240,107,32.2034,20.7407,123131
17300,2022,10702,7472,11.4485,31.481,298616
17300,2023,8064,5579,11.2723,25.0739,304883
17300,2024,7796,5428,10.6135,33.5537,326448
17300,2025,7964,5652,9.81519,37.5263,310686
17340,2022,1330,851,12.7077,41.0665,294307
17340,2023,1007,633,16.1857,22.4265,279107
17340,2024,1090,677,15.5633,29.8446,286433
17340,2025,993,635,13.6829,34.8049,289646
17380,2022,321,180,26.6667,42.1222,164833
17380,2023,307,159,31.3008,32.6271,170975
17380,2024,270,153,29.8701,32.8947,158072
17380,2025,249,153,19.797,37.2951,170621
17410,2022,0,0,,,
17410,2023,0,0,,,
17410,2024,32522,23232,10.0481,33.1107,250446
17410,2025,34295,24386,10.2188,40.4071,263269
17420,2022,3046,1825,17.589,37.6708,263411
17420,2023,2517,1452,20.7926,27.145,262583
17420,2024,2613,1580,18.8434,32.276,298316
17420,2025,2637,1551,18.9364,39.2479,289113
17500,2022,1542,823,26.0723,27.8703,235182
17500,2023,1545,753,32.4097,15.2027,244283
17500,2024,1568,763,33.4959,16.7939,257883
17500,2025,1365,693,30.4306,23.8462,269733
17540,2022,713,554,9.19355,35.6562,162491
17540,2023,493,375,10.3286,24.5473,153480
17540,2024,508,392,10.3604,27.9412,165536
17540,2025,606,480,8.93855,32.0113,167125
17580,2022,1473,1006,12.7768,20.9119,197744
17580,2023,1138,728,14.1055,10.8935,196346
17580,2024,1213,849,11.269,18.6002,163398
17580,2025,1115,739,13.5287,25.0507,181225
17650,2022,566,404,10.6754,34.7334,349703
17650,2023,408,308,9.01163,21.4286,326104
17650,2024,418,300,7.89474,31.9728,343900
17650,2025,509,347,10.2244,35.7407,355202
17660,2022,3948,2788,9.35854,47.0465,516589
17660,2023,3175,2202,10.2111,27.6847,456144
17660,2024,3603,2576,8.28562,30.9753,443451
17660,2025,3923,2830,7.97791,38.8769,484495
17740,2022,697,472,17.541,41.8719,274195
17740,2023,623,360,21.875,35.0181,214389
17740,2024,679,410,22.3614,34.6093,208732
17740,2025,827,434,31.25,41.3514,214194
17780,2022,6382,3943,18.4086,19.0681,359413
17780,2023,5218,2910,25.7478,10.7636,307089
17780,2024,5124,3077,22.1847,14.4803,372322
17780,2025,5372,3270,20.6103,20.5925,360272
17820,2022,23202,16723,7.53551,34.8184,454261
17820,2023,17135,12171,8.73247,18.1176,436343
17820,2024,16699,11854,8.56603,29.9036,445440
17820,2025,16734,12103,8.22548,37.9015,438906
17860,2022,4147,3098,6.77129,29.1886,318651
17860,2023,3384,2489,7.21501,20.3775,288299
17860,2024,3437,2494,7.84873,26.0818,318079
17860,2025,3639,2649,7.78523,33.1061,327499
17900,2022,21981,13837,15.604,33.7499,275196
17900,2023,19063,11761,17.108,22.4413,260177
17900,2024,18801,12053,15.8144,28.7437,276861
17900,2025,19669,12656,15.4028,32.2919,278787
17980,2022,6272,3969,15.9611,31.8627,262014
17980,2023,4968,3126,14.9258,25.1974,237828
17980,2024,5004,3257,13.0424,33.1211,235252
17980,2025,5056,3314,12.2668,38.7657,261261
18020,2022,2006,1370,11.1248,35.4991,233949
18020,2023,1569,1115,12.2511,29.2513,239547
18020,2024,1541,1112,11.938,35.4239,233714
18020,2025,1570,1130,10.6595,37.0474,271832
18060,2022,1298,754,25.0926,31.0156,206114
18060,2023,1050,620,22.3516,25.3911,196161
18060,2024,1102,656,23.6264,29.9893,207317
18060,2025,1169,637,23.9482,34.1942,212002
18100,2022,616,492,9.72973,31.856,230081
18100,2023,518,412,7.59219,20.9213,215024
18100,2024,575,428,9.33063,23.5714,241262
18100,2025,621,472,10.4972,30.9942,323750
18140,2022,43680,30652,9.44808,40.0919,368106
18140,2023,36413,25474,9.31986,28.0192,350302
18140,2024,37527,26179,9.65012,32.3435,352781
18140,2025,38218,26663,9.32391,38.8295,380573
18180,2022,2654,1924,10.3604,42.1179,370722
18180,2023,2034,1438,11.3596,30.3969,389305
18180,2024,2148,1579,9.93926,33.5158,398046
18180,2025,2371,1760,8.19507,41.3724,398176
18220,2022,471,341,12.069,37.3162,126584
18220,2023,374,279,9.23077,32.2816,157939
18220,2024,410,286,15.493,34.2529,144231
18220,2025,373,265,14.9533,41.7582,146019
18260,2022,2777,1749,16.6743,38.9316,260798
18260,2023,2316,1380,19.0793,33.3977,255949
18260,2024,2338,1461,15.8636,34.3076,269545
18260,2025,2515,1635,14.0656,40.996,298419
18300,2022,1330,847,11.9257,40.099,314445
18300,2023,954,618,10.9479,27.6347,302346
18300,2024,983,647,9.88447,36.8164,314320
18300,2025,1016,682,11.0973,38.5032,330894
18340,2022,3351,1264,44.8908,32.7302,174359
18340,2023,3398,1043,52.3101,28.9993,178097
18340,2024,3541,1110,53.0067,27.8752,181081
18340,2025,3490,1144,49.4949,31.4149,195586
18380,2022,347,155,39.2857,41.7293,181774
18380,2023,207,101,33.9394,34.8387,250545
18380,2024,212,120,28.3237,31.4286,200667
18380,2025,213,106,27.8481,40.113,205943
18420,2022,503,245,30.7107,44.4444,180265
18420,2023,451,228,28.0802,36.8421,177325
18420,2024,412,234,21.4067,38.4211,184060
18420,2025,474,247,26.3736,42.0188,181883
18460,2022,1028,660,16.0648,35.0394,283379
18460,2023,799,494,16.3666,27.031,294636
18460,2024,853,563,12.4812,31.5917,289991
18460,2025,931,588,13.9276,36.2947,322738
18500,2022,1337,969,12.1992,34.7914,192585
18500,2023,1048,741,13.2304,25.3024,166080
18500,2024,1080,757,12.6582,25.0495,180746
18500,2025,1150,790,12.9686,28.8288,190532
18580,2022,9219,5733,15.6954,26.9309,325058
18580,2023,7492,4533,17.6166,16.6575,295351
18580,2024,8182,4992,19.2182,23.4943,300196
18580,2025,8632,5135,20.4812,28.1919,290564
18620,2022,1381,660,32.5538,25.7593,250515
18620,2023,1263,552,36.8697,17.1171,263931
18620,2024,1275,613,33.966,20.0782,254560
18620,2025,1380,628,32.1872,24.4284,273010
18660,2022,537,412,11.4108,33.9744,167063
18660,2023,461,317,18.1141,29.0828,194653
18660,2024,467,346,11.0843,24.6187,188671
18660,2025,466,334,12.6904,28.7846,197515
18700,2022,1388,965,8.73016,35.8378,426244
18700,2023,880,602,11.3416,21.2042,414751
18700,2024,971,708,8.03357,24.9205,427458
18700,2025,930,659,7.70218,36.2052,655744
18740,2022,421,295,11.1429,36.9658,154356
18740,2023,448,311,13.7466,31.9475,155547
18740,2024,515,337,13.8614,35.1923,202567
18740,2025,539,360,15.2273,36.9527,190972
18820,2022,781,596,6.58683,39.1216,185503
18820,2023,625,478,8.87246,30.9249,184770
18820,2024,663,501,7.5,34.252,224082
18820,2025,693,532,6.54045,34.1584,1.0715e+06
18860,2022,353,227,13.3574,45.6938,326850
18860,2023,271,164,20.4545,25.7919,325915
18860,2024,280,163,20.354,37.7863,385123
18860,2025,310,178,20.4348,36.8794,306180
18880,2022,14768,9402,15.7827,25.9102,517664
18880,2023,10549,6678,15.2161,17.0744,483795
18880,2024,9450,6178,15.0728,21.9752,516691
18880,2025,9293,6102,14.1929,26.535,513138
18900,2022,1417,846,19.6794,38.0673,240071
18900,2023,1237,658,22.2707,30.2966,248617
18900,2024,1165,634,22.3103,35.9596,262397
18900,2025,1293,743,18.2663,41.3112,264448
18980,2022,2289,1341,19.7864,33.2836,241234
18980,2023,2089,1116,25.6331,25.5504,233235
18980,2024,1942,1134,20.712,30.0863,231138
18980,2025,2031,1137,23.9316,35.5077,241746
19060,2022,1335,975,10.8885,42.6808,155615
19060,2023,1045,775,10.7539,35.3088,157839
19060,2024,1073,791,11.3636,36.0032,176365
19060,2025,1104,788,10.0977,42.4818,185470
19100,2022,184979,118277,13.0779,31.6796,445266
19100,2023,160585,103697,13.4826,15.945,417606
19100,2024,155885,104739,13.0401,21.0357,421703
19100,2025,148601,99409,13.4302,28.8457,427427
19140,2022,2577,1506,20.7018,37.5104,214349
19140,2023,2111,1154,23.3668,28.6333,248934
19140,2024,2237,1277,21.3785,30.4466,241962
19140,2025,2328,1352,21.3892,33.8228,234290
19180,2022,892,615,14.6563,34.5745,115390
19180,2023,858,607,12.8205,22.1795,115478
19180,2024,827,595,13.3705,28.9128,123067
19180,2025,856,642,11.008,33.8826,151153
19220,2022,1022,603,20.8861,32.7759,198964
19220,2023,980,528,27.2363,26.257,187216
19220,2024,1041,542,27.3869,33.9024,199041
19220,2025,1055,608,23.5223,34.6939,199030
19260,2022,1299,864,16.2037,39.2405,203866
19260,2023,1190,746,19.6319,33.3929,181247
19260,2024,1236,777,17.2032,36.5714,206583
19260,2025,1268,775,19.174,42.6775,208110
19300,2022,10561,6840,14.6382,27.9773,360442
19300,2023,8532,5339,16.7826,19.0938,340155
19300,2024,7942,4951,17.0852,24.2039,348807
19300,2025,8546,5363,17.1179,28.5029,362830
19340,2022,8073,6294,8.32744,32.9712,182056
19340,2023,6118,4783,7.37101,19.8693,178147
19340,2024,6056,4751,8.26996,25.5096,201982
19340,2025,6552,5140,7.81662,29.7718,202099
19430,2022,16038,11446,9.43496,35.4573,238855
19430,2023,13541,9552,9.65654,24.1604,225407
19430,2024,14321,10200,9.38841,28.9644,252744
19430,2025,14795,10506,9.27366,35.1802,272422
19460,2022,3561,2130,21.0729,37.8646,226183
19460,2023,3147,1731,23.3486,29.1735,217334
19460,2024,3046,1791,20.2516,32.8711,220003
19460,2025,3113,1850,20.4257,37.9195,229292
19500,2022,1740,1277,11.7141,21.7525,131210
19500,2023,1468,1093,12.0529,14.2745,134277
19500,2024,1423,1064,10.0572,16.3522,151795
19500,2025,1688,1252,12.0962,22.6205,154800
19540,2022,489,387,5.80046,43.586,170013
19540,2023,376,297,7.53012,37.2093,179209
19540,2024,427,324,11.0526,38.5199,188426
19540,2025,422,333,5.72207,50.3726,221336
19580,2022,579,414,11.2971,38.6667,158285
19580,2023,569,394,13.2196,25.2372,174315
19580,2024,468,334,12.8205,34.638,181737
19580,2025,541,405,10.1293,33.8235,179667
19620,2022,822,543,15.5456,21.5318,227505
19620,2023,676,446,17.8947,11.1554,224058
19620,2024,592,382,19.8397,20.5821,238455
19620,2025,506,344,15.8019,26.6525,241744
19660,2022,21410,13714,13.8398,35.7808,323715
19660,2023,18477,12177,14.5918,21.21,309044
19660,2024,16855,11459,13.4677,26.3418,321692
19660,2025,16195,10935,13.7288,30.2214,336952
19700,2022,308,156,26.4574,30.9735,138205
19700,2023,284,143,29.6296,20.1117,127867
19700,2024,300,159,26.8085,23.5577,119340
19700,2025,349,179,24.6154,22.5108,147346
19740,2022,76429,53109,9.05444,38.7192,544794
19740,2023,58650,40627,10.0663,21.1432,523134
19740,2024,57165,40220,9.95254,28.8859,527842
19740,2025,56589,40422,8.41501,36.3664,548755
19760,2022,893,485,25.4676,33.1956,203000
19760,2023,852,405,32.4159,24.8609,192728
19760,2024,723,376,28.8967,29.8507,291037
19760,2025,771,384,29.2007,34.0206,210286
19780,2022,18291,14348,7.21812,30.7161,272388
19780,2023,14467,11161,7.86861,19.6009,267031
19780,2024,14655,11460,7.11797,24.1662,271534
19780,2025,15299,11976,7.14124,30.6101,302686
19810,2022,608,484,7.87992,36.9792,326281
19810,2023,449,373,5.47264,27.9923,293231
19810,2024,516,410,5.18018,30.0341,298512
19810,2025,510,407,7.33333,36.4062,354435
19820,2022,78857,54350,14.1259,40.6024,264749
19820,2023,65549,44246,14.9226,27.2222,260426
19820,2024,67638,45652,15.2685,33.7734,272336
19820,2025,68744,46047,16.0984,41.3683,316714
19860,2022,787,581,7.66871,24.6433,284312
19860,2023,599,463,9.12548,16.1232,301393
19860,2024,622,489,5.80524,21.256,273487
19860,2025,672,503,9.96503,25.1488,289751
19940,2022,398,285,12.8743,33.7209,146825
19940,2023,363,238,14.386,24.9211,158697
19940,2024,348,259,10.8911,29.235,159749
19940,2025,383,261,10.2649,28.4932,179406
19980,2022,339,266,10.231,24.6459,194699
19980,2023,315,235,11.9134,19.7952,206447
19980,2024,288,221,11.0236,18.1481,229027
19980,2025,308,255,6.85921,24.3323,218216
20020,2022,3376,2002,22.9843,32.8638,213991
20020,2023,3036,1728,25.5153,26.1538,209653
20020,2024,2778,1737,19.2596,33.7276,210423
20020,2025,3122,1862,22.8111,36.6667,223625
20060,2022,627,268,39.7541,33.3333,182799
20060,2023,535,247,38.785,24.2331,176781
20060,2024,517,251,35.109,31.9783,172610
20060,2025,573,255,39.3873,37.5,173000
20100,2022,4970,3249,17.3542,35.5613,300469
20100,2023,4098,2533,21.231,23.2424,300152
20100,2024,3833,2490,19.0372,32.9744,312217
20100,2025,3862,2490,17.237,38.9706,315972
20140,2022,951,470,33.2884,38.5621,185745
20140,2023,816,359,38.3518,27.4747,180877
20140,2024,799,348,36.2438,38.6243,198448
20140,2025,972,452,32.8786,37.3093,201748
20180,2022,1094,829,12.8337,38.3643,148679
20180,2023,913,656,14.5546,27.1111,154192
20180,2024,860,630,13.9442,31.1475,152556
20180,2025,869,665,9.89305,35.4369,175782
20220,2022,1932,1589,7.19101,35.4852,213257
20220,2023,1572,1194,11.2755,27.6364,213233
20220,2024,1556,1214,12.2622,25.5671,230741
20220,2025,1652,1341,9.63303,28.8971,244687
20260,2022,4843,3806,7.37609,36.2906,251865
20260,2023,4185,3236,8.38158,25.3173,243786
20260,2024,3991,3159,7.78409,27.3292,243629
20260,2025,4263,3274,7.88832,33.3876,257566
20300,2022,360,181,26.0536,26.4228,185829
20300,2023,311,163,25.9109,9.94475,183773
20300,2024,417,209,26.2136,12.5523,192273
20300,2025,407,204,31.0127,19.0476,226078
20340,2022,843,553,16.8776,34.0095,164584
20340,2023,759,469,19.0323,24.5981,169094
20340,2024,753,475,20,28.1392,168811
20340,2025,703,443,17.7172,36.1671,177190
20420,2022,1402,929,11.8939,36.9314,512104
20420,2023,992,635,14.9497,23.2164,498559
20420,2024,1005,656,13.0215,31.8087,507332
20420,2025,1059,704,9.15751,40.7906,545952
20460,2022,1303,775,19.3035,24.6109,210716
20460,2023,1109,548,29.3124,22.5989,211953
20460,2024,1017,545,28.7933,29.1287,220725
20460,2025,1049,564,23,31.8017,236596
20500,2022,13800,9753,8.89231,39.0476,404822
20500,2023,10973,7579,10.4195,24.4969,390090
20500,2024,9551,6803,9.95487,28.6299,397980
20500,2025,10103,7258,9.10978,33.904,464573
20540,2022,660,378,24.6679,32.0144,162037
20540,2023,603,336,26.4463,27.897,163690
20540,2024,647,399,19.8473,28.75,175827
20540,2025,569,331,21.5103,40.8929,217931
20580,2022,0,0,,,
20580,2023,0,0,,,
20580,2024,534,322,23.6364,17.6471,282081
20580,2025,521,316,20.7143,23.4867,238513
20660,2022,721,551,8.646,37.1005,554564
20660,2023,520,370,9.36768,26.4414,533595
20660,2024,596,456,6.66667,28.189,507456
20660,2025,587,442,8.09717,37.305,505792
20700,2022,4437,2953,14.8829,39.3883,262088
20700,2023,3516,2264,15.2367,28.1498,267089
20700,2024,3590,2351,13.3168,31.776,278858
20700,2025,3388,2224,13.5405,38.2222,290351
20740,2022,3043,2344,9.08059,35.5158,285090
20740,2023,2349,1765,10.2451,23.1272,331482
20740,2024,2438,1863,9.55951,28.5111,304957
20740,2025,2483,1871,8.6151,37.0246,285529
20780,2022,1409,933,11.0307,41.4313,1.02818e+06
20780,2023,1034,652,12.8788,23.4742,1.02422e+06
20780,2024,994,642,14.3949,30.8934,1.04854e+06
20780,2025,1061,690,12.7078,40.874,1.1217e+06
20820,2022,562,338,25.5914,33.4646,182101
20820,2023,412,245,22.8916,24.3827,186061
20820,2024,452,282,21.6578,25,182092
20820,2025,507,339,13.4146,27.2532,184351
20900,2022,747,370,29.5026,25.1012,240649
20900,2023,642,279,37.0968,20.2857,217151
20900,2024,557,263,34.8315,20.303,233707
20900,2025,692,305,34.1556,25.9709,243918
20940,2022,1946,1264,14.4617,44.3907,298204
20940,2023,1326,859,11.9545,26.3293,366269
20940,2024,1322,908,12.5348,38.0205,324031
20940,2025,1389,964,12.6833,39.75,337676
20980,2022,950,406,39.0746,28.2686,166576
20980,2023,829,308,47.6263,20.8226,176916
20980,2024,800,280,43.2229,24.933,162071
20980,2025,841,350,36.8024,23.7473,182543
21020,2022,1190,746,17.1553,30.6047,286501
21020,2023,1009,576,25.2538,20.442,269184
21020,2024,1145,697,19.2609,26.0085,287798
21020,2025,1103,689,17.366,35.6075,288599
21060,2022,3758,2454,15.8328,37.4936,272119
21060,2023,3463,2088,19.1706,28.3705,286106
21060,2024,2619,1640,17.6974,35.9125,289195
21060,2025,2604,1726,14.6168,41.9246,289421
21120,2022,316,196,18.2171,21.6,172398
21120,2023,289,189,18.2979,14.8649,180026
21120,2024,249,148,24.7525,27.451,167230
21120,2025,282,179,20,24.1525,184162
21140,2022,4094,2800,14.4607,40.1326,207582
21140,2023,3257,2256,14.3737,31.9252,198688
21140,2024,3083,2258,12.8075,35.0029,225257
21140,2025,3181,2303,13.2509,38.0248,273415
21180,2022,332,137,37.6569,39.1111,186168
21180,2023,266,107,37.3626,32.2785,178645
21180,2024,304,128,32.093,30.0546,187656
21180,2025,323,137,32.4675,33.4951,189818
21220,2022,1115,778,10.7259,35.0584,307738
21220,2023,976,666,10.75,18.3824,287117
21220,2024,1008,704,11.8406,26.128,300384
21220,2025,993,698,10.3529,31.7025,313309
21260,2022,1226,891,8.38384,35.6679,645685
21260,2023,921,626,10.5263,21.8477,549441
21260,2024,1060,798,8.98004,20.9118,508784
21260,2025,1064,781,8.64619,30.701,516869
21300,2022,1356,971,13.0687,27.5913,149655
21300,2023,1096,746,14.8454,19.8711,172802
21300,2024,1056,763,10.3784,19.8529,175288
21300,2025,1107,761,13.8573,24.0519,168035
21340,2022,16150,9641,15.1843,25.7127,240719
21340,2023,12707,7760,15.2453,17.0586,249389
21340,2024,12789,8161,14.6045,23.0747,266899
21340,2025,12604,8387,12.9254,27.4355,272178
21380,2022,349,272,8.44156,28.0423,174779
21380,2023,363,278,9.52381,23.416,175683
21380,2024,326,247,10.6762,30.0283,170101
21380,2025,351,258,12.987,35.3383,190814
21420,2022,966,739,7.91367,22.7795,174811
21420,2023,898,698,8.39695,13.6139,162350
21420,2024,926,687,9.43396,18.2143,172322
21420,2025,911,662,8.8274,22.4824,192069
21460,2022,1611,1077,13.5177,26.0302,239605
21460,2023,1287,825,16.2835,17.3347,241012
21460,2024,1170,755,15.1225,30.4788,240709
21460,2025,1233,825,14.0733,36.6846,252152
21500,2022,3411,2559,11.5436,39.4606,210029
21500,2023,2799,2054,12.7941,30.4907,193291
21500,2024,2802,2101,13.2106,30.7743,203529
21500,2025,3017,2232,11.673,37.5315,219839
21540,2022,215,141,13.0178,34.1121,178617
21540,2023,169,110,15.9091,28.5714,183182
21540,2024,174,110,14.7059,36.4162,198818
21540,2025,201,148,13.7143,37.0213,212973
21580,2022,490,236,27.6353,40.8521,242966
21580,2023,393,169,32.967,33.7255,266598
21580,2024,450,197,29.9003,30.3887,287335
21580,2025,432,179,33.4459,41.1184,282989
21640,2022,400,161,46.2963,38.3142,177609
21640,2023,339,140,39.7683,31.7073,146643
21640,2024,384,147,44.1781,35.2423,173095
21640,2025,364,154,36.0902,42.7509,191364
21660,2022,6477,4537,11.1526,42.292,419778
21660,2023,4571,3168,11.6654,25.721,376039
21660,2024,4811,3381,10.1652,29.8984,379348
21660,2025,5145,3635,9.5462,37.4462,388794
21700,2022,1346,902,10.7308,45.988,362062
21700,2023,985,648,10.8005,22.9489,342361
21700,2024,981,684,10.4403,29.8462,347237
21700,2025,1162,813,7.82422,32.5871,356267
21740,2022,581,371,17.2786,37.8559,376267
21740,2023,448,290,14.3678,25.4499,339966
21740,2024,452,278,18.7151,32.3601,337806
21740,2025,499,302,20.6633,38.9899,329503
21780,2022,6362,4747,10.2364,38.7721,227062
21780,2023,5234,3684,13.6785,31.6004,226745
21780,2024,4571,3342,10.9339,35.52,260871
21780,2025,4704,3448,9.82323,40.4593,238991
21820,2022,2255,1711,6.26993,22.2979,310330
21820,2023,1505,1092,7.05394,11.7219,304853
21820,2024,1394,1041,6.66082,21.7881,312041
21820,2025,1471,1108,5.01672,24.1615,331977
21860,2022,266,198,11.4537,32.6531,153333
21860,2023,242,180,6.43564,18.1818,161944
21860,2024,253,198,9.41704,21.4286,172980
21860,2025,231,187,7.31707,28.626,177674
21900,2022,1024,663,17.4528,30.5031,176644
21900,2023,898,551,16.9944,22.0651,180299
21900,2024,788,513,16.0742,27.8481,194766
21900,2025,842,520,17.4367,31.3984,219712
21980,2022,526,377,8.66511,42.8788,325796
21980,2023,425,297,9.82143,25,310522
21980,2024,435,280,11.5044,36.3636,322679
21980,2025,450,296,11.1111,41.7323,340676
22020,2022,5017,4044,5.21679,25.9476,322856
22020,2023,3852,3043,6.12245,20.1103,299312
22020,2024,4008,3280,4.6371,21.2863,316326
22020,2025,4124,3282,5.54142,27.5976,377968
22060,2022,1004,807,7.54505,36.6064,309783
22060,2023,788,647,5.17241,18.8206,278524
22060,2024,875,720,6.75159,23.8901,283472
22060,2025,883,714,7.38854,31.0811,299692
22100,2022,1217,835,11.2871,36.3082,216928
22100,2023,1172,813,12.0868,20.9913,186415
22100,2024,1085,757,11.1236,29.7774,212199
22100,2025,1151,794,12.0763,32.5404,227229
22140,2022,2264,1216,28.118,27.9194,206086
22140,2023,1852,925,29.1873,20.0519,198611
22140,2024,1827,899,30.5376,28.1949,212442
22140,2025,1898,943,30.0971,34.3315,225286
22180,2022,16055,10925,13.2107,29.5389,259811
22180,2023,13536,9001,13.6775,21.4709,262898
22180,2024,8935,5968,13.6465,34.5758,257394
22180,2025,8254,5523,13.3011,42.1494,291020
22190,2022,682,454,16.5187,42.1656,237159
22190,2023,604,387,15.6701,33.2759,237300
22190,2024,627,385,15.8537,41.2214,246065
22190,2025,628,421,9.98004,42.7989,258753
22220,2022,15019,10465,8.30494,32.8047,341313
22220,2023,13489,9189,9.49549,19.6344,362726
22220,2024,14346,9912,8.7746,22.4777,361887
22220,2025,14590,10128,9.00445,29.9488,386136
22260,2022,897,697,8.10811,41.082,269763
22260,2023,722,573,5.95813,26.1598,256763
22260,2024,812,659,6.82451,30.4852,268050
22260,2025,728,573,7.37179,40.7446,300148
22300,2022,1413,1060,8.69932,36.0676,234575
22300,2023,1150,807,11.206,25.0696,210006
22300,2024,1170,768,13.5912,31.9752,257852
22300,2025,1311,894,10.9073,33.4821,270369
22340,2022,215,102,36.4162,41.0405,129118
22340,2023,169,93,26.8657,34.965,181667
22340,2024,175,86,31.6547,29.5082,150814
22340,2025,195,83,41.2162,46.7949,176084
22380,2022,2814,1834,13.1982,40.8387,555682
22380,2023,2060,1307,15.0246,21.5957,498259
22380,2024,2285,1460,15.3931,28.8152,533205
22380,2025,2196,1467,12.8176,39.2295,512464
22420,2022,7484,4954,15.8114,37.0121,194841
22420,2023,6441,4158,17.0182,24.5919,186063
22420,2024,6083,4146,14.2802,30.4829,198215
22420,2025,6248,4319,14.0448,37.1325,208755
22500,2022,4457,2365,28.744,29.2975,218387
22500,2023,3915,2000,29.6693,18.8641,220550
22500,2024,3929,2071,28.4187,23.692,212547
22500,2025,3998,2095,28.6488,28.5958,225778
22520,2022,3144,2149,15.1008,42.7086,213851
22520,2023,2634,1723,18.4982,34.8582,227681
22520,2024,2707,1793,16.0945,36.955,224057
22520,2025,2747,1887,13.6957,44.3855,240829
22540,2022,1777,1395,9.31099,40.103,199502
22540,2023,1333,1062,9.67213,35.8696,219426
22540,2024,1482,1170,9.45946,36.7568,260197
22540,2025,1611,1247,10.1257,41.5377,245016
22580,2022,1592,1024,16.3009,34.9841,250830
22580,2023,1296,708,23.1568,28.7726,236949
22580,2024,1241,694,21.6931,32.817,250720
22580,2025,1205,678,20.8426,38.587,244676
22620,2022,223,101,33.7143,28.8732,196881
22620,2023,185,80,42.3841,29.8246,121625
22620,2024,183,67,31.9149,36.7925,135746
22620,2025,217,83,48.8889,36.1538,128373
22660,2022,9181,6396,9.36269,36.0336,485916
22660,2023,6798,4708,10.348,21.9367,468237
22660,2024,6877,4784,10.4585,29.1993,471398
22660,2025,7308,5065,9.2523,36.2813,491401
22700,2022,651,513,10.087,24.7801,162895
22700,2023,460,363,10.3865,20.5689,144862
22700,2024,480,363,12.5296,24.5322,144284
22700,2025,458,353,9.62963,32.5048,149561
22780,2022,1457,1005,9.53631,24.8879,210333
22780,2023,1056,703,9.69325,23.1694,210363
22780,2024,1062,705,13.5991,32.1463,223071
22780,2025,1170,697,15.2486,38.6444,234828
22800,2022,275,183,14.6119,29.8851,135000
22800,2023,199,136,15.2439,25.6831,163088
22800,2024,240,165,20.6573,26.3393,168333
22800,2025,257,175,16.0377,31.3725,137171
22820,2022,739,494,10.2837,33.2432,284919
22820,2023,524,344,11.7073,24.3956,278721
22820,2024,545,369,9.54654,26.9307,309634
22820,2025,556,364,11.1628,32.5926,289863
22840,2022,1065,593,26.9095,37.7101,190194
22840,2023,1009,523,26.9737,33.1202,189551
22840,2024,1034,504,31.6583,39.7849,199226
22840,2025,1166,600,26.062,42.9115,213483
22900,2022,5072,3280,15.6434,32.1333,220427
22900,2023,3960,2540,16.4366,24.1565,196039
22900,2024,3806,2514,13.9817,28.2534,218182
22900,2025,3722,2490,13.5819,34.8679,228410
23060,2022,9261,6863,10.0555,36.3653,241395
23060,2023,7357,5394,10.8587,26.402,296769
23060,2024,8481,6241,10.2066,31.3497,230935
23060,2025,8554,6334,10.4569,37.6206,255267
23140,2022,642,497,8.46561,39.0184,186026
23140,2023,542,383,13.8528,33.6222,183773
23140,2024,553,401,10.2941,35.9425,191085
23140,2025,485,384,5.80046,43.2792,218203
23180,2022,1688,1135,13.6499,36.4857,212551
23180,2023,1285,840,13.7177,29.1139,226310
23180,2024,1358,896,14.2723,35.6322,229688
23180,2025,1510,937,15.3913,40.4323,260806
23190,2022,452,325,10.4558,37.62,231185
23190,2023,425,300,16.1725,32.7354,212967
23190,2024,397,284,11.3772,35.4545,292923
23190,2025,466,335,12.3711,37.6164,279776
23240,2022,692,408,18.9435,32.6733,559510
23240,2023,505,270,23.8095,26.4305,487704
23240,2024,586,346,21.5352,24.1228,467428
23240,2025,625,354,20.6897,32.6996,467599
23300,2022,545,384,12.4722,29.4118,136328
23300,2023,523,397,10.6904,16.4211,118249
23300,2024,533,379,10.7306,22.1766,138931
23300,2025,557,388,13.7634,31.9298,152835
23340,2022,610,508,5.33088,35.533,251496
23340,2023,592,471,6.27376,30.1187,211624
23340,2024,611,488,6.77656,25.3823,187787
23340,2025,642,507,9.70537,33.3771,243521
23380,2022,845,655,8.51648,36.346,152664
23380,2023,658,505,6.87161,27.9601,161911
23380,2024,728,556,8.37359,27.8859,165863
23380,2025,775,585,8.48765,36.2745,176197
23420,2022,14302,9955,10.6731,41.0528,367782
23420,2023,10125,6770,13.8821,23.9326,364860
23420,2024,13939,9707,12.4586,27.0699,373416
23420,2025,13482,9546,11.5422,34.1655,391238
23460,2022,1973,1185,21.5452,36.6987,201481
23460,2023,1663,993,19.2825,26.5533,198595
23460,2024,1672,1016,19.6021,33.7247,193701
23460,2025,1741,1082,18.0799,35.7864,210776
23500,2022,1078,593,26.2159,33.1454,204376
23500,2023,1209,649,28.4963,21.3333,206279
23500,2024,970,508,26.8126,30.3155,209016
23500,2025,1090,578,25.448,31.1905,206782
23540,2022,7766,4579,20.2819,31.1221,327210
23540,2023,6281,3617,22.7791,20.9744,281411
23540,2024,5930,3545,20.9387,25.9143,286368
23540,2025,6263,3661,21.4936,26.5891,327150
23580,2022,4878,3252,13.8777,35.025,376519
23580,2023,3815,2611,12.6574,23.9441,361331
23580,2024,3536,2386,13.3707,31.4958,395348
23580,2025,3771,2647,12.0808,34.545,403984
23620,2022,886,549,17.2857,33.2928,281648
23620,2023,935,575,18.6916,17.3851,302043
23620,2024,899,523,18.4971,24.0929,319857
23620,2025,908,531,20.8564,29.3883,349689
23660,2022,784,600,13.5211,27.096,118217
23660,2023,689,533,11.7363,21.6176,111773
23660,2024,692,506,11.9128,22.9833,115138
23660,2025,680,478,15.1042,29.0801,133138
23680,2022,422,223,26.6254,36.1032,198722
23680,2023,413,214,25.7576,19.5489,177009
23680,2024,439,204,38.2682,27.9152,194951
23680,2025,528,272,29.9287,28.9817,195037
23700,2022,790,224,60.9836,30.4348,167009
23700,2023,652,147,64.2384,19.2308,178673
23700,2024,596,150,62.2172,23.0769,170667
23700,2025,701,201,56.5558,22.3938,169826
23780,2022,309,235,10.7527,31.686,194234
23780,2023,256,179,12.3853,22.8448,214609
23780,2024,265,167,23.5294,25.1121,190689
23780,2025,295,181,22.7642,34.1818,252293
23820,2022,965,681,7.35484,49.3304,682709
23820,2023,783,562,8.80503,24.3607,596335
23820,2024,826,598,8.75912,33.6293,576237
23820,2025,933,698,6.64112,35.5494,624298
23900,2022,1968,1409,11.5872,39.812,265085
23900,2023,1514,1058,13.2455,32.3097,262306
23900,2024,1440,1050,11.3821,34.5387,314895
23900,2025,1734,1226,12.1769,37.0959,291672
23940,2022,807,589,9.05045,29.3765,262029
23940,2023,582,396,15.0515,21.7391,248864
23940,2024,526,374,10.2975,35.6282,261497
23940,2025,738,522,10.2564,35.0746,252816
23980,2022,1061,678,20,35.7346,181490
23980,2023,992,585,24.2197,28.4841,173957
23980,2024,947,550,21.3001,33.5749,210382
23980,2025,1069,629,24.594,38.0296,239229
24020,2022,2021,1374,14.5278,38.8246,292191
24020,2023,1631,1065,15.8537,27.8455,324005
24020,2024,1747,1137,15.6905,26.4078,275730
24020,2025,1833,1220,14.0434,29.2754,302033
24100,2022,905,599,18.0501,32.6966,183214
24100,2023,706,450,16.0345,21.1909,229267
24100,2024,734,486,19.4222,22.3642,190535
24100,2025,700,465,14.2105,31.6176,212054
24140,2022,2626,1743,14.4131,28.3011,222894
24140,2023,2090,1312,19.5755,23.942,221204
24140,2024,2403,1548,18.3984,27.1186,231286
24140,2025,2338,1491,17.8533,34.5191,273370
24180,2022,2203,1366,16.058,29.3326,312884
24180,2023,1899,1127,22.0627,14.5565,305958
24180,2024,1914,1160,19.2257,21.3559,313129
24180,2025,2013,1317,15.0955,26.9551,322289
24220,2022,1575,1264,6.93642,26.6821,310823
24220,2023,1233,1000,7.80399,20.9486,288910
24220,2024,1309,1035,8.86186,26.0714,259551
24220,2025,1310,1059,6.93241,29.3057,280902
24260,2022,1188,996,7.26103,32.566,207701
24260,2023,1066,846,6.81818,21.9557,217400
24260,2024,996,796,8.67117,27.6364,217601
24260,2025,1023,827,6.51214,37.2534,225230
24300,2022,4451,3017,12.4478,38.6539,341563
24300,2023,3354,2267,11.4275,23.9517,317369
24300,2024,3472,2331,11.4306,30.3347,338282
24300,2025,3771,2617,8.0402,35.8421,325298
24330,2022,725,584,6.55226,44.2748,215342
24330,2023,572,447,6.96721,25.7475,217595
24330,2024,640,498,6.90909,28.8571,226024
24330,2025,597,468,9.05588,36.5854,255641
24340,2022,22013,15339,13.6421,41.4497,302727
24340,2023,17766,12089,15.3664,28.9384,294533
24340,2024,18971,13083,16.0181,35.2102,300392
24340,2025,19247,13033,15.652,41.8014,328852
24420,2022,1578,1107,8.19411,41.6754,351477
24420,2023,1157,775,11.1828,26.6098,330574
24420,2024,1265,849,10.8717,28.8349,347945
24420,2025,1247,855,8.27447,34.9315,343889
24460,2022,259,183,18.3761,30.4183,114672
24460,2023,248,173,15.2381,26.6949,128815
24460,2024,260,183,18.2979,27.668,148934
24460,2025,288,209,12.253,34.6875,163278
24500,2022,1751,1269,10.0834,37.5492,265961
24500,2023,1382,1000,7.99641,25.761,281060
24500,2024,1338,959,6.29771,32.1782,334009
24500,2025,1451,1022,9.35875,38.4708,347955
24540,2022,11885,7990,12.5171,34.433,426886
24540,2023,9280,6039,15.9542,20.1085,407279
24540,2024,9285,6111,16.443,26.4178,405029
24540,2025,9039,6270,11.8028,33.9722,429917
24580,2022,5379,4446,5.72073,45.8069,278747
24580,2023,4212,3472,5.64854,37.9002,282267
24580,2024,4357,3600,6.10494,41.9916,296919
24580,2025,4646,3818,6.20576,44.8027,327954
24600,2022,784,575,8.58896,39.089,225122
24600,2023,644,455,11.4815,31.3725,226758
24600,2024,707,515,10.0167,33.9744,233039
24600,2025,598,439,9.23379,41.9312,265046
24620,2022,1577,850,21.8803,40.7252,225612
24620,2023,1615,806,28.0397,27.4527,231526
24620,2024,1686,852,25.6637,31.068,248498
24620,2025,1654,906,21.2146,37.6033,254934
24640,2022,965,682,9.53608,43.9145,320161
24640,2023,746,522,9.86622,27.1967,289061
24640,2024,780,546,9.69305,31.5789,293407
24640,2025,873,608,8.9725,32.6689,317829
24660,2022,14721,10037,13.8684,39.2801,297413
24660,2023,13093,8571,15.6491,26.4544,266579
24660,2024,13339,8731,15.8932,30.8052,269170
24660,2025,13325,8731,15.9137,36.5387,290541
24700,2022,443,331,11.9792,44.2761,193943
24700,2023,380,285,8.92308,32.4645,185491
24700,2024,382,302,7.71513,35.8811,199470
24700,2025,385,298,10.3245,45.521,222852
24740,2022,432,261,22.6064,48.3168,118831
24740,2023,399,203,32.4074,42.9775,133227
24740,2024,373,207,29.9035,40.8571,136836
24740,2025,407,210,27.3016,44.8819,152857
24780,2022,3821,2469,17.1845,33.9663,279168
24780,2023,3203,1928,20.608,22.88,247713
24780,2024,3404,2109,20.0731,26.2329,268751
24780,2025,3596,2268,18.7885,30.5573,269281
24820,2022,781,583,9.15805,36.2842,173010
24820,2023,612,465,6.13027,25,176419
24820,2024,594,447,7.2407,32.17,182919
24820,2025,705,528,8.31947,34.5725,199735
24860,2022,22978,15473,14.8082,33.6606,330615
24860,2023,19696,12663,17.4671,21.3283,312400
24860,2024,19778,12817,16.8241,26.6468,310310
24860,2025,20885,13772,15.0866,31.9094,328896
24900,2022,300,158,31.0757,42.5455,147215
24900,2023,269,143,30.137,37.2807,190944
24900,2024,310,157,30.2789,27.3148,155701
24900,2025,347,182,31.1419,45.0151,156154
24940,2022,1741,1058,20.8628,30.7592,224008
24940,2023,1488,892,20.3419,20.922,222971
24940,2024,1461,833,24.1739,28.4364,233151
24940,2025,1677,944,22.8571,31.4949,254566
24980,2022,496,259,29.4264,38.7707,151448
24980,2023,435,194,32.0242,38.0192,162010
24980,2024,400,207,26.1006,31.2292,152488
24980,2025,412,212,32.3171,38.7283,185142
25060,2022,11006,6494,18.4084,32.9063,247838
25060,2023,9074,5147,19.6943,26.4084,245715
25060,2024,9285,5357,19.7458,28.3728,238832
25060,2025,8909,5503,17.3458,33.2322,244413
25100,2022,222,170,13.0653,26.087,158824
25100,2023,221,144,16.5746,19.5531,184306
25100,2024,215,141,16.8605,32.5359,172021
25100,2025,242,150,15.3846,34.4978,180000
25180,2022,7896,5572,13.4748,34.1838,276412
25180,2023,6497,4453,14.977,21.5883,271908
25180,2024,6695,4689,13.1101,27.2007,287203
25180,2025,6515,4511,12.9733,34.7839,295707
25200,2022,585,409,9.3617,51.3095,869083
25200,2023,436,278,13.5135,31.6953,789137
25200,2024,473,305,16.4021,34.1253,756311
25200,2025,545,369,11.7241,41.7062,652019
25220,2022,4381,2046,35.3396,24.8347,226168
25220,2023,3598,1412,43.5861,21.4246,223534
25220,2024,3252,1427,38.9421,24.1361,226563
25220,2025,2994,1378,34.8632,30.6492,233824
25260,2022,2229,1531,10.9989,39.9372,316065
25260,2023,1477,1003,11.6894,25.7037,337283
25260,2024,1935,1373,12.4456,29.0072,332698
25260,2025,1827,1339,8.95916,34.0394,346912
25300,2022,587,434,10.2161,34.3419,167903
25300,2023,473,366,5.94059,25.7606,161475
25300,2024,538,401,8.81057,29.0265,174626
25300,2025,546,418,7.47863,32.4717,189809
25420,2022,10955,8018,12.3912,37.1088,263780
25420,2023,8391,5934,13.5857,28.0989,258064
25420,2024,8717,6359,11.8576,31.6971,268101
25420,2025,8717,6425,10.699,38.3693,295145
25460,2022,992,688,11.6105,35.9404,181730
25460,2023,748,502,10.2916,30.5671,189582
25460,2024,754,483,13.1034,37.1094,192081
25460,2025,860,586,11.7647,35.9563,208276
25500,2022,2254,1576,14.1732,36.5028,280470
25500,2023,1786,1162,16.1898,21.8561,299759
25500,2024,1900,1345,13.1269,27.1398,301595
25500,2025,1811,1255,12.8342,35.4424,729916
25540,2022,20806,15182,9.60288,37.8067,313550
25540,2023,17417,12789,9.79774,24.5843,285603
25540,2024,15939,11822,9.14333,29.631,319042
25540,2025,15926,11834,8.34277,37.3166,343683
25580,2022,607,493,8.22669,30.661,178124
25580,2023,546,424,10.7216,23.8779,158962
25580,2024,575,430,9.25926,25.734,230512
25580,2025,545,405,10.828,34.1463,184160
25620,2022,4115,2239,27.2313,32.6211,220913
25620,2023,3410,1730,28.2732,29.2434,223734
25620,2024,2882,1640,22.9031,33.4145,228409
25620,2025,2877,1648,22.1401,36.6641,228604
25700,2022,327,216,15.1408,27.2727,173380
25700,2023,258,171,13.2743,25.974,194298
25700,2024,253,177,14.4068,25.3165,181949
25700,2025,255,176,17.1806,33.5849,206705
25720,2022,3118,1967,12.5516,41.1078,1.13846e+06
25720,2023,2142,1380,11.3787,28.125,1.10141e+06
25720,2024,2359,1561,11.887,33.5745,1.04768e+06
25720,2025,2526,1651,12.3934,40.4186,1.24645e+06
25740,2022,0,0,,,
25740,2023,0,0,,,
25740,2024,1511,1030,9.66387,33.932,401641
25740,2025,1689,1173,9.77612,38.4898,397251
25770,2022,1872,1286,12.7701,36.3051,250498
25770,2023,1507,1013,10.8677,25.7875,247201
25770,2024,1427,1000,10.8108,31.082,266000
25770,2025,1486,1057,9.23594,34.9938,313940
25775,2022,872,555,19.6379,45.9591,185667
25775,2023,809,499,23.088,35.7786,175842
25775,2024,817,537,18.7143,36.9718,207700
25775,2025,879,557,17.3853,41.858,192935
25780,2022,734,406,21.0247,34.5161,258867
25780,2023,541,291,25.6039,31.2057,241976
25780,2024,491,266,24.2507,36.8171,216015
25780,2025,525,307,20.8543,40.7336,225717
25820,2022,334,192,25.5319,23.2,173333
25820,2023,276,134,32.7354,16.7702,179851
25820,2024,232,112,35.4497,25.3333,189554
25820,2025,279,122,36.9369,27.8107,222787
25840,2022,1459,1070,9.54693,38.293,298897
25840,2023,1163,824,10.3093,24.8175,273483
25840,2024,1201,896,10.7547,28.3773,278382
25840,2025,1358,996,10.3359,37.1609,285914
25850,2022,1309,916,13.3887,47.687,176714
25850,2023,1167,815,14.664,31.5126,171785
25850,2024,1098,766,13.224,37.8751,187115
25850,2025,1204,869,10.1508,38.6299,189396
25860,2022,7374,5063,11.9833,40.097,275427
25860,2023,6407,4261,13.4691,29.6633,255774
25860,2024,6461,4356,13.4889,32.6218,274224
25860,2025,7267,4888,13.2448,35.9958,287533
25880,2022,775,481,19.8767,41.838,183607
25880,2023,560,394,14.6392,29.7683,225685
25880,2024,578,420,9.48454,31.9287,198405
25880,2025,654,476,9.54955,36.87,220987
25900,2022,3271,2203,13.7085,42.0873,563080
25900,2023,2254,1481,13.822,24.6694,555459
25900,2024,2387,1585,14.375,32.467,628426
25900,2025,2563,1775,11.9346,38.1102,575135
25940,2022,9066,5755,16.2797,27.4824,476161
25940,2023,7844,4633,21.1665,15.2552,449250
25940,2024,7511,4672,18.5191,22.1463,465086
25940,2025,7936,5040,18.1181,26.7761,491371
25980,2022,3343,2183,14.3401,25.0343,246722
25980,2023,2935,1929,14.5627,19.9917,246783
25980,2024,3090,2013,16.2546,29.2691,254593
25980,2025,2658,1786,13.0537,38.1579,267296
26020,2022,1260,693,28.6422,20.6186,234509
26020,2023,1293,636,33.9585,10.4225,207689
26020,2024,1457,714,29.8521,15.4028,196471
26020,2025,1234,574,32.1311,27.2497,212875
26090,2022,2694,1737,19.1645,44.9968,285391
26090,2023,2104,1342,18.5579,33.5315,271267
26090,2024,2113,1430,15.1099,37.1429,298287
26090,2025,2138,1438,14.4525,43.872,354729
26140,2022,5602,3556,15.7516,33.3583,245270
26140,2023,4560,2858,16.3499,21.6772,243891
26140,2024,4405,2855,15.5958,25.9403,252660
26140,2025,4554,3054,14.4857,29.5339,256974
26220,2022,309,218,8.8,46.5686,478624
26220,2023,190,124,10.6667,31.4917,483306
26220,2024,226,147,13.1148,33.1818,477789
26220,2025,248,164,12.3711,43.0556,524634
26300,2022,2652,1559,20.2519,33.6596,251318
26300,2023,2275,1243,24.9717,23.1293,234397
26300,2024,2262,1170,27.1453,30.7692,248624
26300,2025,2392,1307,24.2196,32.6982,278581
26340,2022,465,382,6.03865,34.3643,169058
26340,2023,363,281,9.00621,29.0404,197064
26340,2024,360,281,6.10932,27.7635,210872
26340,2025,393,298,7.48503,36.3248,209530
26380,2022,4229,2118,31.1715,30.3519,209891
26380,2023,3310,1614,33.9903,26.065,209628
26380,2024,2970,1501,34.0408,30.0233,218691
26380,2025,2798,1564,27.0797,33.3617,232717
26420,2022,167516,101314,16.7378,27.0797,392725
26420,2023,138480,83169,18.7695,13.8422,348100
26420,2024,142019,86915,19.0855,16.9295,357857
26420,2025,143195,87800,18.8483,21.9451,368953
26460,2022,906,625,10.8992,45.9343,378808
26460,2023,680,436,14.8282,29.3355,457569
26460,2024,732,477,16.2521,28.0543,404434
26460,2025,761,495,15.8576,36.2934,458899
26500,2022,559,414,10.6918,41.5254,178527
26500,2023,381,263,17.7914,34.25,178232
26500,2024,388,281,12.1212,38.512,191512
26500,2025,437,317,13.9474,36.2173,216767
26540,2022,664,483,8.36237,40.6634,161687
26540,2023,555,408,12.1704,28.6713,177059
26540,2024,602,431,13.5436,34.4985,182680
26540,2025,591,425,9.78044,43.7831,199965
26580,2022,6943,3928,21.7093,36.0052,180789
26580,2023,6141,3181,27.8119,28.1941,182347
26580,2024,6395,3277,27.6418,29.9637,196282
26580,2025,6848,3512,26.9275,33.6231,202380
26620,2022,14948,10445,10.5974,34.637,343365
26620,2023,12529,8603,12.1687,24.256,343240
26620,2024,13032,9261,11.336,28.7506,308111
26620,2025,13166,9284,11.1502,32.8025,320078
26660,2022,1625,885,24.8062,23.7726,292209
26660,2023,1324,645,30.3835,14.1145,271248
26660,2024,1179,543,33.0786,18.5907,272274
26660,2025,1212,599,30.8884,24.7487,310259
26700,2022,176,122,11.3475,25.6098,206967
26700,2023,140,105,11.0169,16.6667,321476
26700,2024,179,119,17.931,24.6835,200714
26700,2025,186,123,16.7785,27.2189,214593
26740,2022,821,626,9.2033,29.7419,148898
26740,2023,796,576,10.0865,26.3427,144792
26740,2024,815,627,8.61833,29.2325,162416
26740,2025,858,659,7.327,35.7073,163710
26780,2022,634,493,10.1064,33.1978,223053
26780,2023,534,423,8.84211,19.8864,227482
26780,2024,538,406,9.38865,23.1061,238842
26780,2025,614,456,10.5263,31.2217,294912
26820,2022,3619,2628,7.98826,45.4772,352184
26820,2023,2896,2080,8.66142,29.2517,327856
26820,2024,2893,2095,8.60927,30.491,364356
26820,2025,3247,2401,6.80397,34.8263,355621
26860,2022,965,672,15.8022,44.5087,152426
26860,2023,760,543,14.9031,34.8139,174116
26860,2024,856,599,15.6545,32.8475,179274
26860,2025,839,594,14.9864,38.125,172256
26900,2022,51862,36618,10.1019,37.213,336219
26900,2023,42601,30075,10.7414,25.9656,326597
26900,2024,44077,31289,11.9589,30.7014,322064
26900,2025,44891,31943,11.1752,36.5077,336187
26980,2022,4508,3761,4.004,28.8901,242899
26980,2023,3326,2709,4.96066,22.5779,267506
26980,2024,3114,2460,7.01175,27.003,262370
26980,2025,3634,2964,5.3681,28.8355,271721
27020,2022,288,218,7.81893,38.5915,183761
27020,2023,307,212,13.5659,25.0883,177123
27020,2024,311,225,14.0741,29.9065,191533
27020,2025,326,243,10.8303,34.5013,175082
27060,2022,963,756,9.87371,33.0381,282831
27060,2023,852,630,12.1131,22.3181,381905
27060,2024,822,596,12.117,21.4756,401594
27060,2025,856,640,10.2564,23.0769,351500
27100,2022,3264,2097,17.1253,40.3753,187852
27100,2023,2568,1665,17.1638,27.356,205703
27100,2024,2630,1814,15.5097,30.0424,222001
27100,2025,2615,1782,13.6508,35.7606,545718
27140,2022,11972,7404,19.0247,34.1808,268016
27140,2023,10324,6102,20.6718,28,240929
27140,2024,10831,6444,21.0538,31.9607,236378
27140,2025,11033,6733,19.6718,34.6184,250259
27180,2022,3483,2188,17.4355,39.1038,238163
27180,2023,2972,1885,16.709,32.1454,216804
27180,2024,2923,1899,16.1616,36.1466,232978
27180,2025,3090,1970,16.1889,38.7438,265838
27220,2022,810,537,10.9256,48.8084,1.39461e+06
27220,2023,586,368,12.3142,26.5469,1.11212e+06
27220,2024,576,364,14.6751,29.7297,1.16582e+06
27220,2025,640,402,12.9845,39.4578,1.32537e+06
27260,2022,50570,31035,15.9197,37.7682,361309
27260,2023,41660,26482,15.6348,23.2784,355555
27260,2024,39044,25850,14.1296,26.996,362159
27260,2025,37888,25513,13.329,29.7298,375060
27300,2022,430,314,15.8442,27.4827,115223
27300,2023,371,274,16.3142,19.883,121861
27300,2024,379,276,13.7615,23.3333,125181
27300,2025,448,288,21.6578,27.6382,140139
27340,2022,8370,6166,8.79168,21.8801,269137
27340,2023,5919,4185,11.0318,16.9478,280708
27340,2024,5751,4050,10.1511,30.2686,282096
27340,2025,5626,4088,9.22517,35.4696,301874
27380,2022,1190,587,28.8061,29.6163,232291
27380,2023,1193,507,39.4595,18.3575,240562
27380,2024,1077,462,38.4058,18.5185,234004
27380,2025,1119,471,36.1628,29.3853,234618
27420,2022,262,197,9.69163,47.8836,233122
27420,2023,261,202,7.58929,29.6167,228069
27420,2024,244,186,8.65385,34.965,216398
27420,2025,222,174,8.24742,37.1841,221552
27460,2022,1596,1212,14.246,30.4647,152814
27460,2023,1256,933,13.8838,25.5981,163542
27460,2024,1202,875,15.6015,23.4471,161743
27460,2025,1283,904,16.7111,26.6829,202710
27500,2022,2953,2316,8.70733,45.7992,229568
27500,2023,2637,2041,10.5802,35.1033,226029
27500,2024,2780,2197,9.87312,38.0603,232360
27500,2025,2823,2167,10.1079,44.4074,253505
27540,2022,482,366,10.8491,48.954,207787
27540,2023,433,303,13.0556,38.7879,208003
27540,2024,405,293,11.2094,45.841,200495
27540,2025,416,321,8.88889,50.463,237274
27600,2022,2956,2081,10.6829,31.7705,341088
27600,2023,3068,2126,12.7856,17.6288,361369
27600,2024,2874,2052,11.2331,23.9437,368397
27600,2025,2629,1853,10.3448,30.469,375372
27620,2022,2717,2029,8.62218,34.4003,209894
27620,2023,2282,1748,7.99595,26.0262,219462
27620,2024,2366,1831,6.11845,31.1913,236027
27620,2025,2593,1928,8.89292,38.9487,251520
27700,2022,843,436,32.2533,30.3514,200711
27700,2023,694,335,33.2707,29.0254,214851
27700,2024,690,372,28.2288,33.9254,203145
27700,2025,582,347,24.5283,40.8859,217651
27740,2022,4264,2754,13.0045,37.1376,285153
27740,2023,3535,2211,15.298,29.361,300749
27740,2024,3802,2383,15.2486,31.3652,311358
27740,2025,3997,2536,14.2582,35.83,311581
27780,2022,1629,1201,13.2301,40.9247,139713
27780,2023,1351,1027,12.7076,28.3821,133598
27780,2024,1321,994,13.4632,30.635,141519
27780,2025,1303,1029,10.6293,33.3549,154252
27860,2022,3042,2136,12.2634,28.7763,242219
27860,2023,2594,1724,15.1213,20.7721,202483
27860,2024,2565,1718,12.976,25.6277,206467
27860,2025,2842,1913,13.251,27.29,224367
27900,2022,4331,3014,10.2152,30.183,187031
27900,2023,3596,2441,11.9304,21.913,192321
27900,2024,3930,2667,11.7143,26.2037,194006
27900,2025,4049,2754,10.0595,29.5652,209535
27940,2022,599,473,4.26357,25.9781,395063
27940,2023,383,289,7.30159,19.4986,402474
27940,2024,418,303,6.91643,25.1852,415033
27940,2025,419,320,8.74317,26.4368,422250
27980,2022,2506,1710,12.0416,45.628,755977
27980,2023,1570,1016,13.5135,27.5837,767549
27980,2024,1454,952,13.2983,32.6256,871481
27980,2025,1352,889,14.3657,43.9824,862255
28020,2022,4992,3534,12.4252,41.2469,253325
28020,2023,4076,2846,12.0929,31.1229,248637
28020,2024,4285,2864,16.1327,38.4218,264249
28020,2025,4194,2819,14.8256,41.3319,264557
28060,2022,2265,1421,18.1458,46.6191,612924
28060,2023,1674,1074,17.3783,24.6316,587179
28060,2024,1693,1122,14.8065,34.881,558342
28060,2025,1842,1235,14.8475,43.2966,622789
28100,2022,2167,1490,14.2377,27.9149,180081
28100,2023,1670,1156,14.0714,20.5498,180744
28100,2024,1773,1184,15.8362,26.4139,192348
28100,2025,1747,1192,15.1847,33.7041,207022
28140,2022,45047,33857,7.0746,33.9066,322686
28140,2023,37218,27689,7.61256,22.9513,327091
28140,2024,38629,28946,7.73548,29.3862,323241
28140,2025,40342,30305,6.97381,34.1153,346561
28180,2022,877,573,13.2479,54.379,844180
28180,2023,588,382,13.9485,35.473,905654
28180,2024,612,392,16.9043,37.9747,896786
28180,2025,686,473,14.032,44.8718,916395
28260,2022,764,620,6.8915,29.3044,237000
28260,2023,622,500,9.30233,20.3822,223900
28260,2024,696,556,8.646,25.3691,298885
28260,2025,695,541,6.87919,35.3644,238697
28300,2022,1156,812,11.7586,41.1168,275111
28300,2023,871,600,12.9032,31.3501,292183
28300,2024,920,643,13.1613,32.6702,338577
28300,2025,1049,756,9.38215,39.5683,370238
28340,2022,853,634,10.2667,42.7281,188707
28340,2023,674,499,8.96552,34.5144,209028
28340,2024,712,531,10.789,38.0397,221573
28340,2025,687,493,10.1027,46.8177,220132
28380,2022,248,162,20.6573,33.3333,115370
28380,2023,253,147,21.0526,27.2277,117857
28380,2024,268,168,20.2643,20,123869
28380,2025,263,166,19.3694,27.5109,152048
28420,2022,5984,4493,9.15822,38.729,397738
28420,2023,4623,3324,10.8856,22.877,370484
28420,2024,5085,3866,7.76632,27.7518,378945
28420,2025,5399,4097,7.16776,34.0682,388908
28450,2022,0,0,,,
28450,2023,0,0,,,
28450,2024,2283,1678,11.5542,37.5744,299505
28450,2025,2201,1628,10.8453,46.1462,308716
28500,2022,992,579,19.2649,33.9795,380976
28500,2023,743,444,17.5379,24.2321,313041
28500,2024,790,479,18.9655,27.2036,324332
28500,2025,930,469,26.3889,34.2216,344467
28540,2022,145,111,5.51181,36.5714,374550
28540,2023,90,57,13.2353,25.974,377982
28540,2024,97,65,11.6883,30.1075,411923
28540,2025,135,85,17.9245,30.3279,412529
28580,2022,2327,1480,17.2526,32.3892,847446
28580,2023,1452,912,19.0641,20.2797,825406
28580,2024,1423,920,16.9002,26.7516,837033
28580,2025,1491,977,16.5837,30.4131,837876
28620,2022,2094,1481,8.68263,35.271,515736
28620,2023,1302,895,10.5513,20.7263,493291
28620,2024,1262,880,9.03674,25.801,522125
28620,2025,1339,989,7.94224,31.2717,530430
28660,2022,14979,9986,11.8606,24.2337,281037
28660,2023,11717,7670,13.3971,14.8724,292817
28660,2024,10817,7240,13.5107,24.6304,293431
28660,2025,11507,7740,13.1388,26.7184,296863
28680,2022,1967,1374,10.6692,27.874,274702
28680,2023,1547,1016,14.5765,21.423,286378
28680,2024,1543,1095,10.1124,30.5203,353164
28680,2025,1580,1122,10.5754,34.0388,316898
28700,2022,6506,4036,18.0847,35.5889,227507
28700,2023,5887,3496,20.7784,25.9008,233724
28700,2024,5815,3436,20,32.8382,249633
28700,2025,6358,3725,18.9001,35.5425,247373
28740,2022,2793,1961,12.7133,41.6195,378830
28740,2023,2056,1371,15.277,31.5527,357998
28740,2024,1939,1328,14.9573,34.7099,397169
28740,2025,2097,1423,14.121,36.8398,405822
28780,2022,479,274,17.3184,24.7253,279088
28780,2023,400,225,17.4061,19.3548,204422
28780,2024,330,191,20.155,29.2593,271859
28780,2025,296,174,16.2996,26.2712,224828
28820,2022,1039,572,24.1082,33.0994,170997
28820,2023,1006,548,27.6808,21.826,182518
28820,2024,950,523,25.8808,26.1299,190105
28820,2025,947,532,25.7636,33.3333,207669
28860,2022,380,277,12.0743,28.9744,165542
28860,2023,359,216,18.3453,20,161759
28860,2024,347,240,10.9541,25.4658,168167
28860,2025,395,264,11.875,28.6486,178939
28880,2022,0,0,,,
28880,2023,0,0,,,
28880,2024,8476,5877,14.5963,30.5729,407624
28880,2025,8311,5802,12.8912,36.1997,427780
28900,2022,1414,973,13.5506,40.743,268145
28900,2023,1048,674,13.6752,29.276,294332
28900,2024,1065,721,12.5,32.6797,272670
28900,2025,1156,782,11.6757,39.5205,279041
28940,2022,23134,14963,14.464,38.7164,341944
28940,2023,18547,11596,16.2729,31.0337,340540
28940,2024,20287,12495,17.2431,33.6819,369085
28940,2025,21147,13232,16.0529,37.8575,374701
29020,2022,1900,1317,14.3731,35.2189,176762
29020,2023,1664,1134,14.617,24.5007,161023
29020,2024,1829,1317,11.962,28.7723,179009
29020,2025,1828,1313,11.0394,33.5862,203667
29060,2022,1505,1048,13.4569,41.7454,396155
29060,2023,1188,842,11.2462,29.0051,416793
29060,2024,1120,796,10.0109,33.9419,438505
29060,2025,1239,857,11.6832,41.8983,460554
29100,2022,2101,1797,4.24306,40.6735,276630
29100,2023,1734,1431,5.50929,33.3799,268089
29100,2024,2211,1761,7.13552,35.1381,284875
29100,2025,2220,1830,5.81745,41.1576,293628
29180,2022,11395,6305,28.1506,28.4904,239850
29180,2023,9106,4781,29.1834,23.9058,225807
29180,2024,7680,4376,25.2323,24.041,244394
29180,2025,8243,4612,25.2944,28.5404,240566
29200,2022,3928,3026,7.60805,37.1808,259491
29200,2023,3014,2324,8.32697,28.9514,309544
29200,2024,3118,2388,8.6812,33.8137,294435
29200,2025,3367,2606,7.16981,37.7746,309010
29260,2022,428,329,9.06667,41.7699,264939
29260,2023,316,231,10.3846,25.4839,278723
29260,2024,283,187,12.3288,31.5018,279599
29260,2025,338,243,10.1449,41.866,286440
29300,2022,1925,1165,18.0108,34.3292,225515
29300,2023,1794,1015,22.0103,23.3384,225345
29300,2024,1748,1063,18.2749,30.4319,252686
29300,2025,1834,1165,15.5415,33.9195,234854
29340,2022,4277,2624,18.7573,32.3711,227127
29340,2023,3424,1914,25.0553,27.1967,231771
29340,2024,3528,2008,22.404,28.7185,255100
29340,2025,3623,2081,22.2959,31.2748,213712
29380,2022,1674,875,26.2372,34.7988,224543
29380,2023,1386,696,29.588,23.0088,222141
29380,2024,1159,616,26.7108,34.5377,247532
29380,2025,1285,647,28.777,32.6743,245989
29420,2022,6600,4253,13.0283,41.3541,290613
29420,2023,4796,3140,14.573,25.7508,279029
29420,2024,5008,3395,12.6851,30.9959,297884
29420,2025,5023,3606,10.4492,36.8144,298256
29460,2022,27796,16788,19.6268,29.269,305979
29460,2023,25130,15604,19.6467,14.7881,298670
29460,2024,23695,15152,19.6886,18.2167,294739
29460,2025,21773,13750,21.0917,22.7181,293327
29470,2022,1064,780,10.0897,37.6499,334423
29470,2023,970,664,12.1328,20.8582,328358
29470,2024,1037,731,11.8743,29.372,350814
29470,2025,1144,784,11.099,33.3333,352347
29540,2022,7724,5824,11.1341,43.1194,277890
29540,2023,6155,4535,11.4291,31.866,287576
29540,2024,6437,4708,12.351,33.5872,290769
29540,2025,6738,5091,10.3033,39.7301,308538
29620,2022,9982,7123,13.9664,35.4099,217281
29620,2023,8258,5635,15.9478,22.415,206365
29620,2024,7025,4897,15.624,28.3645,220301
29620,2025,7365,5034,14.8455,34.5298,250105
29660,2022,659,551,6.20805,30.3413,299973
29660,2023,481,375,6.65025,20.8861,313160
29660,2024,581,437,9.18367,19.5212,334428
29660,2025,586,448,8.49802,29.8905,336183
29700,2022,3532,2248,18.2532,21.2334,231237
29700,2023,3248,1965,22.9715,11.6059,224583
29700,2024,3223,2046,18.6073,14.2857,251329
29700,2025,3566,2237,20.0735,16.5299,250592
29740,2022,5398,3077,23.0567,28.7896,239095
29740,2023,4265,2358,23.7053,19.4397,254750
29740,2024,4569,2572,23.5261,25.406,250074
29740,2025,4393,2550,21.6272,29.0879,267722
29780,2022,500,195,40.9605,40.184,199205
29780,2023,491,187,43.2877,29.6992,200775
29780,2024,446,170,42.1053,25.4386,199765
29780,2025,545,181,46.3158,25.5144,211740
29820,2022,53186,34861,12.9644,39.1765,418397
29820,2023,42500,28657,12.8337,18.2816,394794
29820,2024,44469,30760,12.2149,25.289,419361
29820,2025,40300,28074,11.7318,33.7534,442364
29860,2022,1631,687,40.2789,46.7442,161900
29860,2023,1486,598,41.0745,42.3337,156906
29860,2024,1341,613,33.5893,42.8172,162684
29860,2025,1423,652,33.5125,47.0779,164202
29900,2022,723,328,36.5492,30.9474,187256
29900,2023,624,268,39.2625,22.3188,177761
29900,2024,584,219,44.9772,32.4074,180936
29900,2025,615,264,36.5256,37.2922,196439
29940,2022,1862,1477,7.40968,33.3784,298473
29940,2023,1489,1133,10.1236,23.0821,279545
29940,2024,1524,1186,8.72837,27.8589,350556
29940,2025,1598,1224,8.15577,34.5104,349461
29980,2022,951,612,14.2292,40.8124,221046
29980,2023,681,433,16.8207,34.4932,215346
29980,2024,676,451,14.2857,37.5346,233780
29980,2025,761,508,13.9384,39.2344,248307
30020,2022,2670,1925,10.6421,24.3615,188070
30020,2023,2338,1634,11.9457,17.4747,188764
30020,2024,2289,1582,11.3137,24.1611,192845
30020,2025,2398,1609,14.3655,32.706,208841
30060,2022,848,493,23.3728,32.4658,206501
30060,2023,708,389,26.6187,28.0961,195977
30060,2024,717,397,22.4678,30.4729,202960
30060,2025,902,406,34.7705,36.4632,206108
30140,2022,2102,1630,10.0742,40.6409,242982
30140,2023,1816,1325,13.4078,31.5245,230449
30140,2024,2005,1512,11.3356,31.304,245033
30140,2025,1933,1482,9.43728,37.9137,285951
30150,2022,3649,2505,12.8385,41.2386,353643
30150,2023,3070,2104,13.959,27.6479,344758
30150,2024,2981,2073,13.3763,30.5993,360697
30150,2025,3212,2238,12.7876,37.7815,371197
30180,2022,324,271,6.41892,38.6878,230351
30180,2023,243,188,8.8785,25.9843,229574
30180,2024,285,221,9.34959,24.3151,236131
30180,2025,287,229,8.10811,33.815,284913
30260,2022,429,328,10.7612,42.9565,246402
30260,2023,388,268,13.2132,30.7494,270373
30260,2024,341,263,9.27152,31.1518,257700
30260,2025,406,304,9.48276,36.7983,295461
30280,2022,1143,792,9.78261,38.6522,278346
30280,2023,860,614,10.043,28.6876,287606
30280,2024,777,537,8.69565,35.3791,293994
30280,2025,931,673,11.0256,39.3147,291642
30300,2022,1050,792,8.95197,46.5226,281288
30300,2023,857,627,7.98319,29.0724,282113
30300,2024,813,604,8.4058,38.8664,301192
30300,2025,947,700,7.35661,43.0431,321714
30340,2022,2169,1523,12.148,38.0643,260660
30340,2023,1726,1212,11.8331,25.9621,281031
30340,2024,1839,1349,10.0257,30.8205,316549
30340,2025,1747,1262,10.2319,39.2393,339493
30380,2022,562,429,12.5984,40.4993,151410
30380,2023,457,352,10.4478,33.2068,152841
30380,2024,501,379,11.3122,29.6846,169934
30380,2025,455,349,9.82368,39.8276,171905
30420,2022,332,256,8.99654,33.3333,185156
30420,2023,248,183,14.3519,21.1207,182869
30420,2024,403,278,19.2635,21.0227,175072
30420,2025,351,263,8.84354,30.7895,182985
30460,2022,9692,7215,8.52886,38.601,305126
30460,2023,7353,5303,10.1572,30.352,310902
30460,2024,7940,5829,10.1434,32.5425,338894
30460,2025,8370,5989,9.21829,39.8272,355868
30500,2022,0,0,,,
30500,2023,0,0,,,
30500,2024,3483,2544,6.47482,34.2126,402260
30500,2025,3407,2507,6.50585,39.9377,426711
30580,2022,236,158,9.94764,26.8519,178291
30580,2023,168,112,13.4752,24.3243,155714
30580,2024,151,121,8.20896,31.25,167149
30580,2025,177,129,9.45946,34.5178,229806
30620,2022,1736,1273,9.77288,34.7848,165825
30620,2023,1449,1022,14.6656,26.6858,179041
30620,2024,1594,1112,13.4746,27.4625,206888
30620,2025,1786,1173,12.0464,33.0479,208879
30660,2022,448,346,10.101,27.4633,123728
30660,2023,387,309,8.16327,19.7403,123544
30660,2024,404,341,8.0429,22.1461,130073
30660,2025,421,338,7.83784,32.2645,137751
30700,2022,6296,5166,4.46866,33.5563,286303
30700,2023,5409,4353,5.59662,21.5676,283544
30700,2024,5568,4400,5.74353,27.4047,274823
30700,2025,6060,4842,5.04587,32.6752,304851
30780,2022,18626,12308,14.4195,28.0655,287229
30780,2023,15618,9694,17.8983,18.9533,252213
30780,2024,16139,9843,16.5988,25.0057,261162
30780,2025,16410,10765,14.3979,29.8331,265019
30820,2022,580,432,11.5308,45.1777,177778
30820,2023,439,345,10.25,35.0282,179928
30820,2024,441,352,9.04523,35.0554,189403
30820,2025,480,369,10.4895,38.806,197466
30860,2022,2960,2068,9.3711,44.6615,386523
30860,2023,2205,1569,10.7415,30.0178,374547
30860,2024,2275,1624,9.44504,34.5952,363270
30860,2025,2360,1719,7.40365,41.6695,399619
30900,2022,557,396,12.2449,37.4408,147323
30900,2023,519,357,15.9329,29.8625,142367
30900,2024,586,442,9.96241,28.363,150633
30900,2025,532,384,12.2622,38.4615,170547
30980,2022,6341,3554,24.3816,27.8522,243593
30980,2023,5615,2942,28.6813,19.3088,235615
30980,2024,5269,2792,27.8057,24.5405,240788
30980,2025,5516,2903,25.8139,29.4875,247353
31020,2022,2752,1884,11.0013,38.8113,351083
31020,2023,1912,1346,8.69565,24.169,352385
31020,2024,1839,1337,9.29032,36.725,342801
31020,2025,2147,1561,7.51837,40.2602,348088
31060,2022,517,404,5.90909,27.7281,396510
31060,2023,418,307,7.33138,16.1202,426401
31060,2024,459,343,8.99743,20.4176,440860
31060,2025,423,312,8.3815,29.8876,455801
31080,2022,125351,82567,12.2505,53.582,934740
31080,2023,89484,57450,13.0685,33.2853,839237
31080,2024,90855,59615,12.4414,42.352,880009
31080,2025,89749,58739,12.1196,51.142,938379
31140,2022,28939,20307,11.3947,37.3144,314494
31140,2023,23749,16340,12.1157,27.0471,280149
31140,2024,26202,18344,12.3655,29.7972,279371
31140,2025,27229,19302,11.4777,34.9203,319677
31180,2022,7964,5850,10.0341,21.6238,307207
31180,2023,7090,4796,14.4123,11.4966,241522
31180,2024,7618,4970,16.301,15.2745,246082
31180,2025,7509,5074,14.1812,20.5823,265877
31220,2022,404,255,16.0714,45.3961,224647
31220,2023,294,188,15.9664,28.5171,231117
31220,2024,317,230,11.8959,39.9478,269043
31220,2025,374,248,16.5584,45.8515,343468
31260,2022,1687,893,26.8657,22.1447,217385
31260,2023,1466,719,31.6652,15.5112,216377
31260,2024,1497,724,31.1242,17.8207,219586
31260,2025,1459,740,25.475,21.6102,223324
31300,2022,2468,808,50.388,29.4323,198342
31300,2023,2825,857,53.33,19.6813,182258
31300,2024,2234,776,47.0049,29.4545,183969
31300,2025,2076,751,42.0613,36.8908,209820
31340,2022,5445,3766,13.7182,34.833,270871
31340,2023,4550,2995,15.8491,27.4994,256823
31340,2024,4871,3250,14.2455,28.6342,268006
31340,2025,4840,3379,12.2969,33.3925,293858
31380,2022,386,272,14.6341,19.2878,117059
31380,2023,317,228,9.30233,15.5556,114079
31380,2024,268,204,11.588,19.3676,129363
31380,2025,307,220,11.7188,21.147,123182
31420,2022,4851,2908,18.8064,30.6794,249474
31420,2023,3617,2137,18.8598,26.7649,251453
31420,2024,3661,2249,17.2294,33.3037,249117
31420,2025,3908,2368,17.8109,37.1883,240959
31500,2022,653,450,14.5191,40.9449,192489
31500,2023,520,349,15.4545,35.0093,200501
31500,2024,529,364,15.9292,39.6352,240879
31500,2025,578,402,15.9274,38.8128,215697
31540,2022,11461,9305,5.04401,44.7053,388991
31540,2023,8761,7107,5.25016,40.908,396200
31540,2024,9501,7588,5.74435,40.5189,421326
31540,2025,10017,8023,5.47081,45.7759,472314
31580,2022,1005,549,26.9939,41.5335,155601
31580,2023,870,469,26.5335,31.3324,162079
31580,2024,788,420,31.2217,35.7798,191190
31580,2025,770,445,20.603,42.1326,202685
31620,2022,435,170,45.961,35.6061,178471
31620,2023,422,170,46.1756,22.7273,177824
31620,2024,390,144,45.2229,27.2727,185694
31620,2025,446,185,39.9457,27.451,179108
31680,2022,804,356,37.3041,27.1984,163596
31680,2023,786,320,39.7709,23.445,158688
31680,2024,827,313,40,31.3596,158674
31680,2025,831,347,36.4929,31.8271,171974
31700,2022,7209,5351,9.45902,43.135,449102
31700,2023,5609,4115,8.93581,28.8185,391440
31700,2024,5535,4089,8.93049,35.8789,441826
31700,2025,5979,4395,8.83833,44.7239,484199
31740,2022,2798,2129,8.62285,23.0296,222450
31740,2023,2226,1687,8.6518,18.2259,222777
31740,2024,2302,1696,11.9718,26.6753,234965
31740,2025,2289,1663,10.4961,31.6201,264916
31820,2022,1328,1011,8.90052,43.7396,190668
31820,2023,935,743,7.62712,34.1895,191272
31820,2024,1127,860,9.41658,41.2969,213326
31820,2025,1186,947,8.03738,45.4807,244535
31860,2022,1554,1229,7.52212,33.8536,318084
31860,2023,1278,997,9.03399,20.621,283556
31860,2024,1294,994,9.22939,25.0377,334326
31860,2025,1351,1018,8.5863,31.6779,318900
31900,2022,2085,1589,8.6159,36.7436,168537
31900,2023,1771,1244,9.35754,26.3033,176125
31900,2024,1816,1335,10.9686,28.6096,184393
31900,2025,1892,1357,10.3448,35.5038,199687
31930,2022,826,568,10.597,38.1937,197183
31930,2023,713,445,15.2632,32.8808,185270
31930,2024,693,445,16.7568,38.9575,210888
31930,2025,689,428,17.3993,41.0468,216449
31940,2022,1038,807,8.3878,39.0483,167392
31940,2023,864,663,10.4922,28.0911,172738
31940,2024,892,673,9.37099,36.148,179473
31940,2025,949,697,10.2906,42.9624,207654
31980,2022,938,644,13.1936,36.5517,165637
31980,2023,934,610,14.665,26.2394,164492
31980,2024,948,666,13.5036,31.3402,151817
31980,2025,897,603,13.2886,39.6396,175630
32000,2022,936,564,17.4274,40.1909,288103
32000,2023,740,415,21.9643,24.6824,269265
32000,2024,729,404,20.696,34.6278,302475
32000,2025,839,472,21.2598,34.5354,301695
32020,2022,986,703,10.8911,39.8631,165242
32020,2023,955,657,12.9987,29.4307,163782
32020,2024,981,687,8.06242,31.5737,199221
32020,2025,995,683,12.0301,37.1087,205073
32060,2022,1350,910,13.7962,27.2,169495
32060,2023,1066,749,14.2546,22.9424,157510
32060,2024,1155,740,13.7681,24.0246,184432
32060,2025,1037,715,10.2871,27.7778,187531
32100,2022,844,632,10.4972,37.2393,218608
32100,2023,697,511,10.906,29.7111,224804
32100,2024,640,486,9.02527,32.028,246564
32100,2025,665,492,10.1045,40.6514,263354
32140,2022,330,273,3.15789,26.8097,190934
32140,2023,253,220,3.93013,20,194773
32140,2024,252,201,7.65766,25,227886
32140,2025,262,215,7.65957,30.6452,193512
32180,2022,387,296,7.36196,26,136723
32180,2023,319,237,10.3704,26.3975,153523
32180,2024,321,234,12.5926,35.8904,147692
32180,2025,328,237,11.8081,38.601,167152
32260,2022,520,401,9.64912,31.6865,170037
32260,2023,434,347,9.56072,17.9669,151657
32260,2024,457,361,9.46602,21.179,164252
32260,2025,487,384,9.74478,29.927,151302
32280,2022,452,276,18.2825,42.0168,186087
32280,2023,400,228,20.5212,35.0427,191798
32280,2024,432,258,21.5116,39.5785,197326
32280,2025,440,275,20.4852,37.6417,256527
32300,2022,888,570,17.8571,33.7209,178193
32300,2023,910,475,29.7486,29.8375,168432
32300,2024,946,532,24.0216,31.7073,180545
32300,2025,908,517,20.5128,36.6422,187747
32340,2022,317,247,7.14286,34.3085,173785
32340,2023,229,175,9.5,23.2456,173686
32340,2024,312,225,11.4943,29.0221,199578
32340,2025,241,193,5.76923,30.5755,206036
32380,2022,555,437,8.48861,27.1667,189828
32380,2023,447,359,7.32323,13.7019,197702
32380,2024,417,320,7.56303,23.8095,181969
32380,2025,498,378,9.00693,28.4091,209259
32390,2022,873,583,17.862,31.733,147676
32390,2023,716,480,17.1381,18.2283,152229
32390,2024,735,481,18.9793,21.1475,167474
32390,2025,804,512,18.2779,27.2727,169473
32460,2022,557,326,24.5119,30.9322,171902
32460,2023,485,262,28.6089,25.779,170191
32460,2024,586,324,24.569,29.2576,167623
32460,2025,580,394,14.8454,26.6294,180914
32540,2022,788,473,20.5928,30.5433,210180
32540,2023,767,409,27.2876,21.1946,195318
32540,2024,734,397,25.9005,27.5547,225831
32540,2025,782,413,25.9016,33.0632,278123
32580,2022,9975,5665,21.4539,29.9406,243259
32580,2023,8748,4915,23.0735,20.4564,267513
32580,2024,9428,5372,22.5736,23.7149,263276
32580,2025,9626,5543,22.5294,27.324,261794
32620,2022,1183,440,45.0221,35.3891,152386
32620,2023,1016,368,43.1907,32.2284,155870
32620,2024,1047,383,46.5538,31.362,157272
32620,2025,1169,412,45.8023,33.9744,159587
32660,2022,807,542,15.4532,41.5318,216292
32660,2023,760,469,21.4173,30.9278,228028
32660,2024,715,452,16.4336,36.338,242168
32660,2025,737,437,19.0972,44.3312,263169
32700,2022,317,240,9.25926,25,182458
32700,2023,304,251,4.77941,28.49,171614
32700,2024,412,344,5.97826,24.3956,194360
32700,2025,335,271,9.21053,32.5871,206144
32740,2022,1046,745,15.5629,42.7803,162409
32740,2023,818,600,12.4294,32.7354,162067
32740,2024,797,568,14.2438,36.6778,173891
32740,2025,816,610,13.1653,37.1782,186738
32780,2022,4371,3108,7.70962,39.0708,380299
32780,2023,3202,2199,10.4325,21.4362,389247
32780,2024,3289,2369,8.01904,25.8297,383987
32780,2025,3578,2468,8.20712,32.3279,371673
32820,2022,24472,16938,11.9653,38.0853,303450
32820,2023,20169,13579,13.224,27.729,281207
32820,2024,20090,13888,11.9155,31.3257,278422
32820,2025,19326,13375,12.0673,36.3217,299269
32860,2022,706,499,10.5802,38.9976,252816
32860,2023,616,405,15.8513,26.2295,261420
32860,2024,597,429,11.8447,30.2439,261317
32860,2025,636,438,12.6394,40.8108,259338
32900,2022,3979,2708,10.2621,41.5624,359583
32900,2023,2852,1888,12.7697,23.1583,351245
32900,2024,3037,2077,12.4141,28.3546,355241
32900,2025,2839,2019,10.956,33.89,360527
32940,2022,1407,761,24.5266,32.3556,245315
32940,2023,1237,604,31.2826,29.108,167550
32940,2024,1304,675,30.8769,26.5506,167444
32940,2025,1393,759,25.729,31.8671,167503
33020,2022,490,342,12.9902,28.4519,144854
33020,2023,395,278,10.0629,16.5165,145683
33020,2024,375,259,10,27.2472,162220
33020,2025,394,289,9.7561,31.5166,167076
33060,2022,437,257,21.0375,29.7814,145272
33060,2023,381,218,20.8054,19.5572,150826
33060,2024,420,252,17.5926,23.8671,155040
33060,2025,379,209,22.069,32.5806,180933
33100,2022,115711,71237,18.0373,36.8298,512518
33100,2023,93258,55995,20.2985,22.8613,492834
33100,2024,87823,53294,20.2787,29.1501,558162
33100,2025,81084,50328,18.8049,34.6322,597143
33140,2022,2027,1441,11.0114,42.7493,209726
33140,2023,1639,1172,13.7491,31.502,235631
33140,2024,1655,1156,13.5328,37.6147,246851
33140,2025,1605,1087,15.2932,44.8223,236978
33180,2022,409,157,41.4791,29.2793,136847
33180,2023,516,155,56.7237,17.9894,131452
33180,2024,446,126,55.1929,26.3158,137381
33180,2025,455,125,58.3832,27.3256,159720
33220,2022,1685,1276,9.97921,36.8942,214169
33220,2023,1248,960,6.95901,23.6277,215938
33220,2024,1194,904,8.83813,28.254,225354
33220,2025,1168,891,8.23171,37.9094,260331
33260,2022,5947,3636,21.9286,15.3828,308974
33260,2023,5475,3155,24.5614,5.849,309745
33260,2024,5722,3371,23.2886,11.3595,315552
33260,2025,6084,3607,22.2449,16.2137,320115
33300,2022,614,362,23.7805,39.6667,274392
33300,2023,591,315,26.6376,28.733,236524
33300,2024,482,268,19.8347,36.9412,291754
33300,2025,526,307,20.7317,39.9217,357410
33340,2022,25781,19621,8.61359,41.0657,332935
33340,2023,20076,15189,8.91915,31.5811,338629
33340,2024,20676,15629,8.72286,38.369,322316
33340,2025,21711,16492,8.36065,43.5283,356261
33380,2022,788,414,29.1277,32.2422,156787
33380,2023,689,320,34.6369,32.4895,154125
33380,2024,563,282,28.6364,32.2115,166206
33380,2025,658,316,33.6502,35.5102,186899
33420,2022,794,497,18.818,29.8023,336147
33420,2023,744,381,30.303,19.7895,351430
33420,2024,695,363,23.6036,24.5322,364697
33420,2025,588,353,19.1083,30.7843,310722
33460,2022,73116,57027,6.7718,33.3368,375268
33460,2023,57919,44359,7.7199,18.2398,358541
33460,2024,61333,47051,7.90166,21.7655,353088
33460,2025,60913,47081,7.42583,29.2515,385687
33500,2022,0,0,,,
33500,2023,0,0,,,
33500,2024,1195,930,6.0396,23.5197,263344
33500,2025,1121,912,4.02893,31.8386,292325
33540,2022,1906,1390,11.6698,38.9548,502835
33540,2023,1495,1024,12.7606,22.483,438418
33540,2024,1436,997,11.8002,31.7591,466264
33540,2025,1661,1168,9.22731,37.8062,480017
33580,2022,391,318,4.71976,28.3784,201887
33580,2023,254,220,3.50877,24.3986,248136
33580,2024,322,258,7.19424,25.2174,240078
33580,2025,275,222,6.61157,36.9318,274595
33620,2022,479,336,10.5528,35.2601,160506
33620,2023,454,290,16.3978,27.8607,181517
33620,2024,417,301,10.4651,28.5036,190947
33620,2025,474,320,11.1413,35.6137,193906
33660,2022,8761,5351,19.5381,34.7041,262843
33660,2023,7437,4354,21.4358,25.1504,230023
33660,2024,6731,4264,16.9654,29.7991,232699
33660,2025,6727,4254,17.2021,34.3113,249948
33700,2022,7534,5313,10.5999,45.7192,389734
33700,2023,5492,3693,12.7121,25,397280
33700,2024,5774,4117,10.3535,30.6552,399498
33700,2025,5763,4079,11.5345,37.0913,411247
33740,2022,3861,2206,23.0344,36.6092,218613
33740,2023,3264,1674,28.4038,29.5158,207706
33740,2024,3516,1826,29.5302,32.8182,198439
33740,2025,3842,2008,29.1087,35.2258,225533
33780,2022,3215,2134,15.8083,40.441,216612
33780,2023,2519,1666,16.318,29.5262,211417
33780,2024,2698,1754,18.0378,33.6611,229521
33780,2025,2740,1832,17.8006,42.2264,237347
33860,2022,9404,5763,19.7346,30.9655,261323
33860,2023,7082,4335,18.7478,26.1499,243503
33860,2024,7406,4679,18.3667,32.1097,240869
33860,2025,7670,4784,17.7655,35.543,247983
33900,2022,513,363,9.36768,37.7358,197121
33900,2023,438,317,13.5638,30.6346,235315
33900,2024,378,291,8.07453,38.0851,217784
33900,2025,356,269,10.2564,45.102,217305
33910,2022,1858,1158,20.8701,33.1023,276313
33910,2023,1437,892,20.1022,29.4862,299563
33910,2024,1410,859,20.7803,35.0227,298329
33910,2025,1349,829,17.9417,37.5283,341164
33940,2022,1083,705,14.8148,40.6566,331227
33940,2023,831,549,12.098,26.506,342523
33940,2024,767,516,11.36,33.9309,322752
33940,2025,866,602,11.8457,33.9188,345033
33980,2022,2365,1671,9.55115,34.8284,388351
33980,2023,1899,1237,14.7584,23.6891,384879
33980,2024,1711,1162,11.217,30.5854,451687
33980,2025,1828,1284,10.7599,34.9544,425724
34020,2022,717,319,41.4384,34.6311,160768
34020,2023,523,225,41.8605,30.9816,148422
34020,2024,502,220,40.5405,30.8176,162136
34020,2025,532,249,36.6071,29.661,168815
34060,2022,2666,1768,16.0218,27.5113,273088
34060,2023,2060,1322,17.9669,19.3902,272700
34060,2024,1975,1266,16.0277,22.7106,292425
34060,2025,2090,1353,14.8657,25.5366,310196
34100,2022,3825,2210,19.3024,37.2337,265186
34100,2023,3301,1843,23.1427,29.3057,261207
34100,2024,2498,1448,20.9959,38.4354,284655
34100,2025,2630,1539,19.8141,41.9245,300133
34140,2022,536,403,8.02603,40.9956,397978
34140,2023,423,303,7.86517,28.5377,376683
34140,2024,456,320,9.32642,31.7697,382312
34140,2025,462,335,6.45995,43.4122,379627
34180,2022,1867,1310,10.974,37.5298,309908
34180,2023,1401,949,15.0927,22.6569,317771
34180,2024,1495,1061,10.675,27.3288,306122
34180,2025,1631,1172,11.6463,32.2152,314420
34220,2022,569,275,35.5748,42.8274,185327
34220,2023,564,247,43.5789,33.9572,211194
34220,2024,646,255,46.7412,36.0902,197196
34220,2025,587,268,33.691,42.735,242649
34260,2022,1034,745,6.80437,33.1839,190651
34260,2023,774,540,9.6248,21.7391,215204
34260,2024,816,552,9.09091,29.771,227192
34260,2025,814,562,10.7198,35.0289,218488
34300,2022,765,567,8.54037,37.6923,310644
34300,2023,600,413,9.22131,27.4165,302143
34300,2024,572,410,9.03361,30.1533,310049
34300,2025,734,515,10.9477,36.1834,301777
34340,2022,1287,801,18.9137,39.91,214588
34340,2023,1120,651,21.7292,29.085,204939
34340,2024,999,641,16.3057,33.8493,220694
34340,2025,980,610,18.2055,44.5455,226656
34380,2022,980,712,13.1673,34.1959,210000
34380,2023,775,563,14.2857,22.3448,171377
34380,2024,828,554,15.4971,27.5817,197220
34380,2025,865,615,15.0667,30.3511,203049
34420,2022,1071,662,17.7528,26.2806,229532
34420,2023,955,484,32.0513,21.8094,228864
34420,2024,964,510,25.887,24.6677,225686
34420,2025,957,483,27.9101,29.1789,248996
34460,2022,1132,613,25.29,33.0786,173124
34460,2023,918,492,27.514,27.003,167012
34460,2024,965,484,28.5513,32.4965,196446
34460,2025,994,503,27.973,35.6777,193052
34500,2022,477,304,21,37.1901,130296
34500,2023,494,335,15.1807,15.1899,118463
34500,2024,498,287,23.1738,24.2744,151760
34500,2025,526,291,25.2451,28.5012,145275
34540,2022,1077,813,9.67391,41.9286,226476
34540,2023,888,643,8.07114,31.9577,265886
34540,2024,937,695,8.06242,36.7031,258712
34540,2025,1091,805,7.93296,37.6935,268168
34580,2022,2420,1717,9.27254,40.1116,481232
34580,2023,1841,1243,13.0142,22.9864,452144
34580,2024,1727,1253,8.79044,31.7166,450922
34580,2025,1859,1350,9.27238,37.8739,468852
34620,2022,2072,1477,11.7814,36.7723,168318
34620,2023,1716,1201,11.7117,30.3364,177864
34620,2024,1927,1328,12.8457,33.8975,162018
34620,2025,1966,1286,15.0278,39.5393,1.0448e+06
34660,2022,633,367,26.7925,32.2878,232302
34660,2023,454,256,22.1289,27.0655,216719
34660,2024,465,251,24.4032,26.6082,208546
34660,2025,516,338,16.4733,31.5789,261065
34680,2022,2028,1244,21.2139,29.638,368666
34680,2023,1555,889,24.5012,18.14,376541
34680,2024,1584,836,28.4219,26.0831,411818
34680,2025,1484,861,23.0318,31.9368,415778
34700,2022,632,493,8.11808,32.6503,184716
34700,2023,575,432,9.79592,28.2392,175394
34700,2024,592,455,11.0465,28.5714,173374
34700,2025,539,411,12.7349,33.8164,184562
34740,2022,3610,2418,14.9738,41.1822,201447
34740,2023,3197,2116,15.5753,28.61,212335
34740,2024,3164,2219,13.368,32.9607,213071
34740,2025,3205,2204,14.3069,41.8776,239270
34780,2022,1243,758,17.4213,30.0092,166847
34780,2023,1016,604,20.0969,23.1552,172897
34780,2024,1171,654,23.6479,26.1017,195321
34780,2025,1175,649,23.0601,32.6763,193151
34820,2022,25994,16865,15.9029,26.1311,311677
34820,2023,22992,14615,17.6776,15.2213,313883
34820,2024,15630,10048,18.6771,20.4686,283048
34820,2025,15453,10097,17.1665,25.1631,301331
34860,2022,996,565,21.5909,24.9668,227867
34860,2023,890,440,30.791,17.9104,222477
34860,2024,984,496,28.4251,17.3333,237661
34860,2025,1067,527,28.5211,22.0414,243539
34880,2022,357,270,9.24092,54.3147,2.06485e+06
34880,2023,219,144,14.4509,35.1351,2.30125e+06
34880,2024,258,174,12.4402,31.2253,2.00902e+06
34880,2025,283,186,12.5,37.5839,2.41113e+06
34900,2022,1582,1048,12.1309,53.6078,805840
34900,2023,1200,782,11.4519,30.1162,688095
34900,2024,1189,821,11.1111,39.6767,784671
34900,2025,1239,836,11.893,46.6496,885132
34940,2022,11609,7631,12.882,32.2833,599204
34940,2023,9387,6043,16.1571,16.0928,591182
34940,2024,8241,5585,14.3558,21.7239,607374
34940,2025,7753,5336,13.8797,27.4606,660135
34980,2022,52532,36021,10.3024,40.3882,489101
34980,2023,42763,29936,9.85301,25.8716,450162
34980,2024,43758,30690,9.67687,29.8274,466960
34980,2025,43356,30548,9.48554,36.3716,489611
35020,2022,880,385,39.7644,30.3797,159727
35020,2023,737,269,47.986,28.0749,157788
35020,2024,720,260,50,30.6667,163115
35020,2025,878,313,44.733,32.1041,155479
35060,2022,681,308,33.1395,31.8584,204610
35060,2023,620,234,45.0207,27.3292,232863
35060,2024,584,258,37.6842,25,205659
35060,2025,647,255,41.4,28.3708,198843
35100,2022,3729,2458,13.8151,30.3683,251570
35100,2023,2707,1727,15.0397,22.2772,256257
35100,2024,2830,1839,15.7383,29.5942,279269
35100,2025,2905,1942,15.0296,35.4388,311555
35140,2022,791,420,25.6117,35.6815,259667
35140,2023,655,352,30.5085,19.2661,269432
35140,2024,601,341,25.9875,28.0591,279252
35140,2025,634,332,23.2848,38.175,296867
35220,2022,875,618,9.90237,39.0533,166214
35220,2023,745,509,13.3987,30.9362,179578
35220,2024,861,583,11.7647,36.2144,171552
35220,2025,746,532,11.0048,42.7957,188947
35300,2022,14061,9998,11.8586,37.7808,314514
35300,2023,11544,8108,12.0811,26.4247,312142
35300,2024,7108,4980,11.9035,32.5386,332659
35300,2025,7057,5028,10.7711,39.312,377496
35340,2022,1036,494,37.4255,40.5535,177713
35340,2023,976,476,31.6845,27.8788,183319
35340,2024,907,421,36.8984,28.0342,177922
35340,2025,854,426,30.4221,33.124,189507
35380,2022,23966,15229,14.4663,31.7697,318064
35380,2023,16932,10430,17.6139,24.5951,304634
35380,2024,10913,6891,16.3105,28.9514,306770
35380,2025,10785,6814,15.7075,34.9561,313427
35420,2022,970,711,12.381,38.0662,172637
35420,2023,814,585,11.4035,32.6812,184419
35420,2024,889,673,11.0256,30.6186,194465
35420,2025,892,658,12.7273,40.4525,205410
35440,2022,1361,874,10.4008,39.7657,405000
35440,2023,953,578,12.9346,23.3422,377128
35440,2024,932,605,11.7021,31.7156,382025
35440,2025,1002,638,11.7723,36.9565,380063
35460,2022,734,335,30.7692,37.8479,214164
35460,2023,638,267,37.5783,31.3625,215524
35460,2024,664,295,33.2645,29.9287,224729
35460,2025,715,337,33.3952,35.9316,238591
35580,2022,377,324,6.51558,29.2576,202315
35580,2023,303,249,6.88406,21.9436,169337
35580,2024,323,268,6.2069,19.0332,172724
35580,2025,330,249,8.12721,31.9672,233394
35620,2022,187003,126416,12.2251,36.7648,681030
35620,2023,135856,89069,13.2123,23.8414,640025
35620,2024,168906,111224,12.7616,30.0628,632911
35620,2025,172746,114535,11.9069,37.4652,685589
35660,2022,3103,2137,13.0957,41.3073,268463
35660,2023,2631,1700,14.4335,27.9356,263059
35660,2024,2745,1804,14.8727,32.4345,279002
35660,2025,2758,1781,15.9479,38.7762,925556
35700,2022,776,513,9.05983,44.4805,272427
35700,2023,571,380,11.9369,35.0427,276763
35700,2024,633,426,12.2,33.8509,276315
35700,2025,664,473,10.2752,42.6667,279376
35740,2022,541,433,7.33753,31.7035,217333
35740,2023,447,357,9.67742,24.0426,215756
35740,2024,512,389,10.8889,29.0146,215231
35740,2025,536,414,7.97414,35.514,229952
35820,2022,494,365,11.4219,33.3942,173356
35820,2023,414,304,14.7945,19.5767,170888
35820,2024,467,342,13.4804,26.9231,178626
35820,2025,560,396,14.8847,31.6062,215909
35840,2022,26891,17388,12.7332,33.7423,452158
35840,2023,24563,16236,13.2937,15.5343,417489
35840,2024,23229,15873,13.2915,19.5652,419247
35840,2025,23415,16139,13.5058,23.6421,452001
35900,2022,1057,620,20.5562,39.9225,223887
35900,2023,951,518,26.9179,31.0253,229691
35900,2024,853,473,24.8862,35.8209,260666
35900,2025,962,559,20.7547,38.5039,231190
35940,2022,748,557,10.3774,42.3992,157083
35940,2023,647,452,13.5185,29.9225,179204
35940,2024,727,533,11.165,30.599,197101
35940,2025,711,484,16.113,37.8691,194029
35980,2022,5245,3747,9.21637,38.0866,328128
35980,2023,4021,2876,9.93337,25.8381,322882
35980,2024,4113,2871,12.3748,31.8538,330458
35980,2025,4310,3069,9.20753,36.4465,371898
36020,2022,2045,1446,8.98533,40.0498,479308
36020,2023,1544,1086,9.4431,23.3051,468416
36020,2024,1515,1051,8.85329,32.5417,484267
36020,2025,1643,1215,6.65669,38.914,511938
36100,2022,13725,8438,17.5683,31.197,256887
36100,2023,13262,8347,17.6392,18.3747,247898
36100,2024,13059,8408,18.0102,22.6922,248858
36100,2025,12774,8304,17.9251,25.8704,255800
36180,2022,2572,1869,10.0325,29.7104,330158
36180,2023,2014,1414,12.1879,15.6325,332447
36180,2024,2144,1528,11.4254,19.1106,347533
36180,2025,2031,1443,11.6883,27.451,361701
36220,2022,5270,2483,36.2658,16.7337,232040
36220,2023,5064,2366,36.9683,6.11111,229256
36220,2024,5463,2565,36.3215,9.65129,239464
36220,2025,5346,2472,34.9582,15.7751,243904
36260,2022,15642,10880,10.3678,49.2585,433536
36260,2023,12124,8238,11.7816,34.5463,398821
36260,2024,11207,7782,11.4534,39.127,435265
36260,2025,11275,8073,8.74893,46.0181,445622
36340,2022,485,334,14.6988,43.1005,139132
36340,2023,367,276,9.87261,33.3333,146775
36340,2024,392,280,11.6208,38.4615,150893
36340,2025,422,317,8.86427,40.1887,183265
36380,2022,942,459,32.3611,30.137,233214
36380,2023,920,447,32.2222,18.7273,229609
36380,2024,810,420,30.6962,24.0506,245190
36380,2025,780,393,29.1874,33.9496,275585
36420,2022,33707,23002,12.2411,28.9645,274439
36420,2023,28336,18879,13.7868,19.4857,259556
36420,2024,28971,19651,12.7801,24.5324,275066
36420,2025,29651,19968,13.559,29.8729,278433
36460,2022,890,645,14.6154,28.4129,166287
36460,2023,715,527,13.9717,21.1078,169782
36460,2024,718,491,16.1716,20.0326,188727
36460,2025,724,490,17.3486,26.3158,200918
36500,2022,6473,4764,8.08837,40.2933,483587
36500,2023,4952,3502,9.51553,22.9822,436271
36500,2024,4878,3496,7.85196,34.5073,452963
36500,2025,4886,3550,7.8895,41.87,466586
36540,2022,19260,15273,6.24058,32.8453,297185
36540,2023,16994,13097,7.81497,21.4478,293482
36540,2024,17240,13308,6.95385,26.6858,312511
36540,2025,18248,14076,6.60194,33.5034,349553
36580,2022,880,557,18.9262,33.4528,208950
36580,2023,625,414,16.3534,22.1805,205894
36580,2024,664,431,19.7509,19.4393,217251
36580,2025,664,395,18.8605,31.4236,231759
36620,2022,976,672,10.687,47.0866,286458
36620,2023,747,522,10.3393,32.8185,267529
36620,2024,798,538,10.9422,37.587,287714
36620,2025,916,665,8.3442,38.5397,273541
36660,2022,1824,718,46.0446,33.2093,177382
36660,2023,1505,565,46.6893,26.8135,180027
36660,2024,1348,539,40.6015,31.599,194481
36660,2025,1635,630,42.5252,32.8358,184873
36700,2022,1843,673,45.7017,31.0451,199710
36700,2023,1859,613,50.5,21.6113,193548
36700,2024,1844,720,43.4875,26.6802,214250
36700,2025,2405,820,49.7824,26.3252,208122
36740,2022,66760,40968,17.168,35.3807,405843
36740,2023,60276,37686,17.1653,18.7381,387295
36740,2024,56541,36841,16.1731,23.4409,398545
36740,2025,53353,34830,16.1336,28.3834,420636
36780,2022,3083,2539,6.44348,40.8847,253929
36780,2023,2303,1831,8.17916,30.9317,249293
36780,2024,2664,2191,6.81346,32.1041,262910
36780,2025,2666,2186,6.82664,38.0034,277104
36820,2022,326,250,8.99281,44.8124,139840
36820,2023,253,203,8.84956,40.4692,151059
36820,2024,271,206,12.1339,43.8692,167282
36820,2025,285,224,10.2767,43.0025,195357
36830,2022,266,170,14.4186,43.3333,276941
36830,2023,174,125,12.8378,30.9392,276920
36830,2024,214,150,11.6667,32.1267,332933
36830,2025,195,136,8.33333,38.4615,282647
36837,2022,2260,1654,10.274,30.8239,154033
36837,2023,1908,1405,10.7494,19.6224,154509
36837,2024,1948,1438,10.3677,25.2599,164026
36837,2025,2020,1491,11.2579,30.4571,173981
36840,2022,443,331,10.9375,34.1948,191344
36840,2023,456,322,11.9363,26.484,227888
36840,2024,454,366,6.86275,28.2353,231148
36840,2025,509,379,9.09091,34.3154,226003
36900,2022,477,360,12.0192,36.7311,124778
36900,2023,439,344,10.1299,35.3383,146628
36900,2024,423,343,9.44882,36.1266,131064
36900,2025,416,321,8.83978,42.3698,138084
36940,2022,567,456,6.61323,31.7365,278860
36940,2023,502,394,9.19283,18.4265,258249
36940,2024,525,410,10.4925,21.9048,221878
36940,2025,501,393,8.72483,32.5901,283753
36980,2022,2636,1854,11.8457,34.0214,195453
36980,2023,1968,1316,14.9263,32.4782,196763
36980,2024,1877,1373,11.6834,31.8948,211868
36980,2025,1778,1290,12.1212,38.1295,241946
37020,2022,1255,949,9.83456,40.2016,182629
37020,2023,993,729,11.7299,29.9038,180130
37020,2024,1084,796,11.5343,34.9141,183894
37020,2025,1081,777,12.0614,40.9574,193610
37060,2022,1633,1026,19.362,30.7692,309016
37060,2023,1496,921,17.1358,21.5503,344305
37060,2024,1497,980,16.7737,29.4964,386245
37060,2025,1590,1101,14.591,34.3862,439614
37100,2022,10446,7232,10.3333,49.9827,703720
37100,2023,6893,4655,11.3484,29.7571,684119
37100,2024,7256,5002,10.9638,37.8865,740930
37100,2025,7494,5201,9.75569,46.254,726877
37120,2022,1092,642,20.6089,28.9823,183925
37120,2023,817,465,24.5399,21.0526,195108
37120,2024,861,516,19.5876,28.5319,192345
37120,2025,848,497,22.467,36.6071,195402
37140,2022,0,0,,,
37140,2023,0,0,,,
37140,2024,1811,963,26.9419,26.4324,192913
37140,2025,1870,1145,18.7875,32.5677,210214
37220,2022,1570,991,14.0422,37.7121,283052
37220,2023,1356,841,14.8534,20.057,259935
37220,2024,1461,983,12.2777,24.2097,275946
37220,2025,1296,807,14.0719,34.3369,286425
37260,2022,1929,899,29.7393,31.997,214066
37260,2023,1658,763,30.3005,24.9754,213781
37260,2024,1598,740,30.6034,31.5449,208095
37260,2025,1703,835,30.2911,30.7629,227108
37300,2022,1181,520,37.2737,23.5294,217577
37300,2023,1083,401,44.7816,17.1488,192656
37300,2024,976,393,40.4027,19.7959,207977
37300,2025,1040,388,42.2785,23.1683,221186
37340,2022,18356,11737,12.012,35.2549,350473
37340,2023,16393,10458,13.3094,21.5807,341689
37340,2024,15263,10059,12.8094,27.8045,349433
37340,2025,14866,10065,11.423,31.5306,354355
37420,2022,343,236,12.8472,16.9014,160805
37420,2023,328,185,20.0803,14.3519,141162
37420,2024,285,170,20.524,18.2692,144941
37420,2025,298,188,14.6444,22.6337,164202
37460,2022,9240,5462,18.952,22.7221,348663
37460,2023,7278,4295,19.7133,13.6683,340779
37460,2024,7109,4243,20.2586,19.3346,332803
37460,2025,6997,4328,17.9747,23.1534,334739
37500,2022,1094,769,12.4726,28.1979,201242
37500,2023,984,616,18.8514,20.5161,177516
37500,2024,825,543,14.4118,29.2969,176952
37500,2025,941,651,11.9497,29.3926,193233
37540,2022,695,408,20.5882,39.823,180735
37540,2023,557,316,24.4851,39.3474,196266
37540,2024,584,308,23.8636,41.7769,211883
37540,2025,570,346,18.3036,49.4152,216850
37580,2022,994,590,21.4022,26.9802,206322
37580,2023,815,427,24.5669,16.2745,194180
37580,2024,884,476,23.2759,20,234244
37580,2025,901,499,21.3873,27.0468,233958
37620,2022,1387,871,16.7263,31.7933,177526
37620,2023,1358,843,20.1585,23.0137,167800
37620,2024,1208,762,19.2578,28.3835,188701
37620,2025,1189,725,19.1377,36.2357,193221
37740,2022,1318,862,12.089,41.1604,316578
37740,2023,1029,673,10.6061,24.2117,324896
37740,2024,1067,686,11.6481,29.7851,336706
37740,2025,1050,683,10.8642,40.4534,358192
37800,2022,687,483,14.1608,36.3636,237422
37800,2023,597,409,14.5194,30.4422,212873
37800,2024,552,414,13.5246,32.0197,215411
37800,2025,487,364,10.1942,37.457,266429
37860,2022,17008,10834,14.9046,32.8166,332922
37860,2023,13771,8592,16.098,19.9851,317322
37860,2024,12890,8396,14.7386,23.6866,309497
37860,2025,12664,8291,14.1604,28.4518,323840
37900,2022,7755,6220,7.53968,25.0241,162093
37900,2023,6193,4971,7.29606,18.8408,174135
37900,2024,5506,4435,7.49795,23.0569,178069
37900,2025,5647,4407,9.07801,28.9194,195331
37940,2022,551,341,19.4617,43.543,188783
37940,2023,438,291,17.8756,28.3251,144588
37940,2024,513,358,14.693,34.9091,143296
37940,2025,455,297,13.5279,46,178939
37950,2022,555,399,9.66292,39.9096,431241
37950,2023,430,293,13.5447,28.5366,421860
37950,2024,473,323,16.1954,36.6667,517508
37950,2025,480,344,9.84456,41.5959,442326
37980,2022,104912,75376,9.57033,40.2873,356360
37980,2023,81986,57922,10.3188,30.7128,344401
37980,2024,82353,58911,9.79211,34.8582,367058
37980,2025,83666,60211,9.24194,41.0066,378057
38060,2022,125973,83129,12.4859,43.3224,450929
38060,2023,95828,65245,12.417,21.8529,436184
38060,2024,91750,65618,10.3393,30.0067,448490
38060,2025,92313,66609,10.0815,36.5477,468594
38100,2022,1338,750,23.871,32.0036,197507
38100,2023,1177,617,26.8657,29.1619,189878
38100,2024,1084,600,25.2014,31.8956,206683
38100,2025,1192,671,22.816,35.8509,209531
38180,2022,358,267,9.42761,27.4457,288258
38180,2023,287,214,11.8367,17.0543,235374
38180,2024,315,212,14.2292,22.0588,254953
38180,2025,309,213,11.4754,27.3038,241808
38210,2022,1528,562,45.1957,30.0995,149004
38210,2023,1414,510,48.6364,23.3083,163549
38210,2024,1406,480,50.0938,27.3828,162458
38210,2025,1651,497,53.6032,30.9722,170976
38220,2022,1183,633,27.9787,28.1498,213926
38220,2023,1114,596,28,21.0596,147785
38220,2024,1022,485,28.6946,29.9133,141433
38220,2025,995,537,24.1602,31.5051,187346
38240,2022,0,0,,,
38240,2023,0,0,,,
38240,2024,2569,1836,9.52155,30.1901,397255
38240,2025,2780,2017,9.05938,34.6615,416120
38260,2022,554,406,10.3226,30.9524,171355
38260,2023,511,354,13.0952,29.0581,152514
38260,2024,484,346,10.1781,30.3823,168584
38260,2025,520,367,9.11271,31.7844,168760
38300,2022,36538,27441,8.73975,42.2343,260639
38300,2023,29704,21960,9.45859,30.9716,254500
38300,2024,30887,22698,9.66284,32.9057,265069
38300,2025,32394,23844,9.37385,38.8819,277630
38340,2022,2446,1684,10.4294,38.4503,300843
38340,2023,1964,1333,10.5466,26.4755,294175
38340,2024,1896,1325,7.78001,26.9167,300585
38340,2025,2038,1438,8.10644,27.2635,309868
38380,2022,445,281,19.5652,18.314,160053
38380,2023,415,207,33.4347,19.4553,161860
38380,2024,393,209,30.2548,16.4,155909
38380,2025,370,206,26.2069,25.8993,208252
38420,2022,516,419,6.66667,43.984,188222
38420,2023,462,363,9.33014,31.25,196295
38420,2024,445,355,8.02005,31.8618,220521
38420,2025,599,454,9.90476,36.5922,238326
38460,2022,843,541,16.4425,33.0446,190878
38460,2023,705,461,19.0641,20.7904,215542
38460,2024,744,491,18.442,22.9199,230356
38460,2025,792,547,15.2439,24.4475,224927
38500,2022,697,528,8.09917,45.4545,202235
38500,2023,594,433,11.1969,41.0082,207494
38500,2024,581,454,8.63724,39.8675,218480
38500,2025,654,461,13.7871,43.5741,234566
38540,2022,1946,1402,8.15085,46.9341,278252
38540,2023,1626,1139,10.3676,30.2511,280066
38540,2024,1634,1147,11.3851,35.0142,282114
38540,2025,1670,1217,10.2672,37.2033,319601
38620,2022,707,506,12.1417,33.4211,146897
38620,2023,563,400,12.4211,26.0628,139225
38620,2024,572,389,14.4989,26.3258,167879
38620,2025,530,387,7.88863,28.9908,161641
38700,2022,635,491,8.48057,29.454,130336
38700,2023,583,429,13.8196,19.8131,124417
38700,2024,488,366,12.0455,26.506,139891
38700,2025,559,409,12.1704,32.7303,150819
38740,2022,774,577,9.18519,23.5762,160251
38740,2023,601,435,9.38124,21.3382,160655
38740,2024,661,511,9.60549,24.4083,164100
38740,2025,669,506,10.1868,29.1317,180296
38820,2022,1417,999,8.24468,43.2386,380836
38820,2023,1138,832,8.59539,23.0342,365974
38820,2024,1202,844,11.066,30.4204,392204
38820,2025,1255,924,8.39024,35.9223,389394
38860,2022,11261,8123,9.09681,42.8119,424645
38860,2023,8899,6266,10.8198,29.0936,424485
38860,2024,9314,6661,9.79076,34.3615,444685
38860,2025,9769,7049,8.96197,40.2981,490222
38900,2022,50698,35884,8.9465,37.3249,503524
38900,2023,35071,24282,9.46731,22.0457,479656
38900,2024,36219,25518,8.52668,27.9275,490008
38900,2025,36746,26395,8.14163,35.6706,547303
38920,2022,501,266,24.812,24.2165,231767
38920,2023,374,182,29.6417,14.9533,239451
38920,2024,367,188,27.931,13.7615,255372
38920,2025,362,196,27.3026,20,241224
38940,2022,16599,10811,15.3609,33.7926,347101
38940,2023,14198,8961,18.1938,19.9768,350151
38940,2024,13784,9005,17.4049,22.9222,378316
38940,2025,12575,8458,16.1259,28.2369,389956
39020,2022,1211,726,18.916,32.6531,150854
39020,2023,1050,574,24.0602,25.9355,149007
39020,2024,1033,548,26.8262,31.5855,175730
39020,2025,1157,583,26.7281,36.1446,186441
39040,2022,632,432,8.45361,42.4767,464236
39040,2023,464,312,12.2616,28.2759,438045
39040,2024,464,308,10.3933,29.5195,441299
39040,2025,475,326,10.1877,37.0656,471411
39060,2022,1905,1385,11.8592,38.9868,168119
39060,2023,1706,1214,12.9055,25.3383,189168
39060,2024,1761,1296,12.0027,31.5011,177986
39060,2025,1827,1303,12.8405,35.5589,197034
39150,2022,7445,4818,12.1328,38.7568,387725
39150,2023,5203,3349,11.9792,24.64,373420
39150,2024,5170,3399,12.1844,31.6647,390772
39150,2025,5356,3619,10.9112,38.7026,407611
39220,2022,456,317,7.69231,40.6367,210994
39220,2023,443,273,11.4907,29.4574,214524
39220,2024,422,283,8.46395,32.2967,282102
39220,2025,438,283,13.6628,41.2863,226025
39300,2022,26303,19363,10.0438,45.3825,389912
39300,2023,19187,13850,10.2567,34.6544,412865
39300,2024,20453,14890,9.81072,38.3335,442378
39300,2025,21128,15549,8.67049,45.4191,466527
39340,2022,19601,13108,8.75253,39.5638,465377
39340,2023,13964,9745,8.7619,23.8731,452816
39340,2024,14223,10435,7.94045,28.5274,443063
39340,2025,14796,10936,8.09423,34.5581,466132
39380,2022,4664,3202,11.117,41.8875,267995
39380,2023,3595,2433,10.6008,25.4596,264663
39380,2024,3294,2182,11.9093,36.3663,277557
39380,2025,3170,2142,10.8755,42.2797,286863
39420,2022,685,479,8.13309,30.3779,331409
39420,2023,538,369,12.8959,20.1299,383753
39420,2024,500,358,8.0292,25.7261,334777
39420,2025,553,387,9.97783,34.8485,334612
39460,2022,8230,4990,14.7786,32.1181,322315
39460,2023,7557,4705,16.6695,13.9382,319725
39460,2024,7434,4877,15.4631,18.1849,321703
39460,2025,7411,4988,14.7225,22.1355,299954
39500,2022,844,650,8.59482,27.13,153800
39500,2023,730,563,8.34646,21.0379,153401
39500,2024,728,543,9.3949,25.4121,182790
39500,2025,747,573,8.98021,24.8031,176414
39540,2022,3721,2830,9.20605,41.152,276671
39540,2023,2848,2158,9.9157,32.6257,264518
39540,2024,2836,2152,8.53659,39.7368,285381
39540,2025,2983,2271,8.55389,43.9121,288598
39580,2022,41014,27289,9.46913,37.9033,441733
39580,2023,34637,23239,10.0909,20.7455,415265
39580,2024,32746,23241,9.81692,26.3243,410052
39580,2025,31771,23117,8.94652,33.8266,421698
39660,2022,3078,2261,8.52987,34.7851,364058
39660,2023,2452,1786,8.88012,24.7683,367732
39660,2024,2494,1842,8.24043,28.0469,342497
39660,2025,2843,2081,7.55764,34.498,344582
39700,2022,111,41,40.2597,42.2535,192317
39700,2023,119,58,27.0588,21.6216,187414
39700,2024,119,48,41.9355,36.8421,197083
39700,2025,131,53,39.6226,31.1688,207264
39740,2022,6449,4782,11.5728,41.1156,231698
39740,2023,5454,4007,11.5723,31.1749,237700
39740,2024,5462,4037,11.8489,35.7166,251344
39740,2025,5617,4174,11.6392,40.6512,271730
39780,2022,1047,691,10.5328,43.0807,285376
39780,2023,841,555,12.4431,25.3028,272748
39780,2024,801,542,12.1451,30.3342,281218
39780,2025,732,490,10.2151,37.1795,307918
39820,2022,3398,2295,8.7779,40.621,340586
39820,2023,2547,1701,9.2331,24.2316,324048
39820,2024,2692,1856,8.93776,27.5283,309062
39820,2025,2757,1866,8.58609,34.3189,321811
39860,2022,856,695,7.49014,33.6832,274971
39860,2023,604,470,8.74525,22.1854,240319
39860,2024,618,503,6.83453,24.9254,282197
39860,2025,696,566,6.29032,31.477,282332
39900,2022,9492,6404,10.4482,41.4625,519424
39900,2023,7102,4884,10.3692,21.8935,516046
39900,2024,8935,6300,9.47083,29.7815,460111
39900,2025,9731,6895,10.2726,34.8668,485025
39940,2022,932,609,11.5232,46.1062,364967
39940,2023,681,439,11.8519,35.7247,338918
39940,2024,638,437,10.8059,36.6667,369188
39940,2025,842,554,11.8076,36.3218,390596
39960,2022,722,544,9.60912,39.0817,226765
39960,2023,607,428,14.4509,27.5804,230911
39960,2024,683,494,12.0209,31.1018,245020
39960,2025,805,570,14.9709,37.5,253719
39980,2022,1159,848,10.7463,34.0078,139021
39980,2023,1023,738,13.082,23.205,140691
39980,2024,955,694,13.0588,30.4609,157464
39980,2025,1022,746,10.882,31.0536,159236
40060,2022,29561,21371,9.59317,36.3807,353801
40060,2023,23143,16624,10.3975,24.0844,352693
40060,2024,23444,17067,9.43347,31.3503,363954
40060,2025,24395,17624,9.72153,36.5473,417393
40080,2022,2666,1727,16.7595,34.5337,265440
40080,2023,2290,1379,20.8013,25.7004,243956
40080,2024,2578,1457,24.0237,28.7879,264945
40080,2025,2634,1556,21.7143,34.1794,284280
40090,2022,2088,1320,15.0367,42.5337,1.05591e+06
40090,2023,1906,1053,20.9059,24.3534,796073
40090,2024,1855,1065,22.2527,31.9923,972455
40090,2025,1816,1001,21.946,40.3101,949705
40100,2022,296,143,33.6283,44.1406,180664
40100,2023,306,126,40.3361,32.2581,214683
40100,2024,357,140,39.0625,32.6923,185571
40100,2025,383,185,34.8837,28.0156,191162
40140,2022,87349,56923,13.3568,45.144,477695
40140,2023,64332,41340,14.2165,25.2644,476636
40140,2024,65265,43185,13.2025,33.631,487545
40140,2025,61824,40905,12.7423,41.0845,503282
40180,2022,431,302,9.62099,41.5861,251755
40180,2023,370,234,16.6667,32.3699,241368
40180,2024,424,263,16.3077,36.3196,259905
40180,2025,433,267,17.1171,43.1915,281105
40220,2022,5655,4191,9.73085,39.0932,278827
40220,2023,4696,3359,12.7068,29.135,278066
40220,2024,5055,3734,9.94838,32.6358,280458
40220,2025,5282,3957,8.62763,37.5671,306107
40260,2022,1216,527,36.9021,35.3374,196803
40260,2023,1018,435,38.8079,25.2577,206655
40260,2024,960,410,40.4925,28.9428,216805
40260,2025,895,395,34.5853,34.4942,253076
40300,2022,820,630,8.50144,32.3308,164302
40300,2023,686,523,8.37607,21.7066,170029
40300,2024,632,490,8.0292,33.0601,183143
40300,2025,728,572,6.42055,34.0254,205717
40340,2022,4049,3342,5.23862,30.8361,310877
40340,2023,3546,2845,7.22589,18.8534,325344
40340,2024,3528,2814,6.61077,23.8018,298600
40340,2025,3597,2854,7.42027,28.6857,344548
40380,2022,13908,11120,8.95511,40.9954,244460
40380,2023,11800,9326,9.38517,31.4617,220992
40380,2024,11711,9325,9.02941,31.7,247690
40380,2025,11977,9553,8.4394,34.8052,259250
40420,2022,5709,4228,9.6378,33.8134,170906
40420,2023,4988,3675,9.79689,22.7617,168031
40420,2024,5101,3707,10.4009,29.9773,181261
40420,2025,5327,3851,9.8963,34.7841,198171
40460,2022,895,421,35.1585,35.5283,160202
40460,2023,744,327,37.3665,25,228700
40460,2024,658,303,33.871,34.8387,196749
40460,2025,636,290,34.8837,42.4603,188621
40540,2022,723,523,13.0579,29.4197,252228
40540,2023,528,367,15,16.9683,252112
40540,2024,552,385,17.9541,29.2279,261753
40540,2025,596,415,15.2174,37.594,284928
40580,2022,3219,1816,24.0048,35.3507,227638
40580,2023,2811,1567,23.8318,25.6641,218184
40580,2024,2724,1595,23.7288,30.5011,223420
40580,2025,2893,1661,23.8636,34.1657,240412
40620,2022,618,396,13.4855,35.082,194646
40620,2023,522,326,15.4613,24.186,199509
40620,2024,512,320,17.3697,29.8246,215094
40620,2025,748,443,18.6469,31.5301,226648
40660,2022,1939,1238,15.4605,33.5837,239596
40660,2023,1751,1091,16.7651,26.8767,222259
40660,2024,1829,1103,19.2763,30.1899,250902
40660,2025,1973,1173,18.6452,32,240823
40700,2022,1839,1244,11.631,42.2202,301109
40700,2023,1557,951,15.6098,27.3491,305442
40700,2024,1612,1092,11.3895,31.4501,303800
40700,2025,1599,1087,13.1198,36.8023,303914
40740,2022,1050,597,20.5257,33.1467,188199
40740,2023,942,536,21.5068,20.5926,172873
40740,2024,866,526,17.8161,26.8428,180266
40740,2025,959,604,16.6884,27.491,190712
40760,2022,806,463,19.6046,24.5928,271868
40760,2023,647,380,21.7131,15.5556,268289
40760,2024,552,300,26.7442,21.0526,307733
40760,2025,489,260,28.1501,31.2169,321923
40770,2022,368,186,30.4498,50.4,170215
40770,2023,372,209,24.5791,35.2941,159545
40770,2024,383,207,25.1656,33.0097,161715
40770,2025,428,204,33.0435,44.2623,170343
40780,2022,1660,1043,17.0787,28.6105,198049
40780,2023,1436,873,19.8953,21.8442,165424
40780,2024,1395,875,20.1377,25.7846,187000
40780,2025,1299,825,17.5238,33.7349,185424
40820,2022,818,411,27.5753,39.8243,246557
40820,2023,732,364,30.9982,30.5344,235522
40820,2024,740,367,32.0066,34.8135,232302
40820,2025,736,388,26.4856,38.8976,238840
40860,2022,814,541,15.9879,40.6798,268216
40860,2023,659,446,14.1243,27.5974,243789
40860,2024,731,512,12.8079,28.6908,273281
40860,2025,744,508,12.272,34.9552,284724
40900,2022,46901,31561,9.89077,41.6574,519765
40900,2023,32502,22246,10.5655,20.9649,486031
40900,2024,34198,24086,9.82811,29.6328,508298
40900,2025,33924,23884,9.6142,37.8474,519798
40940,2022,614,420,15.3696,45.8065,242405
40940,2023,501,353,12.0773,30.3748,248286
40940,2024,447,321,16.2791,39.0892,276153
40940,2025,604,421,13.3733,40.4526,265998
40980,2022,2838,2113,10.6667,35.736,187101
40980,2023,2453,1756,10.2897,25.9696,180729
40980,2024,2507,1806,11.6067,29.398,181517
40980,2025,2558,1816,12.688,34.4168,201085
41060,2022,3313,2646,7.37092,34.6667,249667
41060,2023,2757,2175,8.41084,24.6101,242660
41060,2024,2976,2356,9.20361,26.1442,236515
41060,2025,2978,2304,9.07012,32.2552,304219
41100,2022,5643,4031,7.68553,44.1612,462770
41100,2023,4560,3184,8.5299,26.3474,434296
41100,2024,4778,3492,7.77946,29.3403,449032
41100,2025,5348,3887,7.77577,34.2968,460171
41140,2022,2087,1532,9.89876,33.7084,176789
41140,2023,1883,1360,10.1023,24.6955,189676
41140,2024,2029,1513,9.17538,30.2122,188364
41140,2025,2033,1490,10.0875,34.8206,190584
41180,2022,57161,42144,9.07734,34.2886,270123
41180,2023,48266,35078,9.41984,21.4378,266653
41180,2024,47802,35109,9.20944,30.1119,276114
41180,2025,48889,35642,9.32064,36.2078,287309
41260,2022,352,257,16.0772,44.7312,137840
41260,2023,292,217,14.7727,26.1905,122143
41260,2024,264,197,16.4557,30.6338,132157
41260,2025,276,211,11.8852,39.0173,153436
41400,2022,1363,982,12.0898,45.3229,161202
41400,2023,1170,831,12.4236,32.8756,182858
41400,2024,1186,807,13.0705,38.3499,176029
41400,2025,1193,854,12.4,41.0221,187588
41420,2022,8055,5473,12.1167,40.2119,420348
41420,2023,5783,3841,13.0636,23.547,387210
41420,2024,5914,4041,11.2526,29.0679,378512
41420,2025,5916,4131,11.7587,37.1233,412153
41460,2022,518,404,7.74336,34.4156,265297
41460,2023,493,362,9.5122,19.0157,203702
41460,2024,516,393,8.10811,27.3567,178664
41460,2025,557,413,10.9959,32.1839,198148
41500,2022,3478,2320,12.5136,53.5256,759677
41500,2023,2666,1737,14.3191,29.0151,711960
41500,2024,2766,1856,13.2861,38.8065,705512
41500,2025,2671,1812,12.4189,49.5967,742494
41540,2022,14465,9947,13.2701,29.9754,357827
41540,2023,11418,7752,14.0152,18.1933,344070
41540,2024,1912,1269,14.895,29.5782,245331
41540,2025,2031,1296,16.3825,36.4706,287461
41620,2022,24547,16571,11.3951,50.4337,477897
41620,2023,19347,12711,13.6185,31.9029,460266
41620,2024,20199,13975,10.7776,35.9914,468813
41620,2025,19602,13659,10.2488,44.1258,495718
41660,2022,2151,1545,10.6682,26.2178,240392
41660,2023,1817,1242,12.8102,13.0252,250612
41660,2024,1936,1393,10.5911,21.1658,265050
41660,2025,1988,1429,10.303,24.9869,268303
41700,2022,73642,43630,16.0767,28.3733,365293
41700,2023,59887,36413,17.7785,18.5956,333788
41700,2024,57860,36732,17.2171,22.6858,332146
41700,2025,56922,36134,16.8882,26.2074,330257
41740,2022,45141,29191,11.9521,48.8335,788487
41740,2023,32542,20821,12.7031,27.7626,760627
41740,2024,33843,21968,12.4995,38.7942,910729
41740,2025,32592,21385,11.3621,48.6259,816018
41760,2022,1237,804,10.6092,46.2926,519565
41760,2023,922,575,13.0186,31.3842,454304
41760,2024,911,601,11.3154,36.4693,483270
41760,2025,1024,660,13.5101,45.5894,503879
41780,2022,0,0,,,
41780,2023,0,0,,,
41780,2024,1708,1248,10.0911,32.6498,241627
41780,2025,1722,1286,9.50103,37.9044,262146
41820,2022,1317,907,11.824,36.7944,262255
41820,2023,1256,832,13.9626,26.4368,306250
41820,2024,1479,984,15.7721,25.1142,299258
41820,2025,1576,1062,14.6059,30.5882,334435
41860,2022,56221,40405,8.95853,47.2161,987875
41860,2023,39571,27528,9.7485,25.2606,905740
41860,2024,40416,28870,8.90265,34.0039,966272
41860,2025,39808,28574,8.59938,45.9368,970288
41940,2022,22128,15011,9.57556,46.1933,1.18912e+06
41940,2023,15370,10402,9.3286,23.4415,1.16151e+06
41940,2024,17592,12157,9.11298,34.5412,1.22194e+06
41940,2025,16507,11280,9.21702,49.88,1.27283e+06
42020,2022,3951,2756,10.084,46.9592,640544
42020,2023,2752,1867,10.9009,29.3071,607930
42020,2024,3089,2186,10.2322,34.0374,654177
42020,2025,3021,2088,8.71022,44.8349,668764
42100,2022,2308,1612,10.4255,54.8965,867345
42100,2023,1659,1169,10.0219,30.8693,752297
42100,2024,1699,1227,8.68327,44.9035,795864
42100,2025,1857,1343,8.04974,51.4461,805127
42140,2022,3212,1791,21.0592,44.1882,477032
42140,2023,2539,1389,21.2698,26.6244,465583
42140,2024,2639,1541,19.9223,29.8589,480081
42140,2025,2680,1572,18.9552,38.2318,532099
42200,2022,3981,2761,10.0031,55.0545,853942
42200,2023,2710,1844,10.8974,35.6595,814512
42200,2024,3013,2105,11.0166,40.9206,834463
42200,2025,3236,2196,11.6208,49.943,890337
42220,2022,6288,4570,8.59989,45.93,672495
42220,2023,4493,3135,9.76732,25.7812,634142
42220,2024,4768,3436,8.475,33.2686,630783
42220,2025,4866,3542,7.85417,42.8525,688058
42300,2022,368,235,16.8317,32.6648,168234
42300,2023,307,194,17.6,23.3202,164227
42300,2024,282,198,11.6883,30.0353,194949
42300,2025,325,205,21.1321,29.7945,221780
42340,2022,11374,7666,12.1226,29.631,320171
42340,2023,9200,6236,11.8992,22.9933,371315
42340,2024,9021,6171,12.211,28.7496,370774
42340,2025,9222,6309,11.7607,34.6692,392397
42380,2022,854,610,13.5685,33.3333,181508
42380,2023,713,509,14.5188,21.0853,177240
42380,2024,707,505,14.7541,28.6723,190762
42380,2025,672,499,14.0678,32.2011,192014
42420,2022,283,184,19.3133,49.3113,184293
42420,2023,264,171,13.2353,26.9231,175936
42420,2024,275,175,17.2727,35.4244,191171
42420,2025,286,187,16.2281,44.1791,197567
42460,2022,955,533,25.6954,40.045,213837
42460,2023,820,454,24.9216,33.6257,205396
42460,2024,876,473,25.8297,38.1699,223584
42460,2025,857,466,22.7554,44.8521,214034
42540,2022,8699,6231,12.942,38.2458,202935
42540,2023,7158,4999,14.0033,28.5244,202499
42540,2024,7428,5374,11.9078,31.9661,218083
42540,2025,7525,5372,11.4122,38.6758,234652
42580,2022,9543,6490,13.819,28.7283,395131
42580,2023,7528,5107,14.2228,17.7219,375341
42580,2024,7672,5361,13.1088,21.8285,377699
42580,2025,7953,5534,12.8233,28.7865,400855
42620,2022,2027,1120,26.7623,24.9833,201241
42620,2023,1785,876,31.8019,17.9775,192683
42620,2024,1759,915,25.4128,25.5492,191000
42620,2025,1783,1052,21.6466,29.1582,201692
42660,2022,77430,55867,8.85187,39.2169,694151
42660,2023,55787,39231,9.34686,21.3066,644280
42660,2024,58652,41804,8.35366,29.3649,682250
42660,2025,57877,41809,8.10328,39.6939,712743
42680,2022,4371,2936,11.7512,35.783,369789
42680,2023,3391,2212,14.8464,22.3587,338458
42680,2024,3442,2247,14.4991,26.0369,384399
42680,2025,3554,2376,15.6869,30.343,370509
42700,2022,2501,1540,18.7689,35.1579,221708
42700,2023,2288,1409,18.9339,20.7091,220578
42700,2024,2191,1393,17.2216,26.607,230901
42700,2025,2197,1404,18.3857,31.9438,233846
42740,2022,792,557,10.1721,33.2134,184838
42740,2023,676,498,8.14159,26.3314,223273
42740,2024,698,473,14.032,33.3803,213774
42740,2025,756,520,12.0264,37.4248,201000
42780,2022,360,267,12.1406,45.6212,207097
42780,2023,280,205,14.1129,34.7134,198805
42780,2024,233,172,11.4428,40.8935,263023
42780,2025,284,210,12.9032,44.2971,217000
42820,2022,468,201,40.9214,30.9278,129975
42820,2023,389,143,42.8571,32.5472,141084
42820,2024,396,159,41.4791,26.7281,151226
42820,2025,393,183,33.9869,32.967,163579
42860,2022,2043,1344,16.2611,32.3603,358594
42860,2023,1607,978,18.9125,19.8361,349479
42860,2024,1534,925,21.1256,28.9008,372427
42860,2025,1778,1133,17.2682,32.7197,387860
42900,2022,417,301,14.0212,33.7004,187525
42900,2023,335,238,11.9048,28.9552,194286
42900,2024,317,231,17.4216,25.2427,206905
42900,2025,349,245,13.3333,30.3977,214714
42940,2022,4993,2863,20.0052,32.6828,507330
42940,2023,3346,1827,24.7777,26.152,462126
42940,2024,2988,1622,23.8707,33.5518,490487
42940,2025,3480,2016,19.6913,32.8224,465630
42980,2022,711,541,9.375,40.0886,193780
42980,2023,560,429,10.0616,31.6879,203601
42980,2024,602,460,11.5094,35.9331,230457
42980,2025,550,406,8.95197,42.7362,209483
43020,2022,739,579,9.30931,47.6965,200993
43020,2023,585,427,9.3254,48.1796,210925
43020,2024,536,408,10.5042,50.5455,219387
43020,2025,578,439,7.90514,53.545,278531
43060,2022,1640,978,21.1437,26.7964,193487
43060,2023,1503,820,24.0171,19.0523,205768
43060,2024,1626,902,24.2448,25.4545,205310
43060,2025,1665,921,24.3647,29.5872,229853
43100,2022,1719,1378,7.29642,47.1423,222583
43100,2023,1496,1165,8.3016,31.7116,264725
43100,2024,1565,1251,7.79783,36.7543,243737
43100,2025,1526,1232,6.05166,45.0736,285787
43140,2022,2281,1274,21.1162,41.6934,227991
43140,2023,2067,1084,24.0212,28.3069,217574
43140,2024,1925,1043,24.0084,36.4412,251779
43140,2025,2076,1136,22.9423,40.242,246831
43180,2022,1099,737,12.0181,42.3318,277212
43180,2023,1000,696,11.5152,32.8185,289454
43180,2024,941,665,11.3111,36.5458,308278
43180,2025,904,612,13.1367,43.956,307810
43220,2022,1811,1249,10.5736,41.8258,374584
43220,2023,1476,1005,10.4996,20.7413,351299
43220,2024,1528,1075,9.23825,31.3099,359567
43220,2025,1534,1093,8.3871,37.9682,353481
43260,2022,572,404,7.23982,38.3206,364381
43260,2023,425,276,11.9122,26.0054,367101
43260,2024,396,265,11.1842,32.0513,365000
43260,2025,513,372,7.12531,35.6401,367688
43300,2022,5053,3110,16.4891,25.4733,320656
43300,2023,4295,2563,18.7407,16.1322,321449
43300,2024,4487,2728,18.5619,20.1405,323655
43300,2025,4284,2651,18.3621,27.1103,317056
43320,2022,2252,1408,15.4324,39.0476,321278
43320,2023,1732,1061,18.5239,25.229,319373
43320,2024,1768,1083,16.7388,32.3125,338813
43320,2025,1775,1114,15.9628,39.7838,367846
43340,2022,8806,5396,19.745,27.3266,237133
43340,2023,6966,3959,24.7493,22.6607,237119
43340,2024,6349,3840,20.5711,27.0932,229919
43340,2025,6813,4058,22.0207,31.3948,235478
43380,2022,536,374,13.1991,49.0463,190053
43380,2023,627,449,13.4579,29.1798,195401
43380,2024,593,409,16.501,34.56,215562
43380,2025,547,362,17.5556,45.2345,302238
43420,2022,2880,1892,10.7013,37.7427,249334
43420,2023,2110,1382,13.1915,26.2933,242648
43420,2024,2075,1422,10.3888,36.4043,262257
43420,2025,1956,1367,11.1888,44.1357,265505
43460,2022,909,572,19.7628,29.7297,145927
43460,2023,729,471,20.7937,22.1488,141476
43460,2024,676,458,16.6667,27.0701,157926
43460,2025,703,473,14.3599,35.8209,157368
43500,2022,439,233,24.3827,39.9485,192296
43500,2023,378,213,20.922,23.3813,192934
43500,2024,396,220,19.3662,26.6667,176045
43500,2025,386,198,24.3151,33.557,191212
43580,2022,2357,1802,10.4858,36.4822,227974
43580,2023,2044,1537,11.1237,27.8404,215592
43580,2024,2097,1520,14.0651,31.2217,218941
43580,2025,2053,1537,12.5,36.0915,245052
43620,2022,6598,5122,6.21039,31.5698,354112
43620,2023,5100,3833,8.54721,26.8232,342913
43620,2024,5440,4144,8.32423,29.2471,332179
43620,2025,5351,4201,6.87308,32.9556,353134
43640,2022,0,0,,,
43640,2023,0,0,,,
43640,2024,4469,2901,14.5922,28.582,314745
43640,2025,4797,3258,12.3517,30.6366,329579
43660,2022,334,201,22.5455,14.4681,157537
43660,2023,229,124,26.9231,6.76692,164435
43660,2024,245,115,32.5967,19.0141,178739
43660,2025,248,135,22.7027,23.2955,165000
43700,2022,1296,731,24.8269,34.3217,196190
43700,2023,1225,550,37.5262,30.3797,205455
43700,2024,1154,557,31.5551,32.3208,196275
43700,2025,1229,655,29.0928,36.4694,201595
43740,2022,919,665,12.8499,45.7143,181707
43740,2023,761,579,10.5655,32.9861,188454
43740,2024,777,562,14.8529,34.269,178096
43740,2025,787,585,10.1493,40.184,190453
43760,2022,1257,877,10.6445,39.8078,343495
43760,2023,900,595,9.84308,21.2963,311975
43760,2024,800,567,10.5344,28.2278,329938
43760,2025,896,647,8.86767,32.3929,312913
43780,2022,5844,4351,10.2745,40.3646,214766
43780,2023,4928,3548,11.4858,34.0398,243143
43780,2024,4998,3750,9.67594,35.8426,228373
43780,2025,4916,3586,10.9771,41.5961,264590
43890,2022,638,495,7.33453,45.1827,207485
43890,2023,495,392,9.11111,36.4668,210944
43890,2024,574,427,14.6484,40.2797,237600
43890,2025,699,503,9.15254,43.9866,250129
43900,2022,10000,6452,17.1432,31.9983,259104
43900,2023,8463,5390,18.891,18.4445,270926
43900,2024,9752,6365,18.2912,20.8727,269310
43900,2025,10970,7290,16.5466,24.9537,268654
43940,2022,751,523,11.0016,30.5445,374120
43940,2023,499,354,7.07071,21.1581,380621
43940,2024,450,319,7.47922,30.8026,400893
43940,2025,509,362,7.44417,36.6025,399420
43980,2022,228,192,4.85437,30.6859,170990
43980,2023,218,189,6.28019,20.9205,171032
43980,2024,229,166,12.8866,24.2009,175060
43980,2025,189,151,8.38323,27.7512,164868
44020,2022,463,375,7.54258,33.5106,342573
44020,2023,393,332,2.87356,19.0244,363855
44020,2024,392,313,7.24638,29.5045,416342
44020,2025,347,289,4.87013,35.3468,505381
44060,2022,11108,7914,9.59484,43.9399,408287
44060,2023,9249,6445,9.97845,25.5172,361093
44060,2024,9388,6745,8.86043,30.5641,371491
44060,2025,9746,7049,8.23293,37.9435,374181
44100,2022,4082,3258,8.89253,27.4549,177477
44100,2023,3314,2627,8.03571,23.7667,184951
44100,2024,3427,2677,9.49074,24.0783,184443
44100,2025,3687,2843,11.3276,30.7767,195021
44140,2022,10746,7690,9.44088,40.4476,291986
44140,2023,7983,5665,9.82472,29.1786,312320
44140,2024,6181,4536,10.0136,29.6744,292244
44140,2025,6164,4565,9.33642,36.0196,300093
44180,2022,10428,7829,8.47187,38.1351,261531
44180,2023,8349,6256,8.65549,27.0947,254712
44180,2024,9102,6646,9.69401,29.2979,258229
44180,2025,9589,7065,9.18367,35.2963,276977
44220,2022,2445,1709,11.3291,37.2153,177259
44220,2023,2044,1409,11.8452,27.4086,182864
44220,2024,2237,1619,10.0529,30.5746,192937
44220,2025,2423,1702,11.2704,36.4214,210112
44260,2022,1140,598,30.6867,31.3433,267408
44260,2023,912,501,26.4624,22.8043,267355
44260,2024,926,520,23.3023,27.6773,247942
44260,2025,975,565,23.7437,30.8446,267566
44300,2022,1859,1509,6.77966,39.0303,317359
44300,2023,1491,1170,8.80121,28.702,303752
44300,2024,1435,1164,7.34949,27.7019,311117
44300,2025,1583,1234,8.77067,36.1614,492869
44340,2022,1551,949,22.3798,35.7046,263061
44340,2023,1268,771,21.7054,29.5247,249968
44340,2024,1395,882,18.2632,32.7744,288889
44340,2025,1352,845,17.5926,39.729,280633
44420,2022,2586,1823,12.5749,39.0097,254133
44420,2023,2271,1497,16.2104,25.1126,256643
44420,2024,2403,1557,16.0843,28.0499,285379
44420,2025,2426,1677,12.5746,40.5951,297862
44460,2022,1107,739,11.4155,41.1155,616110
44460,2023,784,536,12.2291,24.6132,753153
44460,2024,797,544,10.6349,28.1374,639798
44460,2025,825,570,10.8597,38.5776,666649
44500,2022,775,488,16.9082,29.2754,285246
44500,2023,735,417,24.3151,18.7135,348693
44500,2024,600,361,20.0811,27.0707,334086
44500,2025,618,351,22.5738,35.5963,365655
44540,2022,435,295,10.5882,33.8565,216797
44540,2023,358,236,13.1488,22.1122,204025
44540,2024,341,234,11.5523,30.9735,201923
44540,2025,320,213,9.54357,35.6495,248474
44580,2022,727,566,11.2828,29.4264,131095
44580,2023,626,456,12.1269,24.1265,116228
44580,2024,533,414,10.3004,30.303,134831
44580,2025,653,484,10.1449,31.4448,138988
44620,2022,818,644,7.56303,46.6446,269876
44620,2023,728,557,9.19176,35.6813,262056
44620,2024,770,587,10.0295,37.2863,282956
44620,2025,767,560,10.9924,47.3684,301268
44660,2022,1195,787,11.275,26.8587,252243
44660,2023,1023,698,13.7278,16.307,233266
44660,2024,1148,774,14.709,21.3415,299522
44660,2025,1212,799,15.8052,26.087,259456
44700,2022,15713,9730,12.6939,40.7069,489080
44700,2023,10748,6872,13.15,20.6008,482688
44700,2024,11142,7602,10.6893,29.0395,488715
44700,2025,10563,7321,10.4388,36.0946,491300
44740,2022,238,189,9.95475,27.027,173519
44740,2023,201,155,9.77011,22.8856,184677
44740,2024,203,165,7.26257,19.9029,255000
44740,2025,243,202,9.00901,22.9008,176337
44780,2022,928,656,12.875,41.4286,193232
44780,2023,854,585,13.2682,29.9401,195718
44780,2024,901,657,11.6129,35.7771,204619
44780,2025,973,693,10.8802,38.8889,221955
44860,2022,827,478,21.7697,27.9035,242929
44860,2023,759,408,24.7947,16.5644,264534
44860,2024,725,355,28.0488,22.9935,251479
44860,2025,785,388,27.4834,30.8378,249510
44900,2022,423,223,26.8882,39.071,197063
44900,2023,411,191,32.6797,33.2168,189660
44900,2024,398,214,25.1613,35.7357,201822
44900,2025,380,172,29.5019,44.1558,208256
44940,2022,3484,1933,25.2083,28.9338,208549
44940,2023,3067,1683,27.0559,20.5007,223824
44940,2024,2329,1309,24.69,28.3917,223770
44940,2025,2204,1343,19.161,29.4272,253384
44980,2022,1248,907,13.4259,41.6345,171571
44980,2023,1074,797,11.2903,32.343,178425
44980,2024,1115,828,11.5822,30.0676,195302
44980,2025,1122,860,10.6925,34.0491,216942
45000,2022,449,326,8.28729,35.0598,211442
45000,2023,326,224,8.83534,17.9487,210402
45000,2024,281,186,11.0599,29.8113,217258
45000,2025,351,226,10.4478,34.4928,223982
45020,2022,224,112,29.0503,29.1139,160804
45020,2023,231,118,31.1475,16.9014,157712
45020,2024,193,103,26.0274,18.254,156165
45020,2025,204,106,25.8278,25.3521,190660
45060,2022,8850,6765,10.8006,35.755,224947
45060,2023,7293,5385,11.3902,29.3214,230627
45060,2024,7401,5406,12.5909,30.1189,237064
45060,2025,7838,5813,11.2965,33.0454,252065
45140,2022,840,517,19.0678,32.0631,211422
45140,2023,746,420,23.4146,23.2176,182643
45140,2024,800,424,26.3323,29.3333,235212
45140,2025,794,419,23.3645,36.2253,219081
45180,2022,2159,986,36.2903,35.4289,195892
45180,2023,1995,859,37.3266,22.6126,193033
45180,2024,2050,965,32.834,25.6549,188223
45180,2025,2068,991,30.6021,28.8586,194051
45220,2022,8482,5135,18.1998,30.2783,326281
45220,2023,6917,4010,21.6598,19.5909,285262
45220,2024,6699,3904,19.8912,24.7204,277374
45220,2025,6511,3931,18.0071,28.8636,293433
45300,2022,0,0,,,
45300,2023,0,0,,,
45300,2024,68789,45483,14.6194,24.917,381969
45300,2025,65996,44078,14.121,29.184,397518
45340,2022,729,384,25.974,32.8671,359089
45340,2023,485,240,28.8952,18.6441,319667
45340,2024,466,246,23.6994,26.3473,353171
45340,2025,533,263,25,36.4734,365228
45380,2022,396,294,8.90208,25,121939
45380,2023,387,287,13.2743,22.0109,115557
45380,2024,357,271,12.3028,25.1381,140203
45380,2025,448,334,11.8863,28.0172,137485
45460,2022,2948,2179,10.0038,38.5505,179061
45460,2023,2520,1794,12.5626,28.4974,162648
45460,2024,2373,1742,9.71484,33.4861,171160
45460,2025,2462,1785,9.75495,39.6348,194204
45500,2022,3129,1801,24.3535,29.7582,188259
45500,2023,2777,1461,29.6889,20.7271,196259
45500,2024,2595,1401,27.6566,25.9122,212181
45500,2025,2641,1414,26.5458,30.5842,212433
45520,2022,471,315,13.4565,40.4537,338079
45520,2023,372,235,13.8408,21.6667,337809
45520,2024,336,205,18.3453,36.3354,323146
45520,2025,371,256,11.2211,35.0254,334570
45580,2022,568,370,15.8242,35.8752,189459
45580,2023,421,251,17.0347,38.9294,185837
45580,2024,384,258,15.047,36.9193,2.95527e+06
45580,2025,391,271,10.0649,41.4687,227509
45620,2022,1297,682,31.7625,38.9436,230630
45620,2023,1160,518,42.7988,30.8411,232973
45620,2024,1227,598,35.575,33.4816,271237
45620,2025,1069,601,29.3792,37.1996,251057
45660,2022,755,577,9.69231,32.7506,164411
45660,2023,565,430,7.98319,27.6094,158674
45660,2024,615,457,10.8779,31.6891,176444
45660,2025,624,453,9.45946,32.6895,168267
45700,2022,727,433,26.2295,35.6612,206594
45700,2023,627,304,36.5462,36.6667,206086
45700,2024,616,308,34.5041,39.3701,201136
45700,2025,633,333,27.9261,42.5862,242718
45740,2022,611,339,25.1055,31.6532,210870
45740,2023,550,313,23.4339,20.7595,220527
45740,2024,565,351,20.5298,26.4151,241296
45740,2025,653,377,21.2724,32.4373,275557
45780,2022,11007,7853,10.3278,37.7586,217886
45780,2023,9042,6334,11.4505,26.7407,204695
45780,2024,8193,5829,10.9442,30.8705,222039
45780,2025,8817,6284,9.92652,35.8055,229546
45820,2022,3753,3000,9.30164,33.3777,196460
45820,2023,3383,2599,9.83936,24.4037,203907
45820,2024,3524,2743,8.8198,34.4564,201938
45820,2025,3683,2845,9.50489,35.6626,211246
45880,2022,228,88,40.8284,13.7255,220795
45880,2023,217,94,36.1446,8.73786,211170
45880,2024,264,104,39.3204,12.605,230288
45880,2025,239,103,32.3699,14.1667,227427
45900,2022,0,0,,,
45900,2023,0,0,,,
45900,2024,2527,1797,11.9829,37.3212,392290
45900,2025,2663,1817,13.8215,43.2542,394229
45940,2022,5669,3719,12.426,38.9327,386156
45940,2023,4593,2954,11.8286,29.2794,379871
45940,2024,5129,3337,11.5938,33.6976,409861
45940,2025,5309,3476,11.1465,42.0956,431789
45980,2022,684,362,30.8108,31.4394,249834
45980,2023,585,293,35.5372,23.8961,191382
45980,2024,609,325,30.5284,26.4706,200354
45980,2025,669,343,35.0604,31.6733,221152
46020,2022,2516,1768,9.28395,40.1894,540950
46020,2023,1657,1127,10.7063,23.8514,502196
46020,2024,1647,1171,10.0514,32.6237,525495
46020,2025,1705,1197,9.13633,39.5149,535886
46060,2022,23262,15134,10.568,41.6757,334775
46060,2023,17788,12078,10.6471,22.9621,333768
46060,2024,18022,12435,10.5329,30.1758,336616
46060,2025,17808,12529,10.0507,35.3709,350344
46100,2022,1405,944,13.1742,45.402,273972
46100,2023,1154,781,12.5536,32.9038,268790
46100,2024,1106,776,9.66667,37.3183,292680
46100,2025,1227,806,13.1263,42.9986,308586
46140,2022,21501,14323,13.3134,29.8167,275083
46140,2023,18449,11802,14.4314,20.4931,263532
46140,2024,19242,12430,14.4445,23.5547,273484
46140,2025,19967,12815,13.0918,29.0774,282706
46180,2022,2690,1511,24.398,40.9304,196648
46180,2023,2178,1164,26.7127,35.7261,203737
46180,2024,2157,1261,20.9075,36.665,209036
46180,2025,2091,1197,22.5672,40.9472,228609
46220,2022,5779,3395,21.4101,31.3725,283024
46220,2023,4978,2727,24.2071,22.3961,245341
46220,2024,5047,2944,23.1513,22.6891,266641
46220,2025,5068,2950,21.7263,29.9786,271631
46300,2022,2550,1815,7.31707,44.2053,327314
46300,2023,2034,1399,8.76351,30.3634,286172
46300,2024,2110,1529,9.57207,31.9537,307250
46300,2025,2378,1743,8.4,33.397,297352
46340,2022,5686,3524,19.3303,28.923,309645
46340,2023,4814,2786,22.8216,18.8228,303105
46340,2024,4887,2725,26.2657,21.6504,300347
46340,2025,5074,2949,23.3374,27.6497,298927
46380,2022,881,576,13.3429,48.2944,438819
46380,2023,668,414,13.6719,22.7612,421353
46380,2024,695,486,11.3208,29.7688,410947
46380,2025,726,483,11.2069,38.2353,413923
46460,2022,484,268,25.1989,39.9103,146903
46460,2023,400,239,24.3243,36.2667,164874
46460,2024,400,240,22.2222,36.8421,175833
46460,2025,468,285,19.0104,35.6659,180474
46500,2022,676,461,13.2616,40.8216,197017
46500,2023,724,406,17.7264,28.8967,203744
46500,2024,652,400,20.1521,35.5878,206100
46500,2025,642,361,24.7505,46.1997,220512
46520,2022,12245,8825,9.16917,46.3787,671491
46520,2023,8453,5775,10.8797,29.8384,712044
46520,2024,8961,6027,12.8412,30.756,694691
46520,2025,9886,6771,12.1733,37.0315,685204
46540,2022,3824,2743,14.5266,40.4602,196090
46540,2023,2940,2044,14.5744,27.9012,180563
46540,2024,3124,2171,16.1993,26.8284,200288
46540,2025,3332,2248,17.0646,31.3588,224631
46620,2022,342,177,28.1853,28.9157,242119
46620,2023,313,159,27.3109,14.5161,229465
46620,2024,285,168,17.1171,19.6172,232976
46620,2025,284,139,28.9593,26.8421,224424
46660,2022,3457,2379,13.6827,33.5846,237821
46660,2023,2703,1663,20.7608,28.5039,224573
46660,2024,2928,1845,21.4403,33.2489,249282
46660,2025,3030,1924,18.5605,36.5435,266403
46700,2022,7851,5530,9.76378,43.5541,514447
46700,2023,5826,4082,10.7419,21.3487,493300
46700,2024,5957,4227,9.42851,30.6822,503815
46700,2025,5901,4108,11.021,38.7962,499900
46780,2022,366,273,9.35484,30.3571,179762
46780,2023,330,216,18.0147,24.7387,180926
46780,2024,336,213,15.8301,31.7308,173169
46780,2025,398,301,7.18563,34.7072,161744
46820,2022,259,183,13.8249,25,228169
46820,2023,190,124,16,22.0126,204516
46820,2024,222,133,20.8791,24.4318,218910
46820,2025,212,133,20.2312,36.6667,224699
46860,2022,927,605,12.9428,41.4894,271331
46860,2023,707,475,11.1511,26.5842,243358
46860,2024,610,435,10.609,38.0342,247299
46860,2025,689,482,11.8261,43.5597,269668
46900,2022,124,88,9.43396,22.807,151591
46900,2023,148,104,16.9231,14.7541,144135
46900,2024,130,89,13.8889,24.5763,183539
46900,2025,145,81,19.6429,19.802,160062
46980,2022,758,429,24.3822,32.2275,194068
46980,2023,613,324,26.971,29.2576,174167
46980,2024,679,336,30.8118,29.8539,167619
46980,2025,675,341,33.452,34.0426,185293
47020,2022,2006,1091,25.0322,22.8975,262489
47020,2023,1770,849,30.8877,11.3779,233257
47020,2024,1722,850,29.5082,16.5029,247224
47020,2025,1613,830,27.551,22.2846,241181
47080,2022,503,199,43.1877,40.9496,199523
47080,2023,368,155,37.193,32.3144,188161
47080,2024,347,156,35.2273,35.2697,207500
47080,2025,369,176,32.9861,39.5189,206364
47180,2022,483,330,13.9303,41.1765,162667
47180,2023,429,280,18.1319,34.2723,142429
47180,2024,418,291,13.2184,40.1235,175653
47180,2025,435,316,10.6267,42.2303,238797
47220,2022,2391,1566,15.109,33.5878,231539
47220,2023,1969,1317,14.9749,27.5976,213489
47220,2024,2153,1454,14.2615,31.9288,237008
47220,2025,2174,1407,14.344,38.7995,242193
47240,2022,400,280,11.8182,59.4203,1.36332e+06
47240,2023,322,234,9.32836,30.5638,1.24487e+06
47240,2024,323,217,16.3569,38.5269,1.12753e+06
47240,2025,283,203,10,46.2963,1.26337e+06
47260,2022,44264,32502,8.75804,32.3959,331968
47260,2023,33833,24011,9.57419,22.1585,342188
47260,2024,33474,24291,8.7161,31.2532,346870
47260,2025,34118,24550,8.45869,37.8465,368149
47300,2022,6462,4472,9.44248,42.3711,315233
47300,2023,3992,2732,11.1146,26.2021,320593
47300,2024,4642,3307,10.2267,31.3616,324480
47300,2025,5321,3845,8.39273,34.1271,335070
47340,2022,520,403,8.61345,40.9956,152965
47340,2023,462,336,9.16031,33.4653,167679
47340,2024,433,340,8.74036,36.9202,177500
47340,2025,503,357,14.6667,41.4754,173207
47380,2022,5591,3596,14.1657,31.5439,303651
47380,2023,4713,2967,15.7767,19.8108,301013
47380,2024,4956,3059,17.1807,23.6586,277923
47380,2025,5168,3251,16.1376,28.2023,323973
47420,2022,331,261,8.04196,39.5833,202893
47420,2023,244,193,11.2108,30.3249,219249
47420,2024,290,216,9.46502,30.0971,237037
47420,2025,268,211,9.3617,35.474,209313
47460,2022,922,659,8.14111,43.2386,360220
47460,2023,743,532,8.53859,25.0704,390132
47460,2024,795,560,7.3132,29.7365,361839
47460,2025,761,555,6.4,39.4105,368297
47540,2022,643,469,8.21168,41.5212,185959
47540,2023,555,403,9.24731,27.2563,184156
47540,2024,582,421,10.9053,31.6558,221865
47540,2025,551,429,5.78158,39.4068,211014
47580,2022,5389,3606,11.8513,30.8666,259160
47580,2023,4317,2813,14.1809,23.4766,258811
47580,2024,4410,3008,11.7448,30.3381,263750
47580,2025,4215,2948,10.1745,34.6341,274400
47620,2022,443,314,15.445,39.1473,151051
47620,2023,409,311,15.3226,22.0551,133617
47620,2024,362,271,14.1975,30.5128,150756
47620,2025,400,284,14.7059,34.5622,168873
47660,2022,1313,953,8.65922,31.8799,238893
47660,2023,1022,756,6.36255,22.8571,250648
47660,2024,1108,856,5.60345,29.7785,268960
47660,2025,1177,879,6.05128,37.9675,278242
47700,2022,1595,1174,12.385,42.8154,246942
47700,2023,1275,943,11.1901,37.1333,245795
47700,2024,1405,1057,11.7788,39.2529,243259
47700,2025,1404,1028,9.99174,42.6019,253268
47780,2022,361,270,10.443,47.1624,175741
47780,2023,294,199,15.102,44.4134,218065
47780,2024,322,227,14.4928,45.5635,261123
47780,2025,307,226,12.6394,47.6852,224381
47820,2022,929,555,17.8273,36.4261,239486
47820,2023,839,488,21.9847,23.3909,236516
47820,2024,793,465,22.2047,29.7583,267237
47820,2025,751,442,21.943,37.305,279095
47900,2022,23055,16940,7.8447,34.6577,537989
47900,2023,16457,12009,8.42349,20.5806,540584
47900,2024,91003,65250,9.49867,28.2541,572775
47900,2025,89197,63402,9.52282,37.1112,592064
47920,2022,505,342,11.3861,43.3775,189708
47920,2023,428,301,8.84956,32.0542,186595
47920,2024,471,336,10.3093,35.0097,211161
47920,2025,494,330,12.6582,39.781,239909
47930,2022,0,0,,,
47930,2023,0,0,,,
47930,2024,6601,4776,11.6438,30.6217,296644
47930,2025,6772,4836,10.1462,36.3265,327031
47940,2022,3882,3196,5.60962,31.8986,151408
47940,2023,3156,2519,6.76934,20.2848,164357
47940,2024,2958,2386,7.69231,27.9154,176081
47940,2025,3103,2547,6.29246,33.3071,189574
47980,2022,506,383,10.9589,34.5299,289360
47980,2023,336,265,7.14286,28.3784,295075
47980,2024,410,309,10.0865,27.4648,255129
47980,2025,405,326,8.10056,33.3333,287086
48020,2022,1375,1078,8.75614,43.2333,310501
48020,2023,1071,783,12.2995,35.5556,256814
48020,2024,1138,865,9.84095,38.4342,301682
48020,2025,1259,967,8.82883,42.1996,343604
48060,2022,2002,1469,10.4685,25.7331,206382
48060,2023,1581,1105,12.2939,18.9288,258312
48060,2024,1512,1054,13.9124,20.5727,221717
48060,2025,1622,1164,12.7402,24.7089,231400
48140,2022,2899,2271,8.85093,41.7543,212508
48140,2023,2333,1775,9.64147,35.735,220025
48140,2024,1920,1473,8.23389,39.8284,240628
48140,2025,1923,1462,8.35337,45.9719,260192
48180,2022,1058,602,26.2411,35.9574,180963
48180,2023,892,461,30.6358,31.5007,203677
48180,2024,843,435,29.1925,38.9902,184540
48180,2025,1000,544,26.9231,38.5311,194210
48200,2022,1900,1096,18.4466,40.2399,291724
48200,2023,1441,817,20.3111,24.839,303641
48200,2024,1255,733,19.9591,32.9982,319870
48200,2025,1421,888,15.4751,35.2298,364786
48220,2022,503,342,15.9722,25.8134,175409
48220,2023,469,298,18.509,16.7598,179497
48220,2024,429,266,18.9655,26.1111,172556
48220,2025,464,280,16.6667,27.4611,190357
48260,2022,1503,1083,13.4615,39.0546,147798
48260,2023,1414,946,14.3227,27.8413,145296
48260,2024,1288,878,12.7135,29.3644,160604
48260,2025,1293,900,10.9962,35.2052,165711
48300,2022,2292,1653,9.83087,40.901,488170
48300,2023,1705,1143,11.3952,25.2453,457931
48300,2024,1840,1297,9.31011,29.6256,493990
48300,2025,2006,1415,10.061,36.2325,461827
48460,2022,557,378,13.6069,34.0314,174868
48460,2023,438,302,12.5,23.9295,187450
48460,2024,445,282,14.6893,29.8507,202872
48460,2025,497,310,16.2437,39.3346,210355
48540,2022,1803,1297,11.3072,36.234,167251
48540,2023,1574,1139,10.5105,29.5609,160461
48540,2024,1592,1084,12.6826,32.7543,180507
48540,2025,1601,1079,12.5683,34.0061,185686
48580,2022,1989,1495,9.46186,43.4355,314873
48580,2023,1513,1131,8.16327,33.4706,350942
48580,2024,1612,1180,10.643,40.0102,372576
48580,2025,1746,1233,9.9162,43.4404,437741
48620,2022,12943,9532,10.8609,33.0618,235211
48620,2023,11384,8205,12.3425,24.2102,229558
48620,2024,11225,8190,11.3569,28.9124,248705
48620,2025,11881,8708,10.1172,34.2495,251014
48660,2022,2724,2018,9.09487,24.5325,196928
48660,2023,2407,1760,9.27479,18.5939,194716
48660,2024,2293,1639,10.9596,25.3303,202474
48660,2025,2291,1570,13.5477,31.9167,218688
48680,2022,0,0,,,
48680,2023,0,0,,,
48680,2024,4269,3126,7.89926,15.9903,319757
48680,2025,5690,4298,8.18258,15.5101,326189
48700,2022,1624,1330,7.56246,46.6506,187113
48700,2023,1413,1127,7.99373,33.2346,186615
48700,2024,1342,1108,6.45953,37.4011,188014
48700,2025,1395,1081,8.25911,38.7535,197165
48780,2022,727,507,9.33099,21.1509,303245
48780,2023,589,402,10.5263,12.4183,299627
48780,2024,638,463,11.1111,18.3422,312991
48780,2025,578,422,11.499,28.8364,322701
48820,2022,574,471,7.11538,33.8483,223960
48820,2023,478,387,7.51174,21.0204,229186
48820,2024,482,394,6.33803,25.2372,244543
48820,2025,513,412,4.7836,32.459,258859
48900,2022,8598,6055,10.6114,34.2491,425127
48900,2023,7026,4636,13.4085,22.293,399989
48900,2024,13314,9100,12.5626,24.7561,402438
48900,2025,14284,9832,11.8833,30.4569,409944
48940,2022,819,560,12.1662,35.3349,213357
48940,2023,687,486,10.9123,24.4168,217675
48940,2024,699,486,9.04255,33.3333,239444
48940,2025,731,490,12.4786,38.5194,260531
48980,2022,1569,1020,16.9518,36.646,219382
48980,2023,1236,782,17.7665,26.9159,280102
48980,2024,1269,835,17.2115,31.3887,235299
48980,2025,1302,869,16.1049,36.754,237301
49010,2022,939,646,12.192,45.068,298514
49010,2023,784,559,10.3555,33.7678,277916
49010,2024,788,531,11.3744,40.4709,328522
49010,2025,778,518,12.3003,47.1967,322954
49020,2022,3252,2318,10.5496,36.1433,336186
49020,2023,2691,1876,11.7219,24.2632,333230
49020,2024,3115,2262,11.0985,26.6537,346096
49020,2025,3113,2227,9.92575,33.4031,350936
49080,2022,414,276,14.5401,35.6643,245507
49080,2023,317,232,10.9489,17.7305,293879
49080,2024,319,240,9.38628,27.0517,284125
49080,2025,343,256,7.53425,31.7333,316719
49100,2022,811,676,5.70652,38.2648,197899
49100,2023,610,493,6.58135,30.9524,213905
49100,2024,614,505,7.5,31.6644,213634
49100,2025,647,516,8.41924,36.1386,212403
49180,2022,14059,9883,11.6514,39.054,276831
49180,2023,12355,8606,12.659,26.4444,255521
49180,2024,12470,8629,12.6043,31.1937,283583
49180,2025,13405,9242,12.8341,35.4338,276795
49220,2022,1036,803,8.80088,37.1182,192460
49220,2023,878,688,9.18367,32.4165,179898
49220,2024,1052,775,12.013,31.1111,193516
49220,2025,1003,759,10.4478,37.3762,216397
49260,2022,229,147,18.0412,23.0366,211667
49260,2023,228,148,19.2708,20,154189
49260,2024,216,138,16.092,20.6897,164203
49260,2025,238,137,23.5602,27.5132,187628
49300,2022,1463,1140,8.31373,44.5255,214781
49300,2023,1237,904,9.77011,36.8715,219624
49300,2024,1294,937,11.1712,40.2423,226014
49300,2025,1352,1016,8.94378,42.4363,231102
49340,2022,17110,12575,9.68892,40.3689,381437
49340,2023,13279,9646,10.1432,26.7021,379709
49340,2024,11894,8651,9.32965,32.5721,412563
49340,2025,12037,8895,8.27974,39.5145,479172
49380,2022,152,121,10.9489,33.1492,192934
49380,2023,164,134,7.48299,19.2771,191269
49380,2024,189,159,7.26257,29.0179,196824
49380,2025,222,175,10.7843,23.913,259514
49420,2022,3692,2549,14.1059,41.7771,317064
49420,2023,2653,1779,15.6561,25.6892,300998
49420,2024,2904,2080,11.7647,28.8402,297933
49420,2025,3211,2281,10.2048,34.5856,302926
49460,2022,331,256,7.19424,30.6233,236836
49460,2023,254,193,10.0917,25.7692,259819
49460,2024,302,216,12.5,27.5168,286620
49460,2025,297,214,10.7438,27.7027,266262
49620,2022,9458,7112,10.1423,35.5213,251109
49620,2023,7478,5498,12.1872,28.3088,252261
49620,2024,7675,5712,11.2513,32.6971,261661
49620,2025,7716,5720,10.6633,39.586,267869
49660,2022,8031,5730,11.2826,43.2448,168442
49660,2023,6712,4692,12.5742,32.9906,179376
49660,2024,5752,4065,11.6141,37.0743,180363
49660,2025,5985,4370,9.26602,39.5239,187625
49700,2022,3804,2568,10.5068,38.7258,388061
49700,2023,2499,1671,13.1434,22.3513,367184
49700,2024,2569,1832,10.6792,30.5798,381867
49700,2025,2754,1885,12.0341,34.6394,393546
49740,2022,4205,3008,9.66057,39.1093,265436
49740,2023,2919,2134,9.44013,25.0702,256462
49740,2024,3409,2486,9.21238,29.4752,274248
49740,2025,3515,2590,10.0167,35.0714,280822
49780,2022,1535,1051,13.0609,40.4533,182831
49780,2023,1365,926,13.3758,33.9044,196911
49780,2024,1361,907,14.0383,37.2318,209223
49780,2025,1588,1017,14.923,40.7343,221372
49820,2022,141,42,47.1154,35.3846,132381
49820,2023,143,45,53.8462,27.4194,136111
49820,2024,141,59,36.1905,18.0556,120424
49820,2025,135,42,45.7447,31.1475,140000
