market_key,market_name,area_type,population_latest,natural_change_rate_pct,international_migration_rate_pct,domestic_migration_rate_pct,population_cagr_pct,latest_growth_pct,primary_state,demographic_opportunity_score,fhfa_latest_year,hpi_1y_pct,hpi_3y_cagr_pct,hpi_5y_cagr_pct,hpi_volatility_pct,hpi_drawdown_pct,hpi_acceleration_pp,hmda_first_year,hmda_latest_year,purchase_applications_latest,purchase_originations_latest,purchase_application_cagr_pct,purchase_origination_cagr_pct,purchase_origination_rate_pct,purchase_approval_rate_pct,purchase_denial_rate_pct,refinance_share_pct,cashout_share_pct,government_purchase_share_pct,avg_loan_amount,active_lenders,lender_hhi,top5_lender_share_pct
35620,"New York-Newark-Jersey City, NY-NJ",Metropolitan,20112448,,,,0.112203,0.16116,NY,31.0939,2026,5.77129,7.1694,8.16992,1.67686,0,-1.21369,2022,2025,172746,114535,-2.60878,-3.23639,66.3025,88.0931,11.9069,37.4652,19.1964,9.15216,685589,889,198.232,23.4741
31080,"Los Angeles-Long Beach-Anaheim, CA",Metropolitan,12844441,,,,-0.518501,-0.483881,CA,4.45736,2026,1.72608,3.86947,6.20956,1.56994,-0.202583,-1.71555,2022,2025,89749,58739,-10.539,-10.7298,65.4481,87.8804,12.1196,51.142,27.7199,9.02698,938379,841,181.888,23.7925
16980,"Chicago-Naperville-Elgin, IL-IN",Metropolitan,9434123,,,,-0.00391723,0.243593,IL,29.6081,2026,5.94645,6.63506,7.89103,1.87064,0,-0.464546,2022,2025,136406,92611,-5.34633,-6.23263,67.8936,88.7172,11.2828,36.8657,16.8424,13.836,378526,985,188.288,22.5112
19100,"Dallas-Fort Worth-Arlington, TX",Metropolitan,8477157,,,,2.0282,1.47909,TX,91.6451,2026,0.571859,1.35496,6.20265,1.5286,-0.218488,-0.323531,2022,2025,148601,99409,-7.03922,-5.62829,66.8966,86.5698,13.4302,28.8457,12.7844,26.3081,427427,1131,171.972,22.0733
26420,"Houston-Pasadena-The Woodlands, TX",Metropolitan,7904627,,,,1.97204,1.62923,TX,91.7528,2026,3.39757,2.47306,5.82666,1.50621,0,1.63713,2022,2025,143195,87800,-5.09469,-4.66003,61.315,81.1517,18.8483,21.9451,10.6592,29.8222,368953,1018,158.155,20.6853
12060,"Atlanta-Sandy Springs-Roswell, GA",Metropolitan,6482182,,,,1.15399,0.964966,GA,80.0172,2026,0.920696,2.60872,7.47533,1.46051,-0.434516,-1.34389,2022,2025,116305,76110,,,65.44,87.0655,12.9345,36.5438,19.7689,26.8894,418643,987,166.381,21.1208
47900,"Washington-Arlington-Alexandria, DC-VA-MD-WV",Metropolitan,6465724,,,,0.64674,0.782571,VA,64.5995,2026,1.735,3.24366,5.03961,2.29192,-0.451485,-0.908709,2022,2025,89197,63402,56.9863,55.2613,71.0809,90.4772,9.52282,37.1112,17.0548,23.1425,592064,850,185.284,22.5732
33100,"Miami-Fort Lauderdale-West Palm Beach, FL",Metropolitan,6391072,,,,0.827244,-0.139204,FL,46.6624,2026,1.70029,4.73902,9.81623,3.2479,-0.668181,-1.66034,2022,2025,81084,50328,-11.1781,-10.9362,62.069,81.1951,18.8049,34.6322,22.1166,16.4053,597143,1040,197.477,23.8091
37980,"Philadelphia-Camden-Wilmington, PA-NJ-DE-MD",Metropolitan,6329118,,,,0.277063,0.252805,PA,39.0612,2026,4.31346,5.78018,7.74449,1.96548,0,-1.2966,2022,2025,83666,60211,-7.26551,-7.21433,71.9659,90.7581,9.24194,41.0066,21.0201,14.7334,378057,874,166.084,20.3482
38060,"Phoenix-Mesa-Chandler, AZ",Metropolitan,5228938,,,,1.41057,1.14248,AZ,84.8191,2026,0.848334,2.59105,6.31787,1.47002,-0.356475,-1.02313,2022,2025,92313,66609,-9.8439,-7.11902,72.1556,89.9185,10.0815,36.5477,17.4651,25.2515,468594,973,219.086,27.2513
14460,"Boston-Cambridge-Newton, MA-NH",Metropolitan,5034221,,,,0.454307,0.238758,MA,43.6047,2026,3.08218,4.91513,7.09971,1.70699,0,-1.4872,2022,2025,57817,42724,-7.65954,-7.81163,73.8952,91.6424,8.35761,41.4684,14.7329,7.86327,673927,735,214.981,24.2481
40140,"Riverside-San Bernardino-Ontario, CA",Metropolitan,4769007,,,,0.690795,0.445062,CA,58.1611,2026,0.83112,2.88359,6.32825,1.3951,0,-1.96148,2022,2025,61824,40905,-10.8818,-10.4299,66.1636,87.2577,12.7423,41.0845,24.5513,27.1405,503282,788,200.696,23.2138
41860,"San Francisco-Oakland-Fremont, CA",Metropolitan,4630041,,,,-0.492891,0.142902,CA,15.8269,2026,-2.8118,-0.120008,2.28428,3.18217,-5.15104,-3.32949,2022,2025,39808,28574,-10.87,-10.9066,71.7795,91.4006,8.59938,45.9368,15.685,5.53736,970288,686,215.231,26.0683
19820,"Detroit-Warren-Dearborn, MI",Metropolitan,4390913,,,,0.0253443,0.316835,MI,33.0103,2026,4.72348,5.56109,7.15917,2.15574,0,-0.254066,2022,2025,68744,46047,-4.47182,-5.37615,66.9833,83.9016,16.0984,41.3683,20.467,14.0481,316714,679,295.069,29.7983
42660,"Seattle-Tacoma-Bellevue, WA",Metropolitan,4161883,,,,0.657025,1.04564,WA,70.1981,2026,0.505806,2.53839,4.88194,2.44814,-0.285528,-1.90384,2022,2025,57877,41809,-9.24604,-9.20997,72.2377,91.8967,8.10328,39.6939,14.215,13.6787,712743,656,275.397,27.4367
33460,"Minneapolis-St. Paul-Bloomington, MN-WI",Metropolitan,3790295,,,,0.515293,0.781729,MN,59.6684,2026,2.60081,2.79674,4.95189,2.01882,0,-0.634383,2022,2025,60913,47081,-5.90515,-6.18872,77.2922,92.5742,7.42583,29.2515,12.1147,12.3612,385687,762,184.693,21.7821
45300,"Tampa-St. Petersburg-Clearwater, FL",Metropolitan,3418895,,,,1.40937,0.39755,FL,69.0568,2026,0.748484,1.87549,7.95493,1.74132,-0.846121,-0.409779,2022,2025,65996,44078,,,66.7889,85.879,14.121,29.184,15.666,28.0446,397518,1028,175.307,21.8088
41740,"San Diego-Chula Vista-Carlsbad, CA",Metropolitan,3282248,,,,-0.114539,-0.161032,CA,15.2239,2026,2.49168,3.9036,7.08894,1.93013,0,1.04365,2022,2025,32592,21385,-10.2888,-9.85255,65.6143,88.6379,11.3621,48.6259,23.4084,16.7168,816018,709,243.181,27.0865
19740,"Denver-Aurora-Centennial, CO",Metropolitan,3092037,,,,0.807943,0.355231,CO,59.41,2026,-0.458799,0.496256,3.96095,1.74844,-0.775662,-0.933993,2022,2025,56589,40422,-9.53277,-8.69738,71.4308,91.585,8.41501,36.3664,16.5137,18.1691,548755,833,186.235,22.1862
36740,"Orlando-Kissimmee-Sanford, FL",Metropolitan,2957672,,,,1.98801,1.29076,FL,90.2239,2026,0.825006,3.02084,7.77533,3.01132,-0.450843,-1.97791,2022,2025,53353,34830,-7.2001,-5.26665,65.2822,83.8664,16.1336,28.3834,16.9367,26.6269,420636,945,169.81,21.1388
16740,"Charlotte-Concord-Gastonia, NC-SC",Metropolitan,2938830,,,,1.94985,1.87617,NC,92.4634,2026,1.45134,3.61146,8.43824,1.31378,0,-1.71323,2022,2025,59569,41223,-4.61202,-4.20409,69.2021,88.8512,11.1488,36.45,16.7327,20.1404,421226,852,178.627,22.4421
12580,"Baltimore-Columbia-Towson, MD",Metropolitan,2857781,,,,0.0746513,0.149254,MD,28.8975,2026,2.7251,3.73339,5.67217,1.35103,0,-1.09303,2022,2025,42781,30181,-7.66668,-8.10752,70.5477,89.6147,10.3853,37.6953,19.2337,23.2395,404578,658,171.457,20.0246
41180,"St. Louis, MO-IL",Metropolitan,2814421,,,,-0.0382588,0.107669,MO,24.7416,2026,4.12013,4.90692,7.04456,1.38029,0,-1.14535,2022,2025,48889,35642,-5.07722,-5.43246,72.9039,90.6794,9.32064,36.2078,15.2885,19.7998,287309,723,170.715,19.891
41700,"San Antonio-New Braunfels, TX",Metropolitan,2813140,,,,1.83408,1.38399,TX,89.5995,2026,-0.525693,0.74737,5.26585,3.05315,-0.939692,-1.07542,2022,2025,56922,36134,-8.22631,-6.09034,63.4798,83.1118,16.8882,26.2074,14.8079,44.8647,330257,768,208.218,24.0878
12420,"Austin-Round Rock-San Marcos, TX",Metropolitan,2620945,,,,2.64541,2.09555,TX,96.3824,2026,0.336894,-0.83068,2.87862,2.36816,-11.3075,0.804368,2022,2025,49377,32783,-13.3835,-10.0508,66.3933,86.5698,13.4302,24.4666,11.2506,23.5791,463168,834,155.435,19.5577
38900,"Portland-Vancouver-Hillsboro, OR-WA",Metropolitan,2542282,,,,0.195964,0.43603,OR,41.9681,2026,1.39463,1.4765,3.91668,2.08869,0,-0.796573,2022,2025,36746,26395,-10.1731,-9.73066,71.8309,91.8584,8.14163,35.6706,15.152,14.5999,547303,626,230.763,24.6408
40900,"Sacramento-Roseville-Folsom, CA",Metropolitan,2477274,,,,0.621253,0.710096,CA,62.1232,2026,0.0758614,1.44261,3.69132,1.3145,-0.474568,-1.15785,2022,2025,33924,23884,-10.2347,-8.87194,70.4044,90.3858,9.6142,37.8474,19.7851,15.4825,519798,652,258.703,28.3261
38300,"Pittsburgh, PA",Metropolitan,2421992,,,,-0.27193,-0.130301,PA,12.5323,2026,3.4071,4.63262,6.45709,2.11524,0,-2.09344,2022,2025,32394,23844,-3.93321,-4.57554,73.6062,90.6262,9.37385,38.8819,13.0521,13.3906,277630,666,286.38,30.2441
29820,"Las Vegas-Henderson-North Las Vegas, NV",Metropolitan,2407226,,,,1.1289,0.900347,NV,77.9931,2026,2.76665,4.48208,7.24355,2.9276,0,1.09134,2022,2025,40300,28074,-8.83337,-6.96319,69.6625,88.2682,11.7318,33.7534,18.5214,29.926,442364,564,192.982,21.8912
17140,"Cincinnati, OH-KY-IN",Metropolitan,2312858,,,,0.534927,0.569931,OH,56.1154,2026,3.76805,5.37463,8.43322,1.66326,0,-0.906282,2022,2025,41013,28465,-3.63258,-4.54921,69.4048,89.1702,10.8298,39.0327,18.6489,17.8357,325585,698,196.129,22.8869
28140,"Kansas City, MO-KS",Metropolitan,2270682,,,,0.678056,0.771983,MO,65.4823,2026,3.18335,4.22867,7.33174,1.77088,0,-0.701914,2022,2025,40342,30305,-3.61032,-3.62702,75.1202,93.0262,6.97381,34.1153,14.9727,19.6747,346561,720,207.02,23.8368
18140,"Columbus, OH",Metropolitan,2242028,,,,0.917156,0.95969,OH,75.6891,2026,3.34334,4.50032,7.88019,1.97939,0,-1.07263,2022,2025,38218,26663,-4.35511,-4.54103,69.7656,90.6761,9.32391,38.8295,17.1538,17.3235,380573,655,207.177,22.3644
26900,"Indianapolis-Carmel-Greenwood, IN",Metropolitan,2205695,,,,1.0565,1.02,IN,79.7158,2026,3.47719,4.07846,7.53162,1.21912,0,-1.14648,2022,2025,44891,31943,-4.69771,-4.45081,71.1568,88.8248,11.1752,36.5077,18.9863,21.0946,336187,719,158.096,18.1829
34980,"Nashville-Davidson--Murfreesboro--Franklin, TN",Metropolitan,2197416,,,,1.67946,1.60249,TN,89.578,2026,1.63567,2.91734,7.83855,1.03768,0,-1.72393,2022,2025,43356,30548,-6.19879,-5.34527,70.4585,90.5145,9.48554,36.3716,17.2027,22.1924,489611,907,150.593,19.2594
17410,"Cleveland, OH",Metropolitan,2165775,,,,-0.168973,0.11737,OH,20.8441,2026,4.35017,6.28993,8.16547,2.46978,0,-2.31622,2022,2025,34295,24386,,,71.1066,89.7812,10.2188,40.4071,18.0763,16.1901,263269,659,313.641,31.3505
41940,"San Jose-Sunnyvale-Santa Clara, CA",Metropolitan,1984473,,,,-0.114508,0.378251,CA,29.4789,2026,-0.9765,1.97822,4.96814,2.30986,-1.44807,-1.79482,2022,2025,16507,11280,-9.30667,-9.0855,68.3346,90.783,9.21702,49.88,13.4897,3.05383,1.27283e+06,527,290.843,31.7539
47260,"Virginia Beach-Chesapeake-Norfolk, VA-NC",Metropolitan,1797213,,,,0.173837,0.210434,VA,34.2808,2026,3.63709,4.91157,7.48069,1.34789,0,-2.20346,2022,2025,34118,24550,-8.31232,-8.92892,71.9562,91.5413,8.45869,37.8465,17.3093,43.6726,368149,650,254.741,26.572
27260,"Jacksonville, FL",Metropolitan,1785500,,,,2.05256,1.48652,FL,92.0543,2026,0.109066,1.45934,7.04111,2.26167,-1.26501,-2.97602,2022,2025,37888,25513,-9.17552,-6.32222,67.3379,86.671,13.329,29.7298,17.6109,34.3473,375060,796,202.239,25.0943
39300,"Providence-Warwick, RI-MA",Metropolitan,1708161,,,,0.414324,0.40446,RI,46.2532,2026,4.69538,6.56997,8.72604,1.88531,0,-1.40293,2022,2025,21128,15549,-7.04251,-7.05131,73.5943,91.3295,8.67049,45.4191,20.0295,15.8783,466527,545,263.679,25.283
39580,"Raleigh-Cary, NC",Metropolitan,1595720,,,,2.39858,2.36015,NC,96.1671,2026,1.09588,2.22733,7.69597,1.50186,-0.10339,-0.757898,2022,2025,31771,23117,-8.15978,-5.38036,72.7613,91.0535,8.94652,33.8266,12.2517,17.1642,421698,700,251.776,27.3294
33340,"Milwaukee-Waukesha, WI",Metropolitan,1575010,,,,0.00585496,0.159746,WI,27.261,2026,6.19608,6.5211,8.72314,2.62308,0,0.049701,2022,2025,21711,16492,-5.56637,-5.62635,75.9615,91.6394,8.36065,43.5283,18.34,8.98929,356261,565,307.081,30.3205
36420,"Oklahoma City, OK",Metropolitan,1512813,,,,1.13202,0.916903,OK,78.6822,2026,2.41227,2.9655,6.40221,2.26883,0,-0.641979,2022,2025,29651,19968,-4.18362,-4.60558,67.3434,86.441,13.559,29.8729,13.7143,30.7961,278433,583,148.469,17.4456
31140,"Louisville/Jefferson County, KY-IN",Metropolitan,1402509,,,,0.573409,0.528623,KY,55.6417,2026,3.84841,4.66636,6.99285,1.47705,0,-1.65415,2022,2025,27229,19302,-2.00978,-1.67767,70.8877,88.5223,11.4777,34.9203,16.393,20.6535,319677,576,185.908,21.6783
40060,"Richmond, VA",Metropolitan,1389338,,,,1.08002,1.06283,VA,80.5125,2026,3.37364,4.9874,8.1092,1.94708,0,-0.409783,2022,2025,24395,17624,-6.20193,-6.22367,72.2443,90.2785,9.72153,36.5473,19.0351,24.6464,417393,603,192.549,22.8269
32820,"Memphis, TN-MS-AR",Metropolitan,1341412,,,,-0.0703145,-0.313385,TN,15.0732,2026,1.78533,1.95509,5.88081,1.89473,0,-0.334993,2022,2025,19326,13375,-7.56761,-7.57051,69.2073,87.9327,12.0673,36.3217,17.4919,31.2545,299269,590,167.947,20.0804
41620,"Salt Lake City-Murray, UT",Metropolitan,1308377,,,,0.750636,0.468025,UT,60.6158,2026,2.41467,3.05754,5.92593,1.63231,0,-1.00879,2022,2025,19602,13659,-7.22435,-6.23875,69.6817,89.7512,10.2488,44.1258,17.7452,16.8321,495718,420,351.676,34.6007
23420,"Fresno, CA",Metropolitan,1203383,,,,0.633857,0.296125,CA,52.0241,2026,2.04542,3.21864,6.26132,3.14945,-0.361029,-1.1645,2022,2025,13482,9546,-1.94889,-1.38869,70.8055,88.4578,11.5422,34.1655,21.1724,26.6796,391238,482,253.638,26.3664
13820,"Birmingham, AL",Metropolitan,1197766,,,,0.268733,0.288868,AL,39.7933,2026,3.41351,4.2714,6.78674,2.07991,0,-0.574353,2022,2025,23132,14715,-3.11412,-3.31882,63.6132,84.2454,15.7546,33.1258,16.1607,26.2531,294263,583,189.044,21.8441
24340,"Grand Rapids-Wyoming-Kentwood, MI",Metropolitan,1183645,,,,0.551659,0.65077,MI,57.8596,2026,4.48723,5.28643,8.41113,2.25489,0,-0.228403,2022,2025,19247,13033,-4.37724,-5.28565,67.7144,84.348,15.652,41.8014,17.1073,10.8988,328852,491,466.106,37.2631
25540,"Hartford-West Hartford-East Hartford, CT",Metropolitan,1171426,,,,0.593047,0.444591,CT,53.8329,2026,5.75719,7.47602,9.53374,2.44187,0,-1.59156,2022,2025,15926,11834,-8.52424,-7.96899,74.3062,91.6572,8.34277,37.3166,17.5857,12.5906,343683,514,183.627,20.1054
15380,"Buffalo-Cheektowaga, NY",Metropolitan,1155653,,,,-0.154278,-0.130492,NY,15.2885,2026,4.36126,6.11228,8.55853,3.37216,0,-2.26922,2022,2025,12883,10073,-4.25269,-4.60414,78.1883,90.0813,9.91873,34.5569,18.8669,13.7278,301398,312,421.617,38.0965
46060,"Tucson, AZ",Metropolitan,1074685,,,,0.557072,0.11449,AZ,43.0448,2026,1.88251,2.65912,6.87809,2.2174,-0.393441,0.870344,2022,2025,17808,12529,-8.52073,-6.10246,70.356,89.9493,10.0507,35.3709,19.5141,32.6734,350344,562,198.095,21.9528
46140,"Tulsa, OK",Metropolitan,1069273,,,,1.00055,0.772138,OK,73.7295,2026,3.95461,4.11284,7.78909,1.93329,0,-0.473736,2022,2025,19967,12815,-2.4371,-3.64043,64.1809,86.9082,13.0918,29.0774,14.3118,29.2024,282706,543,196.345,22.8452
40380,"Rochester, NY",Metropolitan,1056149,,,,-0.14193,0.0837704,NY,20.5426,2026,4.46496,7.68113,10.12,4.39532,0,-4.77332,2022,2025,11977,9553,-4.86044,-4.93697,79.7612,91.5606,8.4394,34.8052,16.5632,8.29688,259250,289,636.973,42.3335
24860,"Greenville-Anderson-Greer, SC",Metropolitan,1014101,,,,1.73016,1.44794,SC,89.1258,2026,3.28398,5.44985,9.29127,1.67706,0,-1.35548,2022,2025,20885,13772,-3.13339,-3.80758,65.9421,84.9134,15.0866,31.9094,15.6482,27.3377,328896,660,156.222,19.3767
36540,"Omaha, NE-IA",Metropolitan,1009836,,,,0.825785,0.956746,NE,74.0741,2026,4.15036,3.65643,6.98179,2.18613,0,1.86735,2022,2025,18248,14076,-1.78308,-2.68384,77.1372,93.3981,6.60194,33.5034,13.2937,20.7455,349553,463,215.307,24.6356
46520,"Urban Honolulu, HI",Metropolitan,988703,,,,-0.471283,-0.145333,HI,9.02239,2026,11.0588,4.22563,6.74709,5.07807,0,11.81,2022,2025,9886,6771,-6.88479,-8.4526,68.4908,87.8267,12.1733,37.0315,10.5552,22.8184,685204,262,390.062,35.1431
14860,"Bridgeport-Stamford-Danbury, CT",Metropolitan,978179,,,,0.733081,0.417508,CT,58.5056,2026,5.14822,7.21808,8.91727,2.42771,0,-2.30631,2022,2025,11433,8100,-10.5197,-10.8657,70.8475,89.8624,10.1376,40.4193,18.9187,7.15271,748440,481,220.185,24.8825
35380,"New Orleans-Metairie, LA",Metropolitan,970849,,,,-0.697035,-0.260432,LA,5.74935,2026,2.66203,0.946095,2.63238,2.44097,-0.661408,0.4507,2022,2025,10785,6814,-23.3683,-23.5149,63.1803,84.2925,15.7075,34.9561,16.4662,25.112,313427,458,197.561,21.3557
28940,"Knoxville, TN",Metropolitan,968137,,,,1.33385,0.901418,TN,80.211,2026,3.88043,4.76003,10.3263,1.6458,0,0.62229,2022,2025,21147,13232,-2.94915,-4.01524,62.5715,83.9471,16.0529,37.8575,21.3028,24.9971,374701,643,194.668,22.6486
35840,"North Port-Bradenton-Sarasota, FL",Metropolitan,948158,,,,2.50366,1.41324,FL,93.4324,2026,-0.459574,-0.836094,6.58323,2.95182,-4.64551,3.13112,2022,2025,23415,16139,-4.50901,-2.45411,68.9259,86.4942,13.5058,23.6421,11.9512,21.7042,452001,922,163.292,20.673
12540,"Bakersfield-Delano, CA",Metropolitan,927068,,,,0.461698,0.261721,CA,44.4014,2026,0.468404,3.37213,6.30898,1.96852,0,-3.64055,2022,2025,12029,8417,-9.40369,-8.78037,69.9726,88.5315,11.4685,32.0607,20.042,34.2428,343529,473,225.587,25.1365
10740,"Albuquerque, NM",Metropolitan,925279,,,,0.164805,0.0704067,NM,29.8019,2026,2.1774,4.02097,7.66225,2.10269,0,-2.3328,2022,2025,18008,11715,-2.73961,-3.46672,65.0544,86.3791,13.6209,34.5823,18.4219,28.9139,479714,424,225.05,24.4221
32580,"McAllen-Edinburg-Mission, TX",Metropolitan,921549,,,,1.09401,0.86875,TX,77.261,2026,7.61818,4.47004,9.09628,4.75699,0,5.35951,2022,2025,9626,5543,-1.18012,-0.723074,57.5836,77.4706,22.5294,27.324,12.6262,42.9723,261794,375,232.755,23.333
10580,"Albany-Schenectady-Troy, NY",Metropolitan,915835,,,,0.380039,0.472062,NY,47.7175,2026,6.96329,6.96978,8.59828,3.10538,0,1.14617,2022,2025,12586,8570,-6.67625,-7.54783,68.0915,87.4756,12.5244,30.6915,15.9078,9.91053,336181,311,511.4,40.0326
16700,"Charleston-North Charleston, SC",Metropolitan,889263,,,,2.04984,1.7361,SC,92.7649,2026,4.73094,6.12383,10.0797,2.8138,0,0.403448,2022,2025,23320,15307,-4.37684,-4.15081,65.6389,85.9975,14.0025,31.9598,16.62,31.7286,492187,697,157.269,18.167
12940,"Baton Rouge, LA",Metropolitan,888699,,,,0.42012,0.480752,LA,49.2033,2026,2.81959,2.21538,4.46485,2.84507,-0.0165568,-0.538149,2022,2025,14936,9083,-10.5948,-10.2858,60.8128,81.1705,18.8295,30.0931,11.7756,33.3733,273683,439,186.413,20.9437
49340,"Worcester, MA",Metropolitan,888502,,,,0.723934,0.540894,MA,62.4462,2026,2.53495,4.79415,7.53718,1.662,0,-2.67322,2022,2025,12037,8895,-11.0616,-10.8997,73.8972,91.7203,8.27974,39.5145,19.4342,14.2313,479172,503,159.182,18.2355
10900,"Allentown-Bethlehem-Easton, PA-NJ",Metropolitan,887615,,,,0.600122,0.391107,PA,52.8639,2026,4.94777,6.66172,8.95506,2.19589,0,-1.27783,2022,2025,12477,9040,-7.01045,-6.72869,72.4533,89.4988,10.5012,38.8321,19.3924,16.4983,333510,569,168.457,20.0225
21340,"El Paso, TX",Metropolitan,881291,,,,0.263505,-0.232412,TX,26.3135,2026,2.24778,3.69702,8.15485,1.85692,0,-0.909225,2022,2025,12604,8387,-7.93131,-4.53851,66.5424,87.0746,12.9254,27.4355,14.3104,50.711,272178,417,240.959,24.0636
17900,"Columbia, SC",Metropolitan,879918,,,,1.16879,1.02052,SC,81.18,2026,3.56987,4.88976,8.68042,2.17939,0,-1.75047,2022,2025,19669,12656,-3.63671,-2.93004,64.3449,84.5972,15.4028,32.2919,15.6859,39.4847,278787,584,186.644,21.0592
15980,"Cape Coral-Fort Myers, FL",Metropolitan,875607,,,,2.7222,1.61779,FL,95.112,2026,-0.897137,-3.56644,5.03245,2.98451,-10.3223,5.69009,2022,2025,21949,15209,-5.83701,-3.54631,69.2925,85.0813,14.9187,22.8205,12.2856,28.1461,359286,886,200.642,24.7048
29460,"Lakeland-Winter Haven, FL",Metropolitan,874790,,,,3.68086,2.74314,FL,99.3755,2026,2.38325,0.878211,7.39402,3.65751,-1.97268,2.8605,2022,2025,21773,13750,-7.81817,-6.43762,63.1516,78.9083,21.0917,22.7181,12.5787,45.0922,293327,635,201.281,24.1951
14260,"Boise City, ID",Metropolitan,864243,,,,2.33098,2.23022,ID,95.5426,2026,3.65159,3.68259,4.67744,2.03216,0,1.16985,2022,2025,18898,14419,-1.85838,-0.0899966,76.2991,93.9108,6.08915,31.796,18.755,21.165,412748,457,445.588,33.5204
37100,"Oxnard-Thousand Oaks-Ventura, CA",Metropolitan,830851,,,,-0.308657,-0.309564,CA,8.35487,2026,-1.3402,2.08424,5.16977,2.41315,-2.7355,-5.20896,2022,2025,7494,5201,-10.4798,-10.4066,69.4022,90.2443,9.75569,46.254,24.212,11.9019,726877,479,195.372,23.6655
19430,"Dayton-Kettering-Beavercreek, OH",Metropolitan,826554,,,,0.300899,0.682624,OH,50.8613,2026,5.26009,5.68442,8.39994,2.70012,0,0.139641,2022,2025,14795,10506,-2.65322,-2.81605,71.0105,90.7263,9.27366,35.1802,15.733,25.1626,272422,509,321.49,30.9418
44700,"Stockton-Lodi, CA",Metropolitan,823815,,,,1.08302,0.815763,CA,76.2489,2026,-1.75375,1.22936,3.40728,2.3586,-2.09257,-2.3058,2022,2025,10563,7321,-12.3989,-9.04655,69.308,89.5612,10.4388,36.0946,17.9644,19.7614,491300,459,220.235,24.9156
24660,"Greensboro-High Point, NC",Metropolitan,805945,,,,0.803611,0.800455,NC,70.0904,2026,4.90754,5.31864,9.17099,2.73665,0,0.391053,2022,2025,13325,8731,-3.26656,-4.54031,65.5235,84.0863,15.9137,36.5387,18.5274,23.8204,290541,530,269.687,28.2216
17820,"Colorado Springs, CO",Metropolitan,781796,,,,0.60773,0.604427,CO,59.8837,2026,0.117488,0.904141,4.1938,1.49679,-0.405331,-1.42324,2022,2025,16734,12103,-10.3209,-10.2172,72.3258,91.7745,8.22548,37.9015,13.4941,39.0593,438906,566,453.626,36.8558
30780,"Little Rock-North Little Rock-Conway, AR",Metropolitan,777607,,,,0.752758,0.649635,AR,65.2885,2026,2.31689,3.21678,6.62639,1.72667,0,0.0465876,2022,2025,16410,10765,-4.13436,-4.36676,65.6002,85.6021,14.3979,29.8331,11.9215,32.5388,265019,489,202.484,22.4789
39340,"Provo-Orem-Lehi, UT",Metropolitan,773426,,,,2.74766,1.90173,UT,96.3394,2026,3.49737,3.30853,6.05859,1.92751,0,0.94939,2022,2025,14796,10936,-8.94817,-5.86004,73.9119,91.9058,8.09423,34.5581,11.1783,18.952,466132,375,305.255,31.7117
19780,"Des Moines-West Des Moines, IA",Metropolitan,758539,,,,1.29724,1.03386,IA,82.6012,2026,2.33154,3.43686,6.21401,2.19381,0,-0.975112,2022,2025,15299,11976,-5.78027,-5.8457,78.2796,92.8588,7.14124,30.6101,11.3506,14.6383,302686,453,338.161,33.1022
19660,"Deltona-Daytona Beach-Ormond Beach, FL",Metropolitan,746933,,,,2.14227,1.29402,FL,91.5375,2026,-0.165407,1.12725,6.75295,2.89102,-0.321371,-0.722836,2022,2025,16195,10935,-8.88537,-7.27044,67.5208,86.2712,13.7288,30.2214,18.0461,32.2843,336952,714,187.878,22.2524
28880,"Kiryas Joel-Poughkeepsie-Newburgh, NY",Metropolitan,718377,,,,0.597872,0.564574,NY,58.3118,2026,3.36956,6.24336,8.35581,2.31518,0,-4.22309,2022,2025,8311,5802,,,69.8111,87.1088,12.8912,36.1997,20.728,9.29435,427780,334,458.155,36.0154
49180,"Winston-Salem, NC",Metropolitan,712206,,,,1.03786,0.973861,NC,78.5745,2026,3.25884,4.39401,9.15094,2.76632,0,-1.04372,2022,2025,13405,9242,-1.57529,-2.21046,68.9444,87.1659,12.8341,35.4338,16.5083,24.4537,276795,520,255.777,27.0195
31540,"Madison, WI",Metropolitan,709685,,,,0.801844,0.587208,WI,65.7407,2026,4.91547,5.55329,8.305,2.2779,0,0.959785,2022,2025,10017,8023,-4.38962,-4.82122,80.0938,94.5292,5.47081,45.7759,10.7394,4.87275,472314,429,1000.59,50.2312
10420,"Akron, OH",Metropolitan,701780,,,,0.00267912,0.232521,OH,29.2636,2026,3.22972,6.02731,7.89977,3.25122,0,-1.45858,2022,2025,10996,8034,-5.61613,-5.55622,73.0629,91.3711,8.62893,39.2192,17.8923,15.9044,240264,473,344.773,32.1057
36260,"Ogden, UT",Metropolitan,672784,,,,1.0313,0.747991,UT,73.5357,2026,3.67915,3.06108,5.89711,1.22022,0,1.41945,2022,2025,11275,8073,-10.3381,-9.46802,71.6009,91.2511,8.74893,46.0181,17.7466,20.6385,445622,355,477.6,38.2158
37340,"Palm Bay-Melbourne-Titusville, FL",Metropolitan,663982,,,,1.75162,1.17759,FL,87.6615,2026,2.16795,1.33117,7.03172,1.86487,0,2.45275,2022,2025,14866,10065,-6.78796,-4.99374,67.7048,88.577,11.423,31.5306,18.551,32.567,354355,652,242.991,26.9133
48620,"Wichita, KS",Metropolitan,663809,,,,0.466005,0.652763,KS,55.2541,2026,4.53923,5.09152,7.27918,2.42503,0,1.70339,2022,2025,11881,8708,-2.81348,-2.96879,73.2935,89.8828,10.1172,34.2495,15.5014,22.7284,251014,413,188.67,21.3914
45060,"Syracuse, NY",Metropolitan,652273,,,,-0.259665,-0.195089,NY,11.994,2026,6.14219,8.44034,10.4157,4.51744,0,-1.93425,2022,2025,7838,5813,-3.96696,-4.92985,74.1643,88.7035,11.2965,33.0454,19.9724,9.8135,252065,285,470.329,36.984
12260,"Augusta-Richmond County, GA-SC",Metropolitan,641231,,,,0.929998,0.893871,GA,74.1602,2026,5.01001,4.43955,8.32742,4.1893,0,0.114885,2022,2025,12738,8320,-5.76346,-5.71663,65.3164,85.6254,14.3746,32.7242,17.0373,41.8435,292159,532,197.705,20.5932
20500,"Durham-Chapel Hill, NC",Metropolitan,625485,,,,1.44948,1.18546,NC,85.5082,2026,1.76864,2.62874,8.09147,1.9441,-0.307954,-0.273449,2022,2025,10103,7258,-9.87255,-9.37954,71.84,90.8902,9.10978,33.904,14.5251,13.19,464573,532,294.164,28.165
22220,"Fayetteville-Springdale-Rogers, AR",Metropolitan,622177,,,,2.50022,2.42726,AR,96.727,2026,3.6633,4.34436,9.59515,1.06916,0,-0.787534,2022,2025,14590,10128,-0.961339,-1.08515,69.4174,90.9956,9.00445,29.9488,12.2216,19.9896,386136,552,338.38,28.6544
25420,"Harrisburg-Carlisle, PA",Metropolitan,617427,,,,0.818248,0.535384,PA,64.621,2026,4.76711,5.51735,8.23784,2.38074,0,-1.04101,2022,2025,8717,6425,-7.33447,-7.11712,73.7066,89.301,10.699,38.3693,13.0072,14.889,295145,456,364.98,33.0319
27140,"Jackson, MS",Metropolitan,609847,,,,-0.292506,0.221858,MS,20.2842,2026,1.7531,3.75685,5.27206,3.06158,-2.11879,-2.1798,2022,2025,11033,6733,-2.68593,-3.11704,61.026,80.3282,19.6718,34.6184,10.1962,26.3031,250259,354,322.959,31.9801
44060,"Spokane-Spokane Valley, WA",Metropolitan,608012,,,,0.680881,0.553862,WA,61.1111,2026,-0.047462,1.90396,5.245,3.17364,-0.047462,-1.90876,2022,2025,9746,7049,-4.26659,-3.78477,72.3271,91.7671,8.23293,37.9435,20.0458,21.7298,374181,402,267.479,27.3471
45780,"Toledo, OH",Metropolitan,599376,,,,-0.210485,-0.00433766,OH,17.0758,2026,3.38328,5.53721,7.39011,2.69903,0,-1.44043,2022,2025,8817,6284,-7.12818,-7.16034,71.2714,90.0735,9.92652,35.8055,16.9987,15.7887,229546,412,359.129,32.6349
16860,"Chattanooga, TN-GA",Metropolitan,594530,,,,1.03732,0.79103,TN,74.6555,2026,1.91674,4.21169,8.66446,1.9272,-0.192521,-0.406615,2022,2025,11771,7577,-5.08033,-5.05926,64.3701,86.8189,13.1811,37.9189,18.8775,24.5068,332940,591,201.16,23.1516
35300,"New Haven, CT",Metropolitan,578741,,,,0.501353,0.208298,CT,43.7123,2026,6.0194,6.92763,9.14768,4.5171,0,0.852082,2022,2025,7057,5028,-20.5303,-20.4768,71.2484,89.2289,10.7711,39.312,21.545,13.5717,377496,414,181.425,20.1932
39900,"Reno, NV",Metropolitan,578734,,,,0.976009,0.940627,NV,76.3997,2026,3.7563,3.89177,5.44294,1.6104,0,0.641088,2022,2025,9731,6895,0.832356,2.49303,70.856,89.7274,10.2726,34.8668,18.874,25.3596,485025,370,245.133,26.1031
38860,"Portland-South Portland, ME",Metropolitan,577635,,,,0.890422,0.727159,ME,70.5426,2026,4.5169,5.64648,9.28666,2.8529,0,-0.0680963,2022,2025,9769,7049,-4.62723,-4.61714,72.1568,91.038,8.96197,40.2981,19.5731,10.6473,490222,417,213.036,23.03
42540,"Scranton--Wilkes-Barre, PA",Metropolitan,574418,,,,0.268895,0.217212,PA,37.2524,2026,7.51397,7.82299,9.39596,3.42251,0,1.09438,2022,2025,7525,5372,-4.71767,-4.8243,71.3887,88.5878,11.4122,38.6758,19.9429,18.0483,234652,440,174.098,19.6629
38940,"Port St. Lucie, FL",Metropolitan,568721,,,,3.01995,2.14208,FL,97.8467,2026,-0.592465,1.23978,7.72951,3.11331,-0.797441,-3.62283,2022,2025,12575,8458,-8.83908,-7.85596,67.2604,83.8741,16.1259,28.2369,16.4941,30.8852,389956,665,199.265,23.0744
29540,"Lancaster, PA",Metropolitan,563159,,,,0.371315,0.195174,PA,39.0612,2026,6.25351,5.70507,9.02526,1.46117,0,0.955822,2022,2025,6738,5091,-4.45024,-4.38473,75.5565,89.6967,10.3033,39.7301,13.7327,10.2384,308538,414,297.04,29.7489
33700,"Modesto, CA",Metropolitan,557719,,,,0.144677,0.0622564,CA,28.6176,2026,2.75617,2.77458,4.69295,2.64472,0,1.17563,2022,2025,5763,4079,-8.54495,-8.43322,70.7791,88.4655,11.5345,37.0913,23.0259,26.8039,411247,379,230.009,23.9507
26620,"Huntsville, AL",Metropolitan,556444,,,,2.37985,2.64184,AL,96.447,2026,3.3178,2.99805,7.40989,3.06701,0,0.133109,2022,2025,13166,9284,-4.14305,-3.85156,70.515,88.8498,11.1502,32.8025,13.6291,35.218,320078,494,261.192,28.4851
37860,"Pensacola-Ferry Pass-Brent, FL",Metropolitan,544949,,,,1.27214,0.945831,FL,80.7924,2026,0.967811,2.89682,7.33927,5.72795,0,-2.25362,2022,2025,12664,8291,-9.36292,-8.53126,65.469,85.8396,14.1604,28.4518,15.6282,43.9024,323840,606,234.316,26.8251
30460,"Lexington-Fayette, KY",Metropolitan,535174,,,,0.676594,0.821,KY,66.7313,2026,6.11679,5.66336,8.80366,1.92281,0,2.52687,2022,2025,8370,5989,-4.77068,-6.01916,71.5532,90.7817,9.21829,39.8272,15.2919,17.2143,355868,452,246.717,25.5259
28660,"Killeen-Temple, TX",Metropolitan,511497,,,,1.39725,1.04882,TX,83.8717,2026,1.72611,1.7372,6.85021,3.28884,-1.02216,1.86228,2022,2025,11507,7740,-8.41456,-8.14211,67.2634,86.8612,13.1388,26.7184,9.88449,60.0123,296863,460,248.674,27.3787
44180,"Springfield, MO",Metropolitan,500694,,,,1.0006,0.872547,MO,75.7106,2026,3.96648,4.5821,8.12977,2.46463,0,1.15084,2022,2025,9589,7065,-2.75721,-3.36481,73.6782,90.8163,9.18367,35.2963,15.8714,25.106,276977,397,191.992,20.8479
48900,"Wilmington, NC",Metropolitan,492772,,,,2.99377,2.58091,NC,98.4496,2026,3.69753,4.48314,9.80821,1.99395,0,-0.784505,2022,2025,14284,9832,18.4361,17.5374,68.8323,88.1167,11.8833,30.4569,13.6582,20.9172,409944,623,209.061,23.6447
42220,"Santa Rosa-Petaluma, CA",Metropolitan,486444,,,,-0.0848908,0.22272,CA,26.1197,2026,0.791569,1.36424,3.28993,2.05187,0,-1.21242,2022,2025,4866,3542,-8.19073,-8.14331,72.7908,92.1458,7.85417,42.8525,22.2975,8.58369,688058,393,380.04,32.7425
47300,"Visalia, CA",Metropolitan,485146,,,,0.469537,0.267644,CA,45.1766,2026,0.63678,4.01955,6.81282,3.23813,-0.29721,-4.51767,2022,2025,5321,3845,-6.27069,-4.91073,72.2609,91.6073,8.39273,34.1271,22.3916,36.2122,335070,341,240.039,24.7355
29620,"Lansing-East Lansing, MI",Metropolitan,479722,,,,0.267919,0.621488,MI,48.6865,2026,5.1382,5.99594,7.41581,2.51771,0,0.807079,2022,2025,7365,5034,-9.63816,-10.9262,68.3503,85.1545,14.8455,34.5298,18.4679,17.151,250105,393,351.285,34.6619
49620,"York-Hanover, PA",Metropolitan,473197,,,,0.711123,0.683212,PA,64.5349,2026,6.05637,6.15091,8.11191,2.65919,0,1.86248,2022,2025,7716,5720,-6.5604,-7.00318,74.1317,89.3367,10.6633,39.586,13.7516,19.1219,267869,440,274.539,27.8256
23060,"Fort Wayne, IN",Metropolitan,466258,,,,0.774914,0.732825,IN,68.1955,2026,4.33607,5.21121,9.051,2.23825,0,0.542112,2022,2025,8554,6334,-2.61237,-2.63833,74.0472,89.5431,10.4569,37.6206,18.2293,18.4712,255267,358,284.415,27.081
44140,"Springfield, MA",Metropolitan,464338,,,,0.0296168,0.198525,MA,29.1774,2026,4.3806,6.19315,7.60912,2.80061,0,-0.755343,2022,2025,6164,4565,-16.9119,-15.9564,74.0591,90.6636,9.33642,36.0196,16.2579,21.7012,300093,374,209.618,22.5614
47930,"Waterbury-Shelton, CT",Metropolitan,463349,,,,0.63145,0.405001,CT,54.3497,2026,3.89896,6.77074,9.18865,2.78247,0,-4.11594,2022,2025,6772,4836,,,71.4117,89.8538,10.1462,36.3265,20.7242,16.7957,327031,388,171.677,18.3036
46700,"Vallejo, CA",Metropolitan,455376,,,,0.109323,0.0659231,CA,27.8854,2026,-0.66775,0.337958,2.71697,2.03196,-2.12874,-0.487602,2022,2025,5901,4108,-9.07844,-9.43332,69.6153,88.979,11.021,38.7962,22.1692,25.0851,499900,421,235.518,24.7613
18580,"Corpus Christi, TX",Metropolitan,451191,,,,0.217192,0.23237,TX,36.391,2026,1.39702,2.23628,5.08809,4.16925,-3.7273,0.25242,2022,2025,8632,5135,-2.16914,-3.60537,59.488,79.5188,20.4812,28.1919,14.7252,36.4333,290564,461,245.319,25.6336
41420,"Salem, OR",Metropolitan,445814,,,,0.526225,0.539214,OR,54.6942,2026,-0.223688,2.13364,5.01025,2.71393,-0.223688,-5.12189,2022,2025,5916,4131,-9.77625,-8.95071,69.8276,88.2413,11.7587,37.1233,21.0654,24.3761,412153,368,194.447,21.8799
36100,"Ocala, FL",Metropolitan,442660,,,,3.2396,3.42644,FL,99.3971,2026,2.17674,2.29509,8.17727,3.39105,-0.380663,-0.0591043,2022,2025,12774,8304,-2.36515,-0.532178,65.007,82.0749,17.9251,25.8704,14.7384,39.3911,255800,613,174.256,21.5692
42200,"Santa Maria-Santa Barbara, CA",Metropolitan,442065,,,,-0.280835,-0.229303,CA,10.1421,2026,2.29606,4.60338,7.51664,4.26878,-0.0652742,-2.03882,2022,2025,3236,2196,-6.6734,-7.34789,67.8616,88.3792,11.6208,49.943,26.3506,14.2302,890337,393,190.479,23.074
39740,"Reading, PA",Metropolitan,440072,,,,0.527291,0.386196,PA,49.8923,2026,4.57247,6.53674,9.01467,2.87689,0,-0.868722,2022,2025,5617,4174,-4.49986,-4.43161,74.3101,88.3608,11.6392,40.6512,18.7402,16.4035,271730,424,181.4,20.37
42340,"Savannah, GA",Metropolitan,438314,,,,1.57643,0.985633,GA,84.7761,2026,3.37,4.48387,10.3327,3.96179,-0.125396,0.0353742,2022,2025,9222,6309,-6.75248,-6.28756,68.4125,88.2393,11.7607,34.6692,18.4426,37.9418,392397,524,206.397,23.9657
15180,"Brownsville-Harlingen, TX",Metropolitan,433946,,,,0.583513,0.229587,TX,47.4376,2026,4.36527,3.17784,8.11257,4.99478,0,4.99365,2022,2025,4621,2785,-2.50226,-2.57807,60.2683,81.0165,18.9835,27.3225,14.4572,39.8802,280339,346,194.512,21.0772
41500,"Salinas, CA",Metropolitan,433729,,,,-0.309014,0.0650599,CA,15.3101,2026,3.20203,2.21625,5.12013,12.4427,-4.37847,1.93735,2022,2025,2671,1812,-8.42405,-7.90768,67.8398,87.5811,12.4189,49.5967,27.9277,14.8907,742494,370,224.587,25.8335
31700,"Manchester-Nashua, NH",Metropolitan,433415,,,,0.492312,0.690685,NH,56.7183,2026,4.75378,6.27447,8.78739,2.91454,0,-0.0970473,2022,2025,5979,4395,-6.04544,-6.34996,73.5073,91.1617,8.83833,44.7239,19.8088,13.7193,484199,386,255.564,26.8841
25060,"Gulfport-Biloxi, MS",Metropolitan,431329,,,,0.694992,0.90417,MS,68.863,2026,3.54491,3.0957,7.33381,3.57586,-0.494163,0.0421531,2022,2025,8909,5503,-6.80345,-5.36995,61.769,82.6542,17.3458,33.2322,13.4069,40.7,244413,391,237.003,24.0791
34820,"Myrtle Beach-Conway-North Myrtle Beach, SC",Metropolitan,427551,,,,3.86098,3.19666,SC,99.7416,2026,0.825324,3.33034,8.75067,2.35689,-0.0923337,-4.37872,2022,2025,15453,10097,-15.916,-15.7179,65.3401,82.8335,17.1665,25.1631,12.941,23.9662,301331,630,170.658,20.6829
29180,"Lafayette, LA",Metropolitan,423758,,,,0.749183,0.730954,LA,66.7313,2026,5.56512,2.88217,4.61717,5.33098,0,4.86052,2022,2025,8243,4612,-10.2316,-9.89794,55.9505,74.7056,25.2944,28.5404,9.467,34.8476,240566,344,231.484,25.4655
49660,"Youngstown-Warren, OH",Metropolitan,423678,,,,-0.280481,-0.21503,OH,10.7235,2026,4.75365,6.75187,9.16286,2.90523,0,-2.30573,2022,2025,5985,4370,-9.3367,-8.63589,73.0159,90.734,9.26602,39.5239,22.0731,21.181,187625,347,462.622,38.6342
11700,"Asheville, NC",Metropolitan,422345,,,,0.715282,-0.149889,NC,42.9802,2026,1.36029,2.82214,7.75474,3.32747,0,-1.50409,2022,2025,7298,4677,-14.2043,-13.8037,64.0861,85.4362,14.5638,35.9227,16.8516,13.8094,451517,488,261.182,27.1248
34940,"Naples-Marco Island, FL",Metropolitan,417131,,,,2.02601,0.098147,FL,65.3316,2026,0.842335,0.925567,8.30504,3.64906,-1.46532,1.31762,2022,2025,7753,5336,-12.5906,-11.2412,68.825,86.1203,13.8797,27.4606,14.4644,12.131,660135,706,184.087,22.1052
33660,"Mobile, AL",Metropolitan,411658,,,,-0.133362,-0.129794,AL,16.2145,2026,2.13057,3.91808,7.07975,2.88073,0,-3.53188,2022,2025,6727,4254,-8.42943,-7.36235,63.2377,82.7979,17.2021,34.3113,17.0167,36.81,249948,428,193.081,22.0241
43900,"Spartanburg, SC",Metropolitan,407656,,,,2.71559,2.75453,SC,97.9759,2026,2.31384,5.14727,8.94606,4.98418,0,-2.94555,2022,2025,10970,7290,3.13408,4.15442,66.454,83.4534,16.5466,24.9537,13.4239,37.5089,268654,467,192.278,22.0325
11260,"Anchorage, AK",Metropolitan,405821,,,,0.370249,0.296078,AK,42.5711,2026,4.52728,5.05201,6.66581,2.95763,0,-0.162322,2022,2025,6627,4940,-13.6592,-13.1508,74.5435,93.699,6.30096,27.5022,15.6443,37.1319,404285,213,405.103,36.6494
22420,"Flint, MI",Metropolitan,401093,,,,-0.230415,-0.0485935,MI,15.4823,2026,3.83729,5.12001,7.06337,2.7588,0,-2.17399,2022,2025,6248,4319,-5.83943,-4.46942,69.1261,85.9552,14.0448,37.1325,20.4803,24.9115,208755,342,253.834,28.8172
15940,"Canton-Massillon, OH",Metropolitan,400246,,,,-0.0494461,0.109803,OH,24.5478,2026,6.83867,6.11368,8.31006,2.61984,0,1.74296,2022,2025,6047,4460,-2.75677,-3.77646,73.7556,90.1833,9.81668,41.1842,20.7965,20.8697,229558,361,414.293,34.868
13140,"Beaumont-Port Arthur, TX",Metropolitan,399310,,,,0.103146,0.052117,TX,26.9811,2026,3.35841,4.73626,5.91292,4.99686,0,-4.23779,2022,2025,6718,3664,-3.09734,-5.58905,54.54,74.4665,25.5335,27.3592,13.1443,33.0269,232334,370,239.081,25.0705
45940,"Trenton-Princeton, NJ",Metropolitan,399289,,,,0.656634,0.493294,NJ,58.2687,2026,5.18809,7.72173,10.4191,2.47684,0,-2.65387,2022,2025,5309,3476,-2.16323,-2.22724,65.4737,88.8535,11.1465,42.0956,22.0057,11.1036,431789,421,189.077,23.5806
45220,"Tallahassee, FL",Metropolitan,397442,,,,0.603046,0.351978,FL,52.4117,2026,5.0045,3.60535,7.39637,3.68442,0,3.32665,2022,2025,6511,3931,-8.43775,-8.52111,60.3748,81.9929,18.0071,28.8636,17.8248,29.6467,293433,444,195.585,21.1707
22180,"Fayetteville, NC",Metropolitan,395412,,,,0.315654,0.637555,NC,50.6029,2026,2.6293,5.09973,9.44867,3.63352,-1.00334,-2.27731,2022,2025,8254,5523,-19.8904,-20.338,66.913,86.6989,13.3011,42.1494,17.7543,64.4692,291020,437,268.194,29.1542
33860,"Montgomery, AL",Metropolitan,388747,,,,0.172778,0.20983,AL,34.0224,2026,6.00931,4.50342,7.1138,4.0244,-0.89579,2.55387,2022,2025,7670,4784,-6.5683,-6.01739,62.3729,82.2345,17.7655,35.543,18.8494,37.1995,247983,392,224.371,22.8338
43340,"Shreveport-Bossier City, LA",Metropolitan,383474,,,,-0.464771,-0.0755673,LA,10.5082,2026,5.66777,3.67364,4.99614,3.84936,0,2.79147,2022,2025,6813,4058,-8.19777,-9.06173,59.5626,77.9793,22.0207,31.3948,12.5613,42.2293,235478,318,217.675,22.7428
21660,"Eugene-Springfield, OR",Metropolitan,381584,,,,-0.138735,-0.130077,OR,15.9561,2026,3.95429,2.57346,5.16188,2.76149,0,1.86271,2022,2025,5145,3635,-7.38731,-7.12221,70.6511,90.4538,9.5462,37.4462,17.1915,19.4835,388794,349,280.867,28.5096
19340,"Davenport-Moline-Rock Island, IA-IL",Metropolitan,380452,,,,-0.173361,0.141084,IA,21.081,2026,4.1281,5.25764,6.34359,2.98098,0,-0.751388,2022,2025,6552,5140,-6.72191,-6.52859,78.4493,92.1834,7.81662,29.7718,10.8895,19.2294,202099,336,286.723,28.5202
24540,"Greeley, CO",Metropolitan,378426,,,,2.68731,1.92469,CO,95.9948,2026,0.457965,1.50053,4.60339,2.2606,-0.589382,-1.91287,2022,2025,9039,6270,-8.7204,-7.76263,69.3661,88.1972,11.8028,33.9722,17.0914,28.2101,429917,461,177.55,19.7954
22660,"Fort Collins-Loveland, CO",Metropolitan,377292,,,,0.945977,0.826296,CO,74.0741,2026,0.22315,1.31483,5.27881,2.10812,-0.277543,-0.222899,2022,2025,7308,5065,-7.32352,-7.48255,69.3076,90.7477,9.2523,36.2813,16.0775,14.9483,491401,464,185.235,20.4603
25860,"Hickory-Lenoir-Morganton, NC",Metropolitan,376890,,,,0.635351,0.945198,NC,67.5711,2026,2.76482,4.88089,9.05241,3.15676,-0.0368805,-0.443901,2022,2025,7267,4888,-0.48604,-1.16568,67.263,86.7552,13.2448,35.9958,18.6853,25.8422,287533,435,344.416,30.9622
12100,"Atlantic City-Hammonton, NJ",Metropolitan,372047,,,,0.152613,-0.137964,NJ,24.6124,2026,6.1596,8.01502,11.0535,3.5167,0,-1.62089,2022,2025,7657,5259,10.8927,10.6209,68.6823,88.5117,11.4883,36.5315,20.7217,12.4795,517436,492,168.546,19.0705
11460,"Ann Arbor, MI",Metropolitan,370214,,,,-0.0862131,0.340962,MI,29.4143,2026,3.35005,4.89164,7.01094,2.33664,0,-0.771113,2022,2025,5344,3447,-6.95415,-7.3631,64.5022,83.7015,16.2985,38.0704,17.032,7.36488,368644,374,226.471,24.6877
31180,"Lubbock, TX",Metropolitan,368431,,,,0.908423,1.03301,TX,76.615,2026,2.28151,2.06442,5.09726,1.8122,0,0.428815,2022,2025,7509,5074,-1.94187,-4.63298,67.5722,85.8188,14.1812,20.5823,9.97026,33.6384,265877,400,248.908,25.7815
26580,"Huntington-Ashland, WV-KY-OH",Metropolitan,365965,,,,-0.524377,-0.296958,WV,5.66322,2026,8.40294,7.69446,7.69674,4.36037,0,2.19262,2022,2025,6848,3512,-0.458191,-3.66273,51.285,73.0725,26.9275,33.6231,15.3279,27.4441,202380,292,294.774,28.8411
37900,"Peoria, IL",Metropolitan,363505,,,,-0.262023,-0.0154032,IL,15.3962,2026,3.68221,6.78865,7.65239,3.84792,0,-4.89158,2022,2025,5647,4407,-10.0339,-10.8508,78.0414,90.922,9.07801,28.9194,11.6774,17.026,195331,343,541.735,40.3357
23540,"Gainesville, FL",Metropolitan,359036,,,,1.05262,0.508089,FL,68.5831,2026,1.21556,3.08796,7.36816,6.72921,-2.88116,-2.18609,2022,2025,6263,3661,-6.91886,-7.18681,58.4544,78.5064,21.4936,26.5891,15.9214,28.862,327150,440,202.862,23.9849
30700,"Lincoln, NE",Metropolitan,352081,,,,0.653317,0.816079,NE,65.5039,2026,2.11204,3.32919,6.85621,2.64463,0,-2.14114,2022,2025,6060,4842,-1.26542,-2.13589,79.901,94.9541,5.04587,32.6752,13.0145,15.9052,304851,295,315.397,31.0171
17300,"Clarksville, TN-KY",Metropolitan,349001,,,,1.63468,0.691858,TN,78.8329,2026,2.13328,4.08002,8.35311,4.26291,-1.93837,-2.90635,2022,2025,7964,5652,-9.38041,-8.8853,70.9694,90.1848,9.81519,37.5263,16.6906,54.8109,310686,460,262.028,27.8734
40420,"Rockford, IL",Metropolitan,337242,,,,-0.061622,0.223186,IL,27.584,2026,8.14668,8.67964,10.3673,2.86712,0,0.0995551,2022,2025,5327,3851,-2.28208,-3.06525,72.2921,90.1037,9.8963,34.7841,19.1871,17.0701,198171,351,250.977,26.7844
24580,"Green Bay, WI",Metropolitan,336756,,,,0.492715,0.516378,WI,52.5624,2026,4.97943,6.61147,9.8133,2.34861,0,-1.91144,2022,2025,4646,3818,-4.76588,-4.94926,82.1782,93.7942,6.20576,44.8027,23.088,9.78682,327954,341,354.715,35.1594
14500,"Boulder, CO",Metropolitan,328560,,,,-0.146783,-0.280741,CO,12.963,2026,-2.25888,0.390328,4.14406,2.37933,-2.25888,-5.53343,2022,2025,4813,3370,-5.76787,-5.55261,70.0187,93.0534,6.94665,42.5405,20.9548,7.86813,616273,418,326.468,30.7468
17980,"Columbus, GA-AL",Metropolitan,324830,,,,-0.26661,0.134713,GA,18.9061,2026,1.43227,5.04273,7.334,5.1128,-1.31896,-5.14765,2022,2025,5056,3314,-6.93201,-5.83479,65.5459,87.7332,12.2668,38.7657,18.884,48.5853,261261,388,222.624,23.5704
43780,"South Bend-Mishawaka, IN-MI",Metropolitan,324538,,,,0.0184364,0.0212655,IN,23.7726,2026,6.72333,5.62703,8.98614,2.20925,0,1.81448,2022,2025,4916,3586,-5.60104,-6.24227,72.9455,89.0229,10.9771,41.5961,21.5961,17.2414,264590,397,292.611,31.6487
28420,"Kennewick-Richland, WA",Metropolitan,324334,,,,1.26706,1.25407,WA,83.8286,2026,1.91364,2.42849,5.90661,1.40653,0,-0.283074,2022,2025,5399,4097,-3.37105,-3.02871,75.8844,92.8322,7.16776,34.0682,20.4538,25.8545,388908,338,280.75,28.9862
40220,"Roanoke, VA",Metropolitan,316547,,,,0.0822123,0.0809381,VA,27.4117,2026,3.33872,5.70093,8.62607,1.78955,0,-3.00852,2022,2025,5282,3957,-2.24884,-1.89689,74.9148,91.3724,8.62763,37.5671,20.385,23.2484,306107,401,221.992,25.6594
25180,"Hagerstown-Martinsburg, MD-WV",Metropolitan,315280,,,,1.3745,1.39707,MD,86.0896,2026,0.922693,4.74421,7.06189,5.42087,-2.0897,-4.14396,2022,2025,6515,4511,-6.20729,-6.799,69.2402,87.0267,12.9733,34.7839,17.6522,35.5433,295707,425,193.336,21.9095
18880,"Crestview-Fort Walton Beach-Destin, FL",Metropolitan,315098,,,,1.81608,1.57865,FL,90.2239,2026,5.94346,2.39949,7.19604,5.04001,0,3.03936,2022,2025,9293,6102,-14.3071,-13.4201,65.6623,85.8071,14.1929,26.535,11.582,39.9621,513138,692,166.254,20.1566
28700,"Kingsport-Bristol, TN-VA",Metropolitan,314834,,,,0.454299,0.237832,TN,43.3463,2026,3.00079,5.43821,9.89363,3.54328,0,-1.14713,2022,2025,6358,3725,-0.764098,-2.6375,58.5876,81.0999,18.9001,35.5425,21.6473,27.8335,247373,380,493.451,37.2884
43620,"Sioux Falls, SD-MN",Metropolitan,314638,,,,1.82901,1.75215,SD,91.0207,2026,2.46751,2.63291,6.39636,2.12075,0,-0.744122,2022,2025,5351,4201,-6.74455,-6.39385,78.5087,93.1269,6.87308,32.9556,16.1187,20.8333,353134,246,392.508,35.3341
47380,"Waco, TX",Metropolitan,308807,,,,0.824457,0.566652,TX,65.9561,2026,1.00418,1.17433,6.44499,4.64762,-2.54758,-0.98168,2022,2025,5168,3251,-2.58833,-3.3061,62.9063,83.8624,16.1376,28.2023,12.8975,30.0959,323973,441,170.095,19.2038
36500,"Olympia-Lacey-Tumwater, WA",Metropolitan,304261,,,,0.551164,0.704659,WA,59.0009,2026,2.97136,3.17906,5.67073,2.97662,-0.268475,0.282151,2022,2025,4886,3550,-8.94944,-9.33934,72.6566,92.1105,7.8895,41.87,20.2882,30.0103,466586,358,269.647,28.1696
30980,"Longview, TX",Metropolitan,297315,,,,0.750016,0.291448,TX,55.5771,2026,3.37222,3.84489,8.05436,4.32615,0,1.39917,2022,2025,5516,2903,-4.53984,-6.5219,52.6287,74.1861,25.8139,29.4875,15.3024,28.2998,247353,372,246.862,26.3617
32900,"Merced, CA",Metropolitan,297260,,,,0.99555,0.152624,CA,56.9983,2026,-0.0107686,1.32966,4.80263,4.48084,-3.2005,0.18001,2022,2025,2839,2019,-10.6426,-9.32326,71.1166,89.044,10.956,33.89,21.611,31.4835,360527,307,231.662,25.1114
17780,"College Station-Bryan, TX",Metropolitan,287476,,,,1.33946,0.482707,TX,71.3178,2026,-2.229,3.26804,7.32054,6.1686,-2.229,-11.1574,2022,2025,5372,3270,-5.58093,-6.04779,60.8712,79.3897,20.6103,20.5925,8.91209,24.8164,360272,433,200.871,22.4481
46540,"Utica-Rome, NY",Metropolitan,285611,,,,-0.394229,-0.365939,NY,6.50301,2026,8.75168,8.42421,9.58344,5.89704,0,4.73364,2022,2025,3332,2248,-4.48703,-6.41846,67.467,82.9354,17.0646,31.3588,11.8779,14.3477,224631,206,535.768,42.6136
35980,"Norwich-New London-Willimantic, CT",Metropolitan,284015,,,,0.401387,0.298053,CT,43.2386,2026,6.36031,8.14553,9.97754,3.39856,0,-2.48703,2022,2025,4310,3069,-6.33502,-6.43694,71.2065,90.7925,9.20753,36.4465,18.4096,19.3348,371898,368,228.423,24.7651
14740,"Bremerton-Silverdale-Port Orchard, WA",Metropolitan,283374,,,,0.542501,0.942549,WA,63.6951,2026,0.126193,2.5471,4.68856,3.22756,-1.12807,-3.84922,2022,2025,4878,3569,-7.54325,-7.59262,73.1652,92.9397,7.0603,38.5609,15.9236,28.9968,510999,378,245.353,26.5825
42020,"San Luis Obispo-Paso Robles, CA",Metropolitan,282367,,,,0.0077931,0.0758454,CA,24.9354,2026,3.39817,3.85488,6.42506,2.95432,0,0.470517,2022,2025,3021,2088,-8.55754,-8.83732,69.1162,91.2898,8.71022,44.8349,21.1625,10.2686,668764,368,261.275,28.9649
46220,"Tuscaloosa, AL",Metropolitan,281850,,,,0.564408,0.0777613,AL,42.528,2026,-0.0594295,3.42405,5.82236,3.16596,-3.485,-6.90295,2022,2025,5068,2950,-4.28177,-4.57531,58.2084,78.2737,21.7263,29.9786,13.9093,31.259,271631,360,247.974,26.2983
29700,"Laredo, TX",Metropolitan,281224,,,,1.01805,0.233097,TX,59.8191,2026,2.23539,1.35397,6.08078,9.9199,-5.10731,5.05139,2022,2025,3566,2237,0.319852,-0.163375,62.7314,79.9265,20.0735,16.5299,9.10448,50.4306,250592,229,275.269,27.3624
20260,"Duluth, MN-WI",Metropolitan,281219,,,,0.0435104,-0.0191984,MN,23.4065,2026,4.00266,6.04494,8.26573,3.56066,0,-3.25959,2022,2025,4263,3274,-4.16291,-4.89501,76.8004,92.1117,7.88832,33.3876,17.9247,14.1108,257566,374,227.517,24.8022
16300,"Cedar Rapids, IA",Metropolitan,279285,,,,0.192307,0.677709,IA,47.6314,2026,4.85263,4.31223,6.20204,3.07731,0,1.59048,2022,2025,5749,4603,-7.45813,-8.26192,80.0661,93.3634,6.63665,30.1941,11.5863,11.856,210153,267,631.138,44.6043
43640,"Slidell-Mandeville-Covington, LA",Metropolitan,279108,,,,1.04362,0.519691,LA,68.497,2026,3.54718,2.84058,4.98296,4.12547,0,2.92489,2022,2025,4797,3258,,,67.9174,87.6483,12.3517,30.6366,13.5193,33.3215,329579,325,199.572,20.4303
11100,"Amarillo, TX",Metropolitan,276235,,,,0.530728,0.716447,TX,58.764,2026,3.1042,2.65832,6.02371,2.10625,-0.493931,0.629307,2022,2025,5223,3389,-4.34199,-5.44631,64.8861,86.4928,13.5072,27.3059,14.8434,30.7488,251350,315,404.891,29.7777
21780,"Evansville, IN",Metropolitan,273786,,,,0.313535,0.464922,IN,46.0379,2026,2.36017,4.48902,6.73301,3.49586,0,-3.3824,2022,2025,4704,3448,-9.57444,-10.109,73.2993,90.1768,9.82323,40.4593,22.5522,21.8312,238991,311,399.884,36.3529
22020,"Fargo, ND-MN",Metropolitan,269528,,,,1.4949,1.09448,ND,85.0991,2026,4.23881,4.50599,6.28571,3.23324,0,-1.69278,2022,2025,4124,3282,-6.32475,-6.72273,79.5829,94.4586,5.54142,27.5976,9.7066,16.4161,377968,244,455.273,36.7215
31340,"Lynchburg, VA",Metropolitan,269169,,,,0.568242,0.811604,VA,62.0586,2026,4.74232,4.68534,8.62561,3.17666,0,0.112718,2022,2025,4840,3379,-3.85003,-3.54991,69.814,87.7031,12.2969,33.3925,16.5188,28.7409,293858,391,194.182,21.8262
19300,"Daphne-Fairhope-Foley, AL",Metropolitan,267761,,,,2.79793,2.33478,AL,97.5668,2026,6.82209,4.43102,8.87984,4.34639,0,1.20694,2022,2025,8546,5363,-6.81358,-7.78875,62.7545,82.8821,17.1179,28.5029,13.3449,28.657,362830,545,203.031,24.7055
13460,"Bend, OR",Metropolitan,266376,,,,1.36021,0.820947,OR,79.4358,2026,0.651143,1.94153,5.2639,2.39397,0,0.261833,2022,2025,5513,4087,0.133374,0.270604,74.1339,91.728,8.27198,34.4717,16.0494,17.2682,516608,388,199.669,21.4694
21500,"Erie, PA",Metropolitan,265832,,,,-0.364042,-0.226322,PA,9.04393,2026,8.00382,8.1036,9.66782,5.5115,0,0.136464,2022,2025,3017,2232,-4.00885,-4.455,73.9808,88.327,11.673,37.5315,17.8561,15.4334,219839,257,341.241,33.2077
28020,"Kalamazoo-Portage, MI",Metropolitan,263795,,,,0.153474,0.255775,MI,35.0991,2026,0.656951,4.05119,7.19504,3.29488,-0.63592,-5.84013,2022,2025,4194,2819,-5.64072,-7.25806,67.2151,85.1744,14.8256,41.3319,14.5057,12.1655,264557,341,362.703,35.331
49420,"Yakima, WA",Metropolitan,259185,,,,0.191617,0.0826347,WA,31.2877,2026,2.37357,3.40113,6.07863,3.49906,-0.15671,-1.02807,2022,2025,3211,2281,-4.54628,-3.63519,71.0371,89.7952,10.2048,34.5856,21.2217,31.1642,302926,272,356.823,31.2017
42100,"Santa Cruz-Watsonville, CA",Metropolitan,258852,,,,-0.96839,-0.981191,CA,0.47373,2026,1.73746,1.65243,3.80824,3.3565,0,-0.753772,2022,2025,1857,1343,-6.99092,-5.90418,72.3209,91.9503,8.04974,51.4461,28.1634,5.97465,805127,313,286.687,31.1912
39150,"Prescott Valley-Prescott, AZ",Metropolitan,252552,,,,1.26021,0.539818,AZ,71.8346,2026,-0.729729,2.25704,6.10061,4.2961,-1.4023,-4.03302,2022,2025,5356,3619,-10.3964,-9.0979,67.5691,89.0888,10.9112,38.7026,19.6985,24.2971,407611,443,200.433,24.9877
46340,"Tyler, TX",Metropolitan,252549,,,,1.5196,1.21028,TX,86.4772,2026,2.66942,2.33484,7.23999,1.97012,0,-1.00679,2022,2025,5074,2949,-3.72478,-5.76484,58.1198,76.6626,23.3374,27.6497,12.684,23.8826,298927,403,225.4,26.0172
11540,"Appleton, WI",Metropolitan,249876,,,,0.523746,0.533899,WI,54.0052,2026,5.07465,6.59093,9.41212,2.52678,0,-0.685402,2022,2025,3859,3225,-2.93691,-2.50474,83.5709,94.7323,5.26765,41.0744,21.4142,10.0682,314166,301,466.969,37.5875
29340,"Lake Charles, LA",Metropolitan,244655,,,,-0.772827,0.545768,LA,25.9259,2026,7.71735,1.67609,3.30281,5.18776,0,7.28509,2022,2025,3623,2081,-5.38143,-7.43729,57.4386,77.7041,22.2959,31.2748,9.90753,34.9394,213712,260,212.97,22.105
13780,"Binghamton, NY",Metropolitan,243189,,,,-0.269853,-0.102285,NY,13.2644,2026,1.78792,7.01336,8.57915,5.59124,-2.72863,-5.99981,2022,2025,2696,1831,-6.88182,-7.7457,67.9154,85.7722,14.2278,29.604,18.3775,12.8507,204590,211,530.865,39.4495
25940,"Hilton Head Island-Bluffton-Port Royal, SC",Metropolitan,242966,,,,2.28887,1.5133,SC,92.9156,2026,2.65845,5.61749,10.3682,4.60235,0,-6.69955,2022,2025,7936,5040,-4.34038,-4.32575,63.5081,81.8819,18.1181,26.7761,12.6398,22.371,491371,551,186.905,21.3158
16580,"Champaign-Urbana, IL",Metropolitan,239979,,,,0.298514,0.348323,IL,41.8389,2026,5.38641,6.26609,8.07858,3.2796,0,-0.987356,2022,2025,3130,2440,-4.41448,-4.52919,77.9553,91.854,8.14596,28.6967,11.9813,15.966,264713,302,242.769,26.0559
31420,"Macon-Bibb County, GA",Metropolitan,238553,,,,0.421453,0.284602,GA,43.6477,2026,2.7134,6.03263,8.87261,5.25796,0,-6.67704,2022,2025,3908,2368,-6.95185,-6.61816,60.5937,82.1891,17.8109,37.1883,19.6817,33.0454,240959,386,209.006,23.9489
13380,"Bellingham, WA",Metropolitan,236392,,,,0.774025,0.763424,WA,68.5831,2026,0.485696,3.73034,6.0837,3.11472,-0.777061,-4.00476,2022,2025,3310,2361,-7.39521,-6.54931,71.3293,92.0963,7.90365,37.1071,18.3005,13.6278,525038,311,404.213,32.8969
22900,"Fort Smith, AR-OK",Metropolitan,234140,,,,0.6027,0.499622,AR,56.5676,2026,3.21515,4.66084,8.11794,5.1213,-0.721482,-3.10885,2022,2025,3722,2490,-9.80156,-8.77613,66.8995,86.4181,13.5819,34.8679,14.9621,31.6834,228410,295,262.803,25.689
12700,"Barnstable Town, MA",Metropolitan,233539,,,,0.476376,-0.176105,MA,33.9578,2026,4.32595,5.54204,8.91228,3.6114,0,2.42287,2022,2025,3935,2971,-8.59086,-9.3166,75.5019,91.2081,8.79187,44.9203,19.911,7.14089,633044,425,478.872,38.4816
45820,"Topeka, KS",Metropolitan,233052,,,,0.0123623,0.117709,KS,26.3781,2026,5.6298,5.6107,8.09241,4.42437,0,-0.76097,2022,2025,3683,2845,-0.625631,-1.75276,77.2468,90.4951,9.50489,35.6626,17.1868,22.0958,211246,294,273.357,27.5278
40340,"Rochester, MN",Metropolitan,231184,,,,0.403216,0.4711,MN,48.062,2026,2.99315,3.45577,5.80657,3.18914,0,0.926969,2022,2025,3597,2854,-3.86883,-5.12557,79.3439,92.5797,7.42027,28.6857,10.9445,11.8178,344548,322,251.57,26.2673
37460,"Panama City-Panama City Beach, FL",Metropolitan,231174,,,,2.95231,2.01853,FL,97.1146,2026,3.12902,1.14538,7.13652,4.72871,-1.07347,-0.550541,2022,2025,6997,4328,-8.85211,-7.46376,61.8551,82.0253,17.9747,23.1534,11.2926,37.2649,334739,527,197.554,23.1781
29740,"Las Cruces, NM",Metropolitan,229091,,,,0.807717,0.432697,NM,61.1972,2026,-0.375127,2.98405,7.23895,4.11956,-0.375127,-5.62144,2022,2025,4393,2550,-6.63672,-6.07002,58.0469,78.3728,21.6272,29.0879,17.158,37.8924,267722,284,229.366,24.7779
16820,"Charlottesville, VA",Metropolitan,228597,,,,0.62022,0.602036,VA,59.9268,2026,3.04994,5.20182,8.00076,3.78283,0,-1.2431,2022,2025,3526,2498,-7.95167,-8.64138,70.8452,91.2795,8.72051,35.352,15.1656,16.1593,507222,395,258.42,26.3516
29200,"Lafayette-West Lafayette, IN",Metropolitan,228468,,,,0.408786,0.219329,IN,40.8269,2026,4.10836,5.69274,8.57686,2.0533,0,-0.112175,2022,2025,3367,2606,-5.00723,-4.85883,77.3983,92.8302,7.16981,37.7746,17.0726,18.457,309010,317,312.401,28.8158
29420,"Lake Havasu City-Kingman, AZ",Metropolitan,228102,,,,1.26872,0.813217,AZ,77.8424,2026,-0.0466567,1.86146,4.89342,3.07891,-1.66928,-1.16403,2022,2025,5023,3606,-8.69952,-5.35229,71.7898,89.5508,10.4492,36.8144,20.764,31.7487,298256,415,239.671,27.1486
15540,"Burlington-South Burlington, VT",Metropolitan,227803,,,,0.183,-0.223815,VT,24.5263,2026,0.842321,4.32673,8.28547,3.96635,-0.351332,-2.25239,2022,2025,3179,2511,-4.50963,-3.86279,78.9871,93.5226,6.47744,34.965,11.0593,8.27667,404275,179,899.371,45.9933
23580,"Gainesville, GA",Metropolitan,226568,,,,2.18266,1.3523,GA,91.7959,2026,2.74278,4.29947,9.83437,4.90447,0,-0.871187,2022,2025,3771,2647,-8.22207,-6.63134,70.1936,87.9192,12.0808,34.545,19.4857,24.7737,403984,386,186.407,22.3847
49740,"Yuma, AZ",Metropolitan,224449,,,,1.76802,1.38264,AZ,88.8889,2026,-0.0237156,2.11024,7.08784,3.11909,-2.43585,-3.32806,2022,2025,3515,2590,-5.79952,-4.86493,73.6842,89.9833,10.0167,35.0714,18.551,50.7165,280822,276,383.284,35.5612
12020,"Athens-Clarke County, GA",Metropolitan,224148,,,,0.768143,-0.00490723,GA,47.8682,2026,1.01201,5.08278,9.13877,3.6494,0,-6.5164,2022,2025,2935,1993,-4.22683,-4.95177,67.9046,87.8489,12.1511,38.2399,18.0663,19.3915,364458,380,179.037,21.0688
33740,"Monroe, LA",Metropolitan,222390,,,,-0.382372,-0.316009,LA,6.97674,2026,2.06061,2.39569,4.04931,4.14307,-1.86134,0.155381,2022,2025,3842,2008,-0.164303,-3.0861,52.2644,70.8913,29.1087,35.2258,9.19355,29.5455,225533,233,307.756,30.2076
32780,"Medford, OR",Metropolitan,221795,,,,-0.17563,0.202397,OR,22.6529,2026,3.86899,2.84559,4.05473,3.2074,0,-0.208145,2022,2025,3578,2468,-6.45516,-7.39778,68.9771,91.7929,8.20712,32.3279,17.3293,23.1354,371673,288,377.702,32.7112
17860,"Columbia, MO",Metropolitan,219062,,,,0.766414,0.411617,MO,59.3454,2026,3.26419,5.45891,7.85525,2.9948,0,0.420882,2022,2025,3639,2649,-4.26237,-5.08529,72.7947,92.2148,7.78523,33.1061,14.5202,18.2979,327499,313,384.055,35.797
39460,"Punta Gorda, FL",Metropolitan,217212,,,,2.92824,2.72208,FL,98.3635,2026,-0.181099,-3.32921,4.78323,5.60147,-10.5897,7.31064,2022,2025,7411,4988,-3.43368,-0.0133618,67.3054,85.2775,14.7225,22.1355,11.3643,26.1607,299954,640,197.799,25.551
27340,"Jacksonville, NC",Metropolitan,217175,,,,1.16213,1.16596,NC,82.4289,2026,3.82556,5.99894,9.61872,5.91987,0,-2.19204,2022,2025,5626,4088,-12.4026,-12.8028,72.6626,90.7748,9.22517,35.4696,13.9227,66.3281,301874,371,370.184,36.7405
27740,"Johnson City, TN",Metropolitan,216416,,,,0.847403,0.720911,TN,69.5736,2026,4.02803,5.35291,10.3228,3.43044,0,0.881031,2022,2025,3997,2536,-2.13239,-2.71144,63.4476,85.7418,14.2582,35.83,21.2298,24.3922,311581,341,478.001,35.4454
41100,"St. George, UT",Metropolitan,213670,,,,3.26032,2.51354,UT,98.7941,2026,-0.127734,2.06002,5.31834,3.40217,-1.38736,-3.84555,2022,2025,5348,3887,-1.77385,-1.20524,72.6814,92.2242,7.77577,34.2968,12.4239,16.6254,460171,302,322.74,32.2933
30500,"Lexington Park, MD",Metropolitan,211176,,,,0.408606,0.160788,MD,39.2765,2026,0.380085,4.68968,5.63656,4.25656,-0.0500438,-4.5474,2022,2025,3407,2507,,,73.5838,93.4942,6.50585,39.9377,19.7413,39.839,426711,347,291.734,30.9928
17020,"Chico, CA",Metropolitan,209211,,,,-0.0946587,0.299637,CA,28.4238,2026,-2.09257,0.973433,2.4941,4.2213,-4.01096,-4.35331,2022,2025,2839,1908,-6.03594,-7.34916,67.2068,88.7248,11.2752,33.727,16.1514,23.5846,371578,307,243.915,25.9326
27900,"Joplin, MO-KS",Metropolitan,208796,,,,0.774992,0.748876,MO,68.6693,2026,1.98643,4.4875,8.0155,2.99226,-1.14896,-1.98294,2022,2025,4049,2754,-2.21929,-2.96236,68.0168,89.9405,10.0595,29.5652,12.0716,31.3523,209535,279,545.564,43.5996
21140,"Elkhart-Goshen, IN",Metropolitan,208774,,,,0.172268,0.277623,IN,36.4556,2026,5.27537,5.2507,8.0443,3.49106,0,-0.662994,2022,2025,3181,2303,-8.06689,-6.30596,72.3986,86.7491,13.2509,38.0248,17.5188,16.5631,273415,254,302.539,28.3052
47580,"Warner Robins, GA",Metropolitan,208091,,,,1.58203,1.7983,GA,89.7717,2026,7.91043,4.54179,9.43681,6.44663,0,7.01569,2022,2025,4215,2948,-7.86391,-6.4952,69.9407,89.8255,10.1745,34.6341,16.4523,48.2875,274400,358,283.637,28.9145
12220,"Auburn-Opelika, AL",Metropolitan,208013,,,,1.37308,0.949252,AL,81.9552,2026,1.25446,4.45035,7.78883,4.91294,0,-8.6012,2022,2025,4474,2878,-4.2087,-4.55476,64.3272,82.8272,17.1728,30.4495,13.9439,30.8808,362536,371,225.357,24.4132
44100,"Springfield, IL",Metropolitan,206033,,,,-0.235378,0.0354438,IL,17.2265,2026,5.13373,6.03523,7.27348,3.88976,0,-0.507686,2022,2025,3687,2843,-3.33557,-4.44019,77.1088,88.6724,11.3276,30.7767,13.9518,14.8079,195021,274,346.523,33.8041
41060,"St. Cloud, MN",Metropolitan,205854,,,,0.597684,0.474419,MN,55.4694,2026,3.20787,2.94005,6.32307,3.2297,0,-0.781287,2022,2025,2978,2304,-3.49101,-4.50861,77.3674,90.9299,9.07012,32.2552,16.1717,18.6348,304219,281,234.666,25
22500,"Florence, SC",Metropolitan,201392,,,,0.17099,0.195025,SC,33.0749,2026,7.02943,5.45589,7.78939,7.1748,-0.280485,4.76667,2022,2025,3998,2095,-3.55789,-3.96026,52.4012,71.3512,28.6488,28.5958,14.7921,40.0183,225778,310,254.258,26.5783
16620,"Charleston, WV",Metropolitan,200170,,,,-0.951398,-0.691592,WV,1.16279,2026,10.5361,7.59192,6.98234,3.92845,0,8.39528,2022,2025,3201,1719,-8.46699,-10.3155,53.702,76.4073,23.5927,34.289,18.2722,28.4516,186542,214,337.065,32.2443
26380,"Houma-Bayou Cane-Thibodaux, LA",Metropolitan,199668,,,,-0.702922,0.0305601,LA,10.8742,2026,-0.782935,1.04346,3.16129,3.47292,-1.48236,-5.97207,2022,2025,2798,1564,-12.8629,-9.61349,55.8971,72.9203,27.0797,33.3617,12.3136,38.373,232717,218,328.166,30.6457
39540,"Racine-Mount Pleasant, WI",Metropolitan,198919,,,,0.0864902,0.240878,WI,32.5581,2026,7.20179,7.48422,9.37515,3.94011,0,0.504342,2022,2025,2983,2271,-7.10382,-7.07265,76.1314,91.4461,8.55389,43.9121,24.0306,13.643,288598,329,406.463,34.2714
14540,"Bowling Green, KY",Metropolitan,197180,,,,1.83167,1.74249,KY,91.0637,2026,2.82871,3.25423,7.73505,3.31304,0,-0.645176,2022,2025,3215,2274,-7.55952,-8.04934,70.7309,88.7809,11.2191,37.7668,12.9721,24.3004,351117,307,226.206,23.7661
20100,"Dover, DE",Metropolitan,194786,,,,1.33133,0.990274,DE,82.3213,2026,3.68983,4.14243,6.84604,7.89996,-4.49414,1.09072,2022,2025,3862,2490,-8.06407,-8.48691,64.4744,82.763,17.237,38.9706,19.1667,39.8168,315972,322,205.229,20.9724
13740,"Billings, MT",Metropolitan,193603,,,,0.944124,0.582915,MT,68.4324,2026,4.40853,2.39142,7.0947,3.69096,-1.42204,3.88881,2022,2025,3718,2614,-2.02224,-3.41286,70.3066,89.9304,10.0696,34.1064,15.881,24.6818,331695,249,291.185,28.5559
33260,"Midland, TX",Metropolitan,193139,,,,1.8781,1.99459,TX,92.4849,2026,4.08646,4.66766,4.98081,3.60325,-1.08469,0.00152183,2022,2025,6084,3607,0.762072,-0.26657,59.2867,77.7551,22.2449,16.2137,7.27062,38.9962,320115,356,352.601,32.3273
17660,"Coeur d'Alene, ID",Metropolitan,191864,,,,2.11545,1.83972,ID,93.6047,2026,3.45081,4.31702,5.92001,4.83283,0,-2.91389,2022,2025,3923,2830,-0.211524,0.499651,72.1387,92.0221,7.97791,38.8769,21.0367,17.6981,484495,314,321.007,29.2891
40980,"Saginaw, MI",Metropolitan,187688,,,,-0.229119,-0.0394116,MI,15.8484,2026,4.30488,4.27574,8.06829,3.67101,0,-1.02834,2022,2025,2558,1816,-3.40321,-4.92373,70.993,87.312,12.688,34.4168,19.8628,21.1889,201085,263,266.713,29.3855
49700,"Yuba City, CA",Metropolitan,187478,,,,0.65477,0.592357,CA,61.025,2026,0.859645,1.71539,3.82931,3.68352,-1.79511,-0.139645,2022,2025,2754,1885,-10.2073,-9.7933,68.4459,87.9659,12.0341,34.6394,18.5506,32.2514,393546,285,252.539,24.7027
15500,"Burlington, NC",Metropolitan,186177,,,,1.64116,1.53577,NC,89.2119,2026,5.4011,3.83503,9.56113,4.90119,0,3.70683,2022,2025,3894,2698,0.659169,1.27992,69.2861,86.4354,13.5646,31.9374,15.8174,26.1319,289277,345,345.171,32.9977
10180,"Abilene, TX",Metropolitan,185429,,,,0.946312,0.930769,TX,75.7321,2026,8.95156,6.20301,7.91057,8.05074,0,5.60633,2022,2025,4432,2887,2.55446,2.79309,65.1399,84.7984,15.2016,20.8607,8.66228,41.3225,258124,318,370.413,32.4086
27180,"Jackson, TN",Metropolitan,184569,,,,0.44006,0.464304,TN,49.2894,2026,6.08864,5.68362,9.3585,3.91827,0,5.37602,2022,2025,3090,1970,-3.91218,-3.43799,63.754,83.8111,16.1889,38.7438,16.6356,31.0864,265838,307,395.422,34.4845
28740,"Kingston, NY",Metropolitan,183330,,,,0.2225,0.128349,NY,33.4195,2026,2.59521,5.30937,7.89156,4.02135,-2.81026,-2.20997,2022,2025,2097,1423,-9.11145,-10.1381,67.8588,85.879,14.121,36.8398,22.814,6.70832,405822,224,447.066,39.1721
24780,"Greenville, NC",Metropolitan,182936,,,,1.04827,1.13555,NC,80.491,2026,2.95382,4.27122,7.68903,6.37141,-0.739005,3.1367,2022,2025,3596,2268,-2.00268,-2.79081,63.0701,81.2115,18.7885,30.5573,14.5438,26.8068,269281,316,382.009,34.0217
26980,"Iowa City, IA",Metropolitan,182711,,,,0.796296,0.686634,IA,67.3127,2026,2.99993,3.91346,6.01366,3.5856,0,-1.90907,2022,2025,3634,2964,-6.93201,-7.63127,81.563,94.6319,5.3681,28.8355,8.28331,5.99251,271721,224,1493.92,62.7306
39820,"Redding, CA",Metropolitan,181648,,,,-0.059679,0.141131,CA,25.2584,2026,0.899514,1.55065,3.76656,4.06009,0,-1.51802,2022,2025,2757,1866,-6.7309,-6.66533,67.6823,91.4139,8.58609,34.3189,16.7547,28.0702,321811,297,214.019,21.7484
13980,"Blacksburg-Christiansburg-Radford, VA",Metropolitan,181616,,,,-0.0170602,0.0655658,VA,23.708,2026,5.65363,4.24844,7.80442,3.36787,0,1.50715,2022,2025,2522,1742,-0.806277,-2.47465,69.0722,88.1982,11.8018,32.559,15.8343,21.453,295677,286,223.281,21.4405
20940,"El Centro, CA",Metropolitan,181411,,,,0.208451,-0.744101,CA,21.3824,2026,3.78904,6.35405,8.00236,4.71666,0,-1.19809,2022,2025,1389,964,-10.6311,-8.63567,69.4024,87.3167,12.6833,39.75,29.1875,39.009,337676,232,276.158,27.3718
34740,"Muskegon-Norton Shores, MI",Metropolitan,177901,,,,0.354266,0.381436,MI,44.2076,2026,2.42963,5.29391,9.79504,2.82822,0,-5.7926,2022,2025,3205,2204,-3.88889,-3.04168,68.7676,85.6931,14.3069,41.8776,20.5169,23.4149,239270,266,356.346,33.5511
20740,"Eau Claire, WI",Metropolitan,176647,,,,0.507503,0.421819,WI,50.323,2026,2.30632,4.29459,7.97341,3.20864,0,-5.03573,2022,2025,2483,1871,-6.55453,-7.23758,75.3524,91.3849,8.6151,37.0246,18.9498,10.5941,285529,267,914.843,45.8098
36780,"Oshkosh-Neenah, WI",Metropolitan,174218,,,,0.276067,0.533198,WI,46.5547,2026,5.90821,6.89707,9.28915,3.28772,0,2.01135,2022,2025,2666,2186,-4.72867,-4.86745,81.9955,93.1734,6.82664,38.0034,19.1719,11.7332,277104,273,367.393,31.9143
26820,"Idaho Falls, ID",Metropolitan,173851,,,,1.88009,1.44478,ID,90.3747,2026,4.81897,2.9871,5.8349,4.09456,0,1.96666,2022,2025,3247,2401,-3.55096,-2.96637,73.9452,93.196,6.80397,34.8263,20.0326,21.8507,355621,253,433.525,35.3112
36220,"Odessa, TX",Metropolitan,173801,,,,0.9847,1.84408,TX,83.0103,2026,0.059967,4.85294,4.5234,4.5146,-0.378128,-6.73656,2022,2025,5346,2472,0.478416,-0.147889,46.2402,65.0418,34.9582,15.7751,6.47359,48.7742,243904,251,622.212,41.3858
42680,"Sebastian-Vero Beach-West Vero Corridor, FL",Metropolitan,172799,,,,1.49348,0.722196,FL,78.273,2026,3.00369,3.43008,8.05974,3.30311,0,3.75678,2022,2025,3554,2376,-6.66478,-6.81126,66.8542,84.3131,15.6869,30.343,18.499,24.4161,370509,442,179.027,21.0664
26140,"Homosassa Springs, FL",Metropolitan,171666,,,,2.12116,1.08644,FL,89.6641,2026,5.4039,4.26551,9.01727,6.22064,0,4.67145,2022,2025,4554,3054,-6.67099,-4.94629,67.0619,85.5143,14.4857,29.5339,15.5976,34.7885,256974,445,191.318,22.4965
14010,"Bloomington, IL",Metropolitan,171419,,,,0.0244025,-0.0542236,IL,21.9854,2026,8.71378,5.45996,8.75642,3.97216,0,5.92103,2022,2025,2441,1961,-9.76202,-8.90332,80.3359,91.4835,8.51648,31.8624,13.3773,12.6116,235469,269,364.753,32.4851
29100,"La Crosse-Onalaska, WI-MN",Metropolitan,171182,,,,0.0806941,0.186699,WI,29.9526,2026,5.00364,6.03949,8.45148,2.82324,0,-1.31483,2022,2025,2220,1830,1.85343,0.608422,82.4324,94.1825,5.81745,41.1576,15.5627,8.26802,293628,255,796.849,37.3121
39380,"Pueblo, CO",Metropolitan,169277,,,,0.111789,-0.520093,CO,19.4229,2026,-2.89769,0.83783,3.95995,4.83596,-3.63744,-5.17858,2022,2025,3170,2142,-12.0775,-12.542,67.571,89.1245,10.8755,42.2797,21.2881,39.2509,286863,325,418.41,35.461
45460,"Terre Haute, IN",Metropolitan,169241,,,,0.0532636,0.276701,IN,32.2782,2026,7.68251,7.0456,9.23942,3.13177,0,0.576113,2022,2025,2462,1785,-5.82835,-6.43208,72.502,90.2451,9.75495,39.6348,17.653,24.4718,194204,268,483.354,38.473
47940,"Waterloo-Cedar Falls, IA",Metropolitan,169189,,,,0.0949569,-0.0112288,IA,25.6029,2026,2.58309,3.89894,6.50328,3.36167,0,-0.75271,2022,2025,3103,2547,-7.19414,-7.28698,82.0819,93.7075,6.29246,33.3071,13.3281,5.88828,189574,212,1400.04,59.2658
28450,"Kenosha, WI",Metropolitan,168448,,,,-0.0873939,0,WI,19.8966,2026,8.36229,8.5061,9.07673,3.23757,0,1.59984,2022,2025,2201,1628,,,73.9664,89.1547,10.8453,46.1462,24.5452,15.2362,308716,292,239.62,25.0896
27500,"Janesville-Beloit, WI",Metropolitan,166472,,,,0.328676,0.487128,WI,47.4591,2026,4.77067,7.30854,9.17513,4.04025,0,-1.77012,2022,2025,2823,2167,-1.48951,-2.19221,76.7623,89.8921,10.1079,44.4074,18.9841,13.4604,253505,298,310.25,31.3924
14020,"Bloomington, IN",Metropolitan,165231,,,,0.401447,0.450483,IN,47.373,2026,0.400878,3.87217,6.00159,4.56983,-0.654352,-4.61725,2022,2025,2162,1565,-8.35657,-8.81259,72.3867,90.312,9.68801,43.3176,26.331,16.3234,333633,276,395.772,33.2143
11200,"Amherst Town-Northampton, MA",Metropolitan,164065,,,,2.00024,-0.372847,MA,56.137,2026,2.3919,4.59341,7.80707,6.6651,0,-1.46213,2022,2025,1519,1139,,,74.9835,94.8304,5.16963,37.9967,14.2079,9.20152,364798,240,304.743,29.1971
24300,"Grand Junction, CO",Metropolitan,162845,,,,0.86165,0.895291,CO,73.062,2026,8.78165,4.98822,7.73722,3.55408,0,6.35612,2022,2025,3771,2617,-5.37636,-4.63051,69.398,91.9598,8.0402,35.8421,20.6423,23.4209,325298,324,239.42,26.2042
30860,"Logan, UT-ID",Metropolitan,160889,,,,1.69507,0.349282,UT,70.1335,2026,0.600088,2.58359,6.67177,4.42394,-1.81339,-1.4082,2022,2025,2360,1719,-7.27288,-5.97534,72.839,92.5963,7.40365,41.6695,18.188,17.7618,399619,217,438.658,40.7442
27980,"Kahului-Wailuku, HI",Metropolitan,160674,,,,-0.51089,-1.01405,HI,3.07924,2026,3.93036,1.49538,8.23773,8.17011,-1.1045,1.29236,2022,2025,1352,889,-18.5924,-19.5915,65.7544,85.6343,14.3657,43.9824,20.794,10.8896,862255,194,327.1,31.608
16540,"Chambersburg, PA",Metropolitan,160652,,,,0.597418,0.737415,PA,61.671,2026,3.35773,5.37482,7.55855,5.77142,-0.743869,-1.9187,2022,2025,2449,1845,-2.98401,-3.16681,75.3369,90.0892,9.91076,37.5846,12.0095,23.3359,262794,275,278.375,28.6509
19460,"Decatur, AL",Metropolitan,160326,,,,0.496309,0.267044,AL,45.8226,2026,1.95822,3.42856,8.26055,5.11783,0,-2.71895,2022,2025,3113,1850,-4.38287,-4.58924,59.4282,79.5743,20.4257,37.9195,16.745,30.9009,229292,290,240.966,26.8563
27100,"Jackson, MI",Metropolitan,159552,,,,-0.0829011,-0.0225581,MI,19.3798,2026,6.0825,6.85756,7.89501,4.58773,0,1.03869,2022,2025,2615,1782,-7.12321,-5.28115,68.1453,86.3492,13.6508,35.7606,19.7909,22.6111,545718,277,245.119,26.7912
25620,"Hattiesburg, MS",Metropolitan,158014,,,,0.510074,0.5338,MS,53.596,2026,4.69392,6.02831,6.98767,6.79135,0,3.70064,2022,2025,2877,1648,-11.2456,-9.7111,57.2819,77.8599,22.1401,36.6641,11.6833,30.1418,228604,236,258.203,25.1286
12620,"Bangor, ME",Metropolitan,157967,,,,0.75003,0.434885,ME,59.4961,2026,-0.540226,4.69542,9.24829,6.7696,-2.70452,-6.3695,2022,2025,2406,1755,-2.88674,-2.14573,72.9426,87.5304,12.4696,39.6285,20.399,23.1414,271587,231,375.911,34.2688
48680,"Wildwood-The Villages, FL",Metropolitan,157772,,,,3.90149,2.27601,FL,98.8157,2026,2.60572,0.627856,6.36315,2.82906,-1.86242,4.35213,2022,2025,5690,4298,,,75.536,91.8174,8.18258,15.5101,8.53155,15.5475,326189,523,806.941,41.1027
44300,"State College, PA",Metropolitan,157393,,,,-0.0813802,-0.701555,PA,12.36,2026,3.16415,3.82212,6.57189,5.10335,0,-0.159607,2022,2025,1583,1234,-5.21626,-6.48629,77.9533,91.2293,8.77067,36.1614,13.761,9.50943,492869,233,288.22,28.4273
47220,"Vineland, NJ",Metropolitan,157148,,,,0.440381,0.473764,NJ,50.0861,2026,7.63776,7.00465,9.91533,4.83556,0,2.57726,2022,2025,2174,1407,-3.12167,-3.5059,64.7194,85.656,14.344,38.7995,24.9674,34.3159,242193,286,220.553,23.7796
45900,"Traverse City, MI",Metropolitan,156972,,,,0.426628,0.33686,MI,44.9828,2026,3.33,5.7174,9.78497,4.0736,0,-1.84706,2022,2025,2663,1817,,,68.2313,86.1785,13.8215,43.2542,21.0806,11.554,394229,328,361.87,35.8172
39660,"Rapid City, SD",Metropolitan,156934,,,,1.20653,0.270269,SD,63.8243,2026,1.77628,4.0929,7.72918,2.40499,0,-3.46867,2022,2025,2843,2081,-2.61261,-2.7274,73.1973,92.4424,7.55764,34.498,15.6752,36.8697,344582,225,438.46,36.448
42140,"Santa Fe, NM",Metropolitan,156907,,,,0.236069,-0.262522,NM,25.5383,2026,4.0103,4.93074,7.26109,6.81046,0,1.75566,2022,2025,2680,1572,-5.85735,-4.25436,58.6567,81.0448,18.9552,38.2318,19.8821,16.3956,532099,297,200.905,21.5639
22520,"Florence-Muscle Shoals, AL",Metropolitan,156609,,,,0.68708,0.152202,AL,49.354,2026,6.65819,6.80482,9.05362,4.24808,0,4.27871,2022,2025,2747,1887,-4.39982,-4.24124,68.6931,86.3043,13.6957,44.3855,21.5149,27.3966,240829,279,303.733,30.5266
20020,"Dothan, AL",Metropolitan,156266,,,,0.664497,0.640167,AL,62.1662,2026,-0.991145,4.9082,7.33963,9.14579,-1.92745,-9.10681,2022,2025,3122,1862,-2.57356,-2.38755,59.6413,77.1889,22.8111,36.6667,13.4354,33.7216,223625,276,209.707,22.8636
33780,"Monroe, MI",Metropolitan,156004,,,,0.140587,0.0859691,MI,29.3928,2026,2.11137,5.11177,6.3633,3.53472,-1.34674,-4.4692,2022,2025,2740,1832,-5.18948,-4.95914,66.8613,82.1994,17.8006,42.2264,20.719,18.8999,237347,274,287.452,29.2453
25260,"Hanford-Corcoran, CA",Metropolitan,154327,,,,0.19737,0.134961,CA,33.1826,2026,0.668723,3.45989,6.5193,3.76646,0,-8.31909,2022,2025,1827,1339,-6.4143,-4.36832,73.2895,91.0408,8.95916,34.0394,18.3744,47.3998,346912,235,259.006,25.767
43300,"Sherman-Denison, TX",Metropolitan,153613,,,,2.44189,1.8215,TX,94.8536,2026,-2.42214,1.37249,7.00264,4.82122,-3.90989,-4.8409,2022,2025,4284,2651,-5.35448,-5.18368,61.8814,81.6379,18.3621,27.1103,11.603,30.1003,317056,407,169.925,20.0382
46660,"Valdosta, GA",Metropolitan,153276,,,,0.656813,0.344354,GA,53.7898,2026,10.0348,9.48976,9.4008,9.56811,0,8.83469,2022,2025,3030,1924,-4.29945,-6.83126,63.4983,81.4395,18.5605,36.5435,13.7533,44.0893,266403,290,210.285,22.2651
27620,"Jefferson City, MO",Metropolitan,152712,,,,0.436804,0.535886,MO,51.615,2026,3.15253,6.3499,9.05628,3.23606,0,-3.17968,2022,2025,2593,1928,-1.54503,-1.68759,74.354,91.1071,8.89292,38.9487,18.651,21.784,251520,229,552.97,43.61
35660,"Niles, MI",Metropolitan,152444,,,,-0.254016,0.0328097,MI,16.6667,2026,7.60772,6.07304,8.60824,3.95059,0,3.39538,2022,2025,2758,1781,-3.85261,-5.89346,64.5758,84.0521,15.9479,38.7762,20.6944,13.7622,925556,339,456.448,38.9837
49020,"Winchester, VA-WV",Metropolitan,152332,,,,1.27521,1.53436,VA,85.7881,2026,6.70538,5.21925,7.86728,3.83006,0,2.03744,2022,2025,3113,2227,-1.44556,-1.32611,71.5387,90.0742,9.92575,33.4031,18.2117,26.1414,350936,347,232.273,25.754
48660,"Wichita Falls, TX",Metropolitan,149448,,,,0.138279,0.0321285,TX,27.4117,2026,0.794172,3.51279,6.06597,4.09997,-2.94201,-0.853703,2022,2025,2291,1570,-5.6071,-8.02718,68.529,86.4523,13.5477,31.9167,14.8742,38.0723,218688,278,319.053,31.264
40580,"Rocky Mount, NC",Metropolitan,148486,,,,0.557679,0.42609,NC,52.2394,2026,-2.22411,3.21382,7.60871,6.25716,-2.22411,-11.718,2022,2025,2893,1661,-3.49663,-2.9301,57.4144,76.1364,23.8636,34.1657,17.6774,37.7995,240412,308,284.522,27.5246
10780,"Alexandria, LA",Metropolitan,147952,,,,-0.512858,-0.0614686,LA,9.81912,2026,4.83128,3.30948,5.00709,8.10502,0,5.67046,2022,2025,2469,1276,-6.62809,-9.1024,51.6808,73.6345,26.3655,36.4858,12.9915,35.2941,213221,198,330.233,30.3247
19140,"Dalton, GA",Metropolitan,147819,,,,0.695237,0.586566,GA,62.7692,2026,4.16454,4.45461,8.92189,4.89989,-0.347073,3.13771,2022,2025,2328,1352,-3.33049,-3.53186,58.0756,78.6108,21.3892,33.8228,17.768,33.4422,234290,277,228.904,24.7272
45500,"Texarkana, TX-AR",Metropolitan,146816,,,,-0.0889893,0.0552016,TX,20.7149,2026,4.38458,4.05597,7.6157,6.60787,-1.71453,0.0827024,2022,2025,2641,1414,-5.49511,-7.74741,53.5403,73.4542,26.5458,30.5842,13.5002,30.964,212433,252,255.539,25.1918
30140,"Lebanon, PA",Metropolitan,146380,,,,0.430144,0.679542,PA,54.0698,2026,1.2991,4.50409,8.39878,5.63439,-1.85936,-5.06219,2022,2025,1933,1482,-2.7552,-3.12311,76.6684,90.5627,9.43728,37.9137,15.5425,19.4162,285951,265,294.209,29.8536
43580,"Sioux City, IA-NE-SD",Metropolitan,145738,,,,0.191853,0.0885934,IA,31.7614,2026,-1.13162,4.59849,6.90579,5.72922,-1.13162,-4.29959,2022,2025,2053,1537,-4.49859,-5.16404,74.866,87.5,12.5,36.0915,14.5114,16.1032,245052,202,320.033,30.2235
10500,"Albany, GA",Metropolitan,145510,,,,-0.371334,-0.135203,GA,10.5082,2026,0.551205,5.86158,8.18222,7.25624,0,-8.25018,2022,2025,1964,1122,-9.75254,-8.04497,57.1283,78.6765,21.3235,45.295,17.6012,36.9362,211043,265,221.037,22.177
22380,"Flagstaff, AZ",Metropolitan,144368,,,,-0.112387,-0.200473,AZ,15.3531,2026,2.89016,3.91253,7.96321,4.52418,-0.143481,0.480523,2022,2025,2196,1467,-7.93326,-7.17244,66.8033,87.1824,12.8176,39.2295,17.8128,14.1432,512464,332,240.298,27.1301
34060,"Morgantown, WV",Metropolitan,141995,,,,0.266493,0.0542567,WV,32.0629,2026,6.15251,4.80013,6.01394,7.68909,0,2.5215,2022,2025,2090,1353,-7.79339,-8.53144,64.7368,85.1343,14.8657,25.5366,11.8327,18.4026,310196,213,321.795,30.5389
25220,"Hammond, LA",Metropolitan,141346,,,,1.12587,0.97369,LA,79.6727,2026,0.614214,3.50058,4.57159,11.4802,-3.35396,-3.2841,2022,2025,2994,1378,-11.9168,-12.3441,46.0254,65.1368,34.8632,30.6492,14.2929,40.4573,233824,248,267.094,27.5347
25500,"Harrisonburg, VA",Metropolitan,140155,,,,0.681103,0.75048,VA,65.4608,2026,4.45233,4.86302,7.94117,6.49897,0,0.137389,2022,2025,1811,1255,-7.03456,-7.31079,69.2987,87.1658,12.8342,35.4424,17.7984,18.0051,729916,250,263.521,27.8466
13900,"Bismarck, ND",Metropolitan,139750,,,,0.87654,0.835546,ND,72.9759,2026,6.15108,4.06164,5.99574,2.14656,0,3.44276,2022,2025,2123,1669,-4.81819,-5.08704,78.6152,92.8415,7.15847,27.2767,10.1089,16.8783,327001,173,494.702,37.8808
27860,"Jonesboro, AR",Metropolitan,139440,,,,0.712484,0.536425,AR,61.671,2026,-0.952202,3.36028,5.25087,3.38662,-2.0356,-5.57235,2022,2025,2842,1913,-2.2414,-3.60868,67.3118,86.749,13.251,27.29,9.23603,33.5759,224367,233,186.212,19.6617
48140,"Wausau, WI",Metropolitan,139432,,,,0.189407,0.243001,WI,35.9819,2026,5.18757,6.55456,9.21761,3.25709,0,-4.17642,2022,2025,1923,1462,-12.7878,-13.6538,76.027,91.6466,8.35337,45.9719,23.5033,10.9415,260192,234,669.425,36.6902
31740,"Manhattan, KS",Metropolitan,136122,,,,0.284662,1.28502,KS,59.6684,2026,4.32519,4.68487,6.4308,3.78975,0,0.195895,2022,2025,2289,1663,-6.47393,-7.9044,72.6518,89.5039,10.4961,31.6201,10.1151,39.1851,264916,249,260.97,26.7954
44220,"Springfield, OH",Metropolitan,135340,,,,-0.0807851,-0.609532,OH,13.1568,2026,2.2887,5.92787,8.83557,4.76399,0,-4.87946,2022,2025,2423,1702,-0.300836,-0.136719,70.2435,88.7296,11.2704,36.4214,18.3788,27.6821,210112,271,332.507,31.502
48540,"Wheeling, WV-OH",Metropolitan,134089,,,,-0.735383,-0.687321,OH,2.28252,2026,0.58451,6.23892,6.46254,6.07639,0,-5.78067,2022,2025,1601,1079,-3.88337,-5.94963,67.3954,87.4317,12.5683,34.0061,17.5535,23.3605,185686,193,377.674,35.6904
17420,"Cleveland, TN",Metropolitan,134057,,,,1.18482,1.1583,TN,82.6227,2026,5.32089,5.02809,9.16789,3.97183,0,5.29974,2022,2025,2637,1551,-4.69257,-5.27827,58.8168,81.0636,18.9364,39.2479,19.5456,30.961,289113,310,199.489,21.2092
12980,"Battle Creek, MI",Metropolitan,133408,,,,-0.118015,-0.151934,MI,15.2885,2026,8.88125,6.15289,8.25277,3.45224,0,5.8842,2022,2025,2179,1427,-5.29128,-6.4861,65.4888,82.9065,17.0935,43.1021,22.0893,21.5916,209226,259,247.625,26.6583
34580,"Mount Vernon-Anacortes, WA",Metropolitan,132975,,,,0.471341,0.548204,WA,53.6176,2026,3.45289,4.10289,7.00809,3.61652,0,-1.02079,2022,2025,1859,1350,-8.41563,-7.70295,72.6197,90.7276,9.27238,37.8739,19.7883,17.3727,468852,266,257.418,26.3859
34900,"Napa, CA",Metropolitan,132949,,,,-0.66816,-0.124704,CA,8.48407,2026,-1.83054,2.0542,3.22147,4.11908,-1.83054,-5.25653,2022,2025,1239,836,-7.8232,-7.25689,67.4738,88.107,11.893,46.6496,26.3561,8.81322,885132,274,215.042,24.3909
10540,"Albany, OR",Metropolitan,132843,,,,0.596638,0.195348,OR,46.5547,2026,-0.808644,2.21538,5.24234,3.42117,-1.04496,-4.93756,2022,2025,2073,1407,-7.83619,-6.96057,67.8726,89.7587,10.2413,37.5222,22.3357,29.9476,343458,249,194.452,20.4954
41540,"Salisbury, MD",Metropolitan,131872,,,,0.57676,0.365319,MD,51.3781,2026,3.44325,4.82253,8.56479,8.32441,-1.11135,-2.19875,2022,2025,2031,1296,-48.0247,-49.3043,63.8109,83.6175,16.3825,36.4706,21.6667,33.6626,287461,259,225.938,25.241
44420,"Staunton-Stuarts Draft, VA",Metropolitan,129692,,,,0.631088,0.849929,VA,65.3962,2026,7.48444,7.09111,9.52372,5.24236,0,0.204976,2022,2025,2426,1677,-2.10645,-2.74421,69.1261,87.4254,12.5746,40.5951,24.8672,22.2128,297862,283,409.865,32.4074
27780,"Johnstown, PA",Metropolitan,128968,,,,-0.643668,-0.721296,PA,2.60551,2026,6.06106,7.93085,7.96344,8.96083,-0.694469,-0.706128,2022,2025,1303,1029,-7.17297,-5.02176,78.9716,89.3707,10.6293,33.3549,9.39119,15.5393,154252,196,494.84,41.2086
34100,"Morristown, TN",Metropolitan,128867,,,,1.52923,1.15626,TN,85.9819,2026,0.899766,5.77842,9.74422,5.00677,-1.22135,-3.30225,2022,2025,2630,1539,-11.7378,-11.3629,58.5171,80.1859,19.8141,41.9245,27.5849,35.5757,300133,317,238.295,26.8815
14580,"Bozeman, MT",Metropolitan,128740,,,,1.48493,0.974133,MT,83.5056,2026,4.1267,4.39691,7.3128,5.57708,0,2.58557,2022,2025,2040,1457,,,71.4216,91.5441,8.45588,32.8881,14.0949,10.458,717533,270,294.374,29.4092
33540,"Missoula, MT",Metropolitan,128698,,,,0.925557,0.814677,MT,72.8252,2026,0.432147,3.05133,7.84408,3.66908,-0.842245,-2.52438,2022,2025,1661,1168,-4.48265,-5.63535,70.3191,90.7727,9.22731,37.8062,15.8147,13.7916,480017,216,285.498,27.3327
21060,"Elizabethtown, KY",Metropolitan,128666,,,,0.465447,0.677621,KY,55.211,2026,1.04718,3.46084,7.81423,4.61802,-1.01436,-3.84666,2022,2025,2604,1726,-11.5099,-11.0685,66.2826,85.3832,14.6168,41.9246,20.1211,39.6163,289421,227,328.88,30.6434
48300,"Wenatchee-East Wenatchee, WA",Metropolitan,128414,,,,0.974644,1.19386,WA,79.5866,2026,-2.33063,2.81137,5.95513,6.65915,-2.33063,-8.65055,2022,2025,2006,1415,-4.34549,-5.0501,70.5384,89.939,10.061,36.2325,20.6399,16.4006,461827,258,275.363,26.7998
38340,"Pittsfield, MA",Metropolitan,128224,,,,-0.246482,-0.639292,MA,8.52713,2026,6.32329,8.33609,9.21091,6.6035,0,3.35975,2022,2025,2038,1438,-5.90153,-5.12781,70.5594,91.8936,8.10644,27.2635,10.1163,10.4434,309868,253,960.77,51.2259
11180,"Ames, IA",Metropolitan,128090,,,,0.43132,-0.0429201,IA,34.733,2026,5.57831,4.16238,6.56578,4.86634,0,5.3535,2022,2025,1688,1322,-3.95108,-4.5037,78.3175,91.006,8.994,31.5735,12.4224,13.6855,273215,215,243.414,26.0469
30020,"Lawton, OK",Metropolitan,127590,,,,0.141677,0.353941,OK,37.2954,2026,10.221,5.34149,7.47972,12.9923,-1.84094,2.58684,2022,2025,2398,1609,-3.51807,-5.80198,67.0976,85.6345,14.3655,32.706,13.8436,53.394,208841,255,294.082,29.2106
43420,"Sierra Vista-Douglas, AZ",Metropolitan,126332,,,,0.127932,0.904959,AZ,49.9785,2026,-0.810886,3.38116,6.87539,5.35106,-3.92419,-7.00503,2022,2025,1956,1367,-12.0993,-10.2676,69.8875,88.8112,11.1888,44.1357,21.8635,52.2711,265505,241,328.514,30.9369
31900,"Mansfield, OH",Metropolitan,124893,,,,-0.012166,-0.0512176,OH,20.7364,2026,-3.63558,5.05692,8.42668,6.65397,-4.70307,-14.3009,2022,2025,1892,1357,-3.18596,-5.12496,71.723,89.6552,10.3448,35.5038,18.346,24.5816,199687,245,350.384,34.5933
24020,"Glens Falls, NY",Metropolitan,124373,,,,-0.373827,-0.567623,NY,5.83549,2026,8.06114,7.64436,8.65101,7.92591,0,1.08194,2022,2025,1833,1220,-3.20222,-3.88503,66.5576,85.9566,14.0434,29.2754,16.6377,16.4179,302033,183,416.89,35.9401
46300,"Twin Falls, ID",Metropolitan,123901,,,,1.56692,0.933567,ID,83.2257,2026,-1.55026,1.4872,5.94183,4.66582,-2.85986,-4.0648,2022,2025,2378,1743,-2.3009,-1.3402,73.2969,91.6,8.4,33.397,20.94,25.0538,297352,198,609.98,44.538
24140,"Goldsboro, NC",Metropolitan,122278,,,,0.756154,0.916083,NC,71.0379,2026,0.799632,3.40009,8.60047,5.08208,-1.48351,-2.61798,2022,2025,2338,1491,-3.79819,-5.0722,63.7725,82.1467,17.8533,34.5191,15.415,48.0273,273370,277,328.767,28.9009
41660,"San Angelo, TX",Metropolitan,122065,,,,0.0613917,0.286733,TX,32.9027,2026,1.82286,4.40963,5.93294,4.97554,-1.92502,-0.914878,2022,2025,1988,1429,-2.59259,-2.56808,71.8813,89.697,10.303,24.9869,10.5512,44.1363,268303,245,334.965,33.397
29940,"Lawrence, KS",Metropolitan,120920,,,,0.357592,-0.0157104,KS,33.3764,2026,4.81257,3.74269,7.20998,3.94496,0,-1.55067,2022,2025,1598,1224,-4.96891,-6.07087,76.5957,91.8442,8.15577,34.5104,14.4462,14.5406,349461,264,233.107,25.794
22140,"Farmington, NM",Metropolitan,120340,,,,-0.172611,-0.153495,NM,14.1258,2026,7.81522,7.71383,8.73267,7.76029,-0.0791742,1.78664,2022,2025,1898,943,-5.70834,-8.12598,49.6839,69.9029,30.0971,34.3315,20.4039,35.9337,225286,190,355.736,34.1703
11020,"Altoona, PA",Metropolitan,119541,,,,-0.514949,-0.424819,PA,4.82343,2026,8.07013,5.66506,6.65432,6.0457,0,1.89031,2022,2025,1339,1014,-5.7043,-5.90155,75.7282,87.8736,12.1264,37.3687,13.7739,19.1022,194448,194,295.541,28.8553
41140,"St. Joseph, MO-KS",Metropolitan,119170,,,,-0.412076,-0.0159411,MO,12.1662,2026,2.70062,6.06174,8.62839,3.93726,0,-2.91634,2022,2025,2033,1490,-0.87003,-0.922319,73.2907,89.9125,10.0875,34.8206,16.0542,26.9835,190584,241,325.954,33.7638
15260,"Brunswick-St. Simons, GA",Metropolitan,118524,,,,0.868949,0.817434,GA,72.3945,2026,-4.90225,3.1776,8.21309,7.2321,-7.10583,-16.4748,2022,2025,2329,1572,-6.59522,-4.60813,67.4968,85.7976,14.2024,36.3047,15.154,30.1752,389128,328,274.259,26.7457
43100,"Sheboygan, WI",Metropolitan,118047,,,,0.00118601,-0.0372594,WI,21.6839,2026,4.71779,6.19805,10.0311,3.68842,0,-2.17208,2022,2025,1526,1232,-3.892,-3.66432,80.7339,93.9483,6.05166,45.0736,17.6549,11.0215,285787,245,294.901,29.3935
30340,"Lewiston-Auburn, ME",Metropolitan,116487,,,,0.936764,0.767301,ME,72.1576,2026,1.70349,5.27924,9.40327,5.77981,0,-7.14949,2022,2025,1747,1262,-6.95827,-6.07386,72.2381,89.7681,10.2319,39.2393,19.3548,26.143,339493,216,244.238,25.7734
11500,"Anniston-Oxford, AL",Metropolitan,115834,,,,-0.0696094,-0.403257,AL,14.578,2026,12.0001,6.44993,8.6509,4.68948,0,11.3556,2022,2025,2162,1218,-4.08279,-4.3992,56.3367,80.0118,19.9882,34.9011,18.279,43.44,186905,251,224.805,24.7431
31020,"Longview-Kelso, WA",Metropolitan,114885,,,,0.687861,0.985373,WA,70.4996,2026,2.46355,3.1875,5.44647,3.46364,0,-1.706,2022,2025,2147,1561,-7.94207,-6.07656,72.7061,92.4816,7.51837,40.2602,21.2017,27.4076,348088,271,369.94,36.3698
36980,"Owensboro, KY",Metropolitan,113962,,,,0.252868,0.534599,KY,45.9733,2026,12.9883,6.46125,8.24992,6.03758,0,10.0171,2022,2025,1778,1290,-12.3008,-11.3878,72.5534,87.8788,12.1212,38.1295,20.7674,23.3507,241946,199,611.56,40.862
34620,"Muncie, IN",Metropolitan,113106,,,,0.239004,0.313963,IN,39.6856,2026,13.9335,8.9592,9.92577,4.73473,0,8.26059,2022,2025,1966,1286,-1.73521,-4.51097,65.412,84.9722,15.0278,39.5393,22.0498,22.1721,1.0448e+06,277,252.193,25.7781
41780,"Sandusky, OH",Metropolitan,112777,,,,-0.523179,-0.526576,OH,3.98363,2026,6.77915,8.31533,10.079,4.1798,0,-3.47233,2022,2025,1722,1286,,,74.6806,90.499,9.50103,37.9044,19.4109,16.5546,262146,276,327.555,32.8865
48700,"Williamsport, PA",Metropolitan,112587,,,,-0.27012,-0.293133,PA,9.99139,2026,7.45273,5.66078,6.49098,5.18614,0,3.5694,2022,2025,1395,1081,-4.94038,-6.67643,77.491,91.7409,8.25911,38.7535,16.8272,15.6316,197165,193,397.43,36.602
48260,"Weirton-Steubenville, WV-OH",Metropolitan,112468,,,,-0.732631,-0.593076,OH,2.86391,2026,9.07724,7.8797,9.28072,11.3258,0,3.87756,2022,2025,1293,900,-4.89285,-5.98337,69.6056,89.0038,10.9962,35.2052,17.0626,26.147,165711,191,466.03,41.2593
48060,"Watertown-Fort Drum, NY",Metropolitan,111540,,,,-0.793897,-1.11264,NY,0.861326,2026,8.89487,6.71926,6.8308,12.2484,0,-0.00406357,2022,2025,1622,1164,-6.77574,-7.46407,71.7633,87.2598,12.7402,24.7089,11.3842,34.4758,231400,137,552.021,43.4141
33140,"Michigan City-La Porte, IN",Metropolitan,111294,,,,-0.176075,-0.0493942,IN,15.8269,2026,6.62692,6.58361,9.2064,3.28789,0,-2.69977,2022,2025,1605,1087,-7.48608,-8.96917,67.7259,84.7068,15.2932,44.8223,22.5888,21.9081,236978,285,289.26,28.1237
42700,"Sebring, FL",Metropolitan,111122,,,,1.85984,1.11928,FL,87.9199,2026,5.17748,3.15477,9.12436,8.08135,-0.979899,4.47874,2022,2025,2197,1404,-4.22795,-3.0349,63.9053,81.6143,18.3857,31.9438,18.1289,35.3758,233846,308,258.801,27.6873
38240,"Pinehurst-Southern Pines, NC",Metropolitan,110619,,,,1.97885,2.06305,NC,93.4109,2026,-2.23647,3.38451,9.14144,2.90926,-2.23647,-7.05373,2022,2025,2780,2017,,,72.554,90.9406,9.05938,34.6615,14.9984,40.087,416120,345,234.079,24.2321
13220,"Beckley, WV",Metropolitan,109940,,,,-0.869346,-0.721516,WV,1.14126,2026,9.98821,7.75171,8.85211,9.28723,0,6.89847,2022,2025,1750,989,0.872137,0.237048,56.5143,78.8012,21.1988,31.6044,14.7303,29.1572,180925,182,412.419,37.1478
23900,"Gettysburg, PA",Metropolitan,107594,,,,0.717845,0.409687,PA,57.8811,2026,4.42943,4.83561,7.10213,5.25288,-0.351456,1.49872,2022,2025,1734,1226,-4.13178,-4.53156,70.7036,87.8231,12.1769,37.0959,13.4428,19.8088,291672,261,306.014,31.7872
28100,"Kankakee, IL",Metropolitan,105525,,,,-0.351997,-0.273121,IL,8.54866,2026,5.50389,6.8905,7.78267,3.91046,-0.274441,0.738419,2022,2025,1747,1192,-6.92965,-7.16822,68.2313,84.8153,15.1847,33.7041,16.2403,23.1178,207022,246,219.839,22.225
44940,"Sumter, SC",Metropolitan,105067,,,,-0.0649745,0.266252,SC,28.8329,2026,11.1143,6.93709,9.73326,8.72282,0,-0.943142,2022,2025,2204,1343,-14.1558,-11.4311,60.9347,80.839,19.161,29.4272,15.3967,55.6311,253384,247,254.704,25.8904
24220,"Grand Forks, ND-MN",Metropolitan,105046,,,,0.153975,0.699797,ND,46.9854,2026,7.17342,5.29335,6.19248,3.35757,0,4.89451,2022,2025,1310,1059,-5.95618,-5.72795,80.8397,93.0676,6.93241,29.3057,9.21228,21.1809,280902,163,422.003,35.3902
31860,"Mankato, MN",Metropolitan,104907,,,,0.230551,0.448108,MN,43.0448,2026,1.19276,2.65472,5.51748,2.86844,-1.13853,-3.61303,2022,2025,1351,1018,-4.55904,-6.08565,75.3516,91.4137,8.5863,31.6779,12.0805,17.5347,318900,208,326.761,30.7525
22540,"Fond du Lac, WI",Metropolitan,104669,,,,0.097736,-0.0496558,WI,24.4617,2026,5.81078,8.00872,10.2124,4.44563,0,-1.79872,2022,2025,1611,1247,-3.21619,-3.66944,77.4053,89.8743,10.1257,41.5377,23.7225,12.3134,245016,245,306.866,29.9517
27060,"Ithaca, NY",Metropolitan,104047,,,,-0.278493,-0.332395,NY,8.8286,2026,-5.20491,4.90674,7.20088,8.06199,-5.20491,-12.9423,2022,2025,856,640,-3.85003,-5.40111,74.7664,89.7436,10.2564,23.0769,10.6971,4.27807,351500,133,872.198,54.4304
23460,"Gadsden, AL",Metropolitan,103886,,,,0.0858917,0.397197,AL,36.391,2026,0.915615,5.72888,7.86272,6.51427,-5.33616,-5.99622,2022,2025,1741,1082,-4.08411,-2.98558,62.1482,81.9201,18.0799,35.7864,17.6855,33.4145,210776,233,228.059,24.1456
16940,"Cheyenne, WY",Metropolitan,102938,,,,0.435204,1.23025,WY,63.5228,2026,5.15672,4.71663,6.6014,4.70576,0,0.382611,2022,2025,2710,1866,-0.595542,-2.26886,68.8561,86.6606,13.3394,34.6181,17.8697,37.242,367814,222,288.231,27.902
37140,"Paducah, KY-IL",Metropolitan,102259,,,,-0.232095,-0.300292,KY,11.1326,2026,11.3828,4.70466,8.05244,5.94562,0,9.4445,2022,2025,1870,1145,,,61.2299,81.2125,18.7875,32.5677,12.1908,25.7722,210214,206,282.391,28.5674
13020,"Bay City, MI",Metropolitan,102123,,,,-0.313511,-0.301664,MI,8.16107,2026,5.13741,6.09613,8.58985,5.09,0,3.60982,2022,2025,1470,1093,-8.11682,-7.23042,74.3537,89.1356,10.8644,34.2359,20.9386,20.0188,177443,216,255.081,27.8008
40660,"Rome, GA",Metropolitan,101378,,,,0.557856,0.177869,GA,45.0689,2026,-1.60939,3.18446,8.04097,10.3799,-3.78672,-7.47419,2022,2025,1973,1173,0.58111,-1.78169,59.4526,81.3548,18.6452,32,16.1159,33.1162,240823,283,217.881,25.6793
30620,"Lima, OH",Metropolitan,100881,,,,-0.24306,-0.0703305,OH,14.3842,2026,11.0876,7.22628,8.23323,6.12992,0,8.45017,2022,2025,1786,1173,0.950989,-2.69021,65.6775,87.9536,12.0464,33.0479,16.8379,18.5889,208879,197,692.408,38.0811
47020,"Victoria, TX",Metropolitan,99864,,,,0.312122,0.475898,TX,46.5332,2026,5.33458,1.80994,6.68792,6.353,0,4.70643,2022,2025,1613,830,-7.01038,-8.71114,51.4569,72.449,27.551,22.2846,10.0187,33.6199,241181,219,297.518,29.7317
26300,"Hot Springs, AR",Metropolitan,99695,,,,-0.112763,-0.215194,AR,14.9871,2026,-1.30955,0.993314,6.94971,7.13665,-9.06775,-5.33964,2022,2025,2392,1307,-3.381,-5.70764,54.6405,75.7804,24.2196,32.6982,16.3234,23.2923,278581,302,217.408,23.5796
20220,"Dubuque, IA",Metropolitan,99381,,,,0.0140932,0.351398,IA,33.3118,2026,5.22343,5.4931,7.13923,2.82341,0,1.43189,2022,2025,1652,1341,-5.08512,-5.49931,81.1743,90.367,9.63303,28.8971,9.33192,6.75325,244687,151,1246.44,63.226
19500,"Decatur, IL",Metropolitan,99300,,,,-0.875041,-0.649331,IL,1.63652,2026,3.50689,5.31625,7.65248,4.15257,0,-2.9331,2022,2025,1688,1252,-1.00626,-0.656877,74.1706,87.9038,12.0962,22.6205,12.67,23.9979,154800,194,301.985,29.8204
16020,"Cape Girardeau, MO-IL",Metropolitan,99215,,,,0.341319,0.584967,MO,50.3015,2026,4.70527,4.81578,6.8031,7.95715,-4.44103,0.124785,2022,2025,1632,1153,-3.81509,-2.73437,70.6495,88.1791,11.8209,30.7091,11.7788,22.6954,233283,196,295.281,28.5438
18700,"Corvallis, OR",Metropolitan,97728,,,,0.866459,0.141408,OR,54.1559,2026,5.07695,3.79407,6.35703,5.06091,0,4.21219,2022,2025,930,659,-12.4953,-11.9385,70.8602,92.2978,7.70218,36.2052,18.5866,9.98603,655744,201,329.842,28.2339
25740,"Helena, MT",Metropolitan,97153,,,,1.50029,0.559972,MT,75.2369,2026,-1.19917,3.39618,7.81573,3.77658,-1.71807,-6.60685,2022,2025,1689,1173,,,69.4494,90.2239,9.77612,38.4898,19.612,25.1992,397251,207,350.911,34.0396
21820,"Fairbanks-College, AK",Metropolitan,93972,,,,-0.28717,-0.689043,AK,6.54608,2026,2.81896,4.56103,5.78904,5.88762,-2.71018,-3.26145,2022,2025,1471,1108,-13.2728,-13.484,75.3229,94.9833,5.01672,24.1615,12.731,46.9725,331977,112,529.476,42.4345
25980,"Hinesville, GA",Metropolitan,91870,,,,2.40275,2.04376,GA,95.5642,2026,2.42936,5.21695,10.7551,8.3428,0,-10.2818,2022,2025,2658,1786,-7.35837,-6.4718,67.1934,86.9463,13.0537,38.1579,14.8546,73.5948,267296,281,369.472,33.9383
38540,"Pocatello, ID",Metropolitan,91591,,,,0.965658,0.683749,ID,70.8226,2026,2.28018,3.93538,6.9277,3.3437,0,-3.07918,2022,2025,1670,1217,-4.97062,-4.60751,72.8743,89.7328,10.2672,37.2033,22.9102,21.9908,319601,200,637.217,39.7901
24420,"Grants Pass, OR",Metropolitan,87867,,,,-0.0787964,-0.313128,OR,15.0301,2026,-5.1987,0.448555,2.88061,6.19073,-5.1987,-9.81524,2022,2025,1247,855,-7.54725,-8.24998,68.5646,91.7255,8.27447,34.9315,20.624,26.7442,343889,217,347.356,33.187
37620,"Parkersburg-Vienna, WV",Metropolitan,87264,,,,-0.469122,-0.335777,WV,6.15848,2026,8.56239,5.11713,6.83815,14.1638,0,9.08305,2022,2025,1189,725,-5.00477,-5.93242,60.9756,80.8623,19.1377,36.2357,22.8672,29.0963,193221,145,344.237,32.2392
18020,"Columbus, IN",Metropolitan,85729,,,,0.841072,0.926515,IN,73.5142,2026,3.62268,5.79285,7.39781,4.67441,0,-2.944,2022,2025,1570,1130,-7.84415,-6.21804,71.9745,89.3405,10.6595,37.0474,17.1031,18.1897,271832,220,514.219,37.9207
24500,"Great Falls, MT",Metropolitan,85029,,,,0.146237,0.426371,MT,39.5349,2026,5.99841,3.64481,9.08344,5.98464,-1.86225,4.41,2022,2025,1451,1022,-6.07229,-6.96142,70.4342,90.6412,9.35875,38.4708,17.7604,37.4057,347955,166,440.253,36.8862
29020,"Kokomo, IN",Metropolitan,83904,,,,0.0752554,-0.135685,IN,22.1576,2026,7.23694,6.63581,8.95637,4.00853,0,1.63589,2022,2025,1828,1313,-1.27946,-0.101343,71.8271,88.9606,11.0394,33.5862,20.1821,28.6184,203667,260,223.931,23.3624
33220,"Midland, MI",Metropolitan,83754,,,,0.0636407,-0.0167128,MI,24.1171,2026,3.52433,5.76624,8.71619,3.93971,-0.866704,-2.73696,2022,2025,1168,891,-11.4991,-11.2826,76.2842,91.7683,8.23171,37.9094,21.115,20.2443,260331,212,316.98,33.2292
16220,"Casper, WY",Metropolitan,80526,,,,0.0564749,0.317674,WY,33.7209,2026,0.981868,4.66888,6.88487,5.09127,0,-5.70868,2022,2025,1928,1416,-4.96161,-3.99045,73.444,89.0493,10.9507,28.0853,14.322,33.8765,251970,168,338.342,31.0134
21300,"Elmira, NY",Metropolitan,80415,,,,-0.786185,-0.522038,NY,2.73471,2026,2.98286,2.84369,7.14846,11.9004,-1.74106,-6.93716,2022,2025,1107,761,-6.53924,-7.80193,68.7444,86.1427,13.8573,24.0519,13.2735,18.6514,168035,126,637.238,48.0769
24260,"Grand Island, NE",Metropolitan,78076,,,,0.301389,-0.251683,NE,27.8639,2026,-0.383995,4.62735,7.68442,5.3663,-0.872214,-7.81875,2022,2025,1023,827,-4.86221,-6.00991,80.8407,93.4879,6.51214,37.2534,16.3126,21.6285,225230,133,334.882,29.5914
33500,"Minot, ND",Metropolitan,75694,,,,-0.47612,0.0594853,ND,13.286,2026,6.74646,5.20423,6.01886,6.32931,0,3.83566,2022,2025,1121,912,,,81.3559,95.9711,4.02893,31.8386,16.2182,37.996,292325,132,515.609,42.7989
30300,"Lewiston, ID-WA",Metropolitan,65450,,,,0.30063,0.0275095,ID,32.6227,2026,4.68209,4.4781,7.00575,5.14424,0,3.29863,2022,2025,947,700,-3.383,-4.03248,73.9176,92.6434,7.35661,43.0431,23.1082,25.5361,321714,167,455.962,39.8596
47460,"Walla Walla, WA",Metropolitan,62361,,,,-0.0828584,0.405738,WA,31.6968,2026,1.23673,3.5669,5.88059,6.7931,-0.25008,-7.63039,2022,2025,761,555,-6.19674,-5.56438,72.9304,93.6,6.4,39.4105,24.345,21.0526,368297,194,313.878,31.4286
21420,"Enid, OK",Metropolitan,61779,,,,-0.295203,-0.427116,OK,7.42894,2026,8.32232,3.87425,5.5879,8.53061,-2.06121,7.03955,2022,2025,911,662,-1.93506,-3.6013,72.6674,91.1726,8.8274,22.4824,9.25059,39.7134,192069,160,344.016,31.1828
20580,"Eagle Pass, TX",Metropolitan,58823,,,,0.328598,0.414817,TX,44.832,,,,,,,,2022,2025,521,316,,,60.6526,79.2857,20.7143,23.4867,12.1065,51.3699,238513,120,758.142,50.7202
16180,"Carson City, NV",Metropolitan,58571,,,,-0.0399037,0.464837,NV,34.9268,2026,2.2402,3.97974,5.01543,6.89084,-3.34371,0.177043,2022,2025,828,577,-4.47826,-4.71673,69.686,88.9881,11.0119,36.1726,19.469,23.3755,399194,172,308.626,29.9413
42580,"Seaford, DE",Micropolitan,277140,,,,3.03765,2.17783,DE,99.0551,,,,,,,,2022,2025,7953,5534,-5.89442,-5.17311,69.5838,87.1767,12.8233,28.7865,13.5632,18.2671,400855,433,191.631,21.4282
30150,"Lebanon-Claremont, NH-VT",Micropolitan,224500,,,,0.288539,0.0285159,NH,54.3061,,,,,,,,2022,2025,3212,2238,-4.16285,-3.68718,69.6762,87.2124,12.7876,37.7815,19.4607,13.3781,371197,335,296.364,30.6939
25900,"Hilo-Kailua, HI",Micropolitan,210043,,,,0.909749,0.475006,HI,81.8309,,,,,,,,2022,2025,2563,1775,-7.80882,-6.94752,69.2548,88.0654,11.9346,38.1102,17.0851,18.9423,575135,221,278.168,29.0543
20700,"East Stroudsburg, PA",Micropolitan,167179,,,,-0.134758,0.216404,PA,43.6648,,,,,,,,2022,2025,3388,2224,-8.59892,-9.01766,65.6434,86.4595,13.5405,38.2222,23.5,22.1573,290351,417,188.962,22.6372
18180,"Concord, NH",Micropolitan,158078,,,,0.516126,0.337042,NH,71.2825,,,,,,,,2022,2025,2371,1760,-3.68878,-2.92609,74.2303,91.8049,8.19507,41.3724,19.7535,16.0631,398176,281,269.565,28.4657
18260,"Cookeville, TN",Micropolitan,152477,,,,1.46695,1.47072,TN,94.6561,,,,,,,,2022,2025,2515,1635,-3.24932,-2.22166,65.0099,85.9344,14.0656,40.996,16.1674,28.8788,298419,319,212.12,23.2519
11360,"Anderson Creek, NC",Micropolitan,150137,,,,2.34364,2.51338,NC,98.9002,,,,,,,,2022,2025,5062,3554,2.02165,2.95163,70.2094,88.6643,11.3357,28.3034,11.7813,51.8077,307653,335,235.905,26.223
18340,"Corbin, KY",Micropolitan,150040,,,,0.0156031,0.256588,KY,51.425,,,,,,,,2022,2025,3490,1144,1.36398,-3.27034,32.7794,50.5051,49.4949,31.4149,15.5875,30.9804,195586,197,705.814,45.2999
36837,"Ottawa, IL",Micropolitan,145902,,,,-0.318788,-0.0746519,IL,28.2838,,,,,,,,2022,2025,2020,1491,-3.67309,-3.3992,73.8119,88.7421,11.2579,30.4571,15.1119,18.9136,173981,264,206.516,20.9062
39060,"Pottsville, PA",Micropolitan,145085,,,,0.297779,0.468115,PA,67.2088,,,,,,,,2022,2025,1827,1303,-1.38389,-2.01381,71.3191,87.1595,12.8405,35.5589,18.002,27.5152,197034,307,220.295,24.6118
46180,"Tupelo, MS",Micropolitan,133167,,,,0.153596,0.258991,MS,57.6518,,,,,,,,2022,2025,2091,1197,-8.05377,-7.47128,57.2453,77.4328,22.5672,40.9472,10.4095,27.0314,228609,205,438.686,37.4435
40080,"Richmond-Berea, KY",Micropolitan,131806,,,,1.35713,1.57911,KY,94.3309,,,,,,,,2022,2025,2634,1556,-0.401712,-3.41587,59.0737,78.2857,21.7143,34.1794,14.0017,31.8418,284280,269,226.68,22.1264
21700,"Eureka-Arcata, CA",Micropolitan,131647,,,,-0.691986,-0.511623,CA,11.4002,,,,,,,,2022,2025,1162,813,-4.78171,-3.40351,69.9656,92.1758,7.82422,32.5871,19.3201,20.0429,356267,205,369.9,33.6933
12300,"Augusta-Waterville, ME",Micropolitan,129067,,,,0.685624,0.306982,ME,74.8916,,,,,,,,2022,2025,2304,1633,-2.93006,-2.90495,70.8767,90.9896,9.01042,36.0611,14.0955,23.3934,292685,236,496.87,38.0542
35100,"New Bern, NC",Micropolitan,127358,,,,0.703369,0.789009,NC,83.4263,,,,,,,,2022,2025,2905,1942,-7.98656,-7.55379,66.8503,84.9704,15.0296,35.4388,16.8883,40.6396,311555,309,284.481,28.8459
27460,"Jamestown-Dunkirk, NY",Micropolitan,124126,,,,-0.516683,-0.45791,NY,14.8854,,,,,,,,2022,2025,1283,904,-7.01821,-9.31086,70.4599,83.2889,16.7111,26.6829,12.8954,16.4251,202710,146,571.029,48.229
26090,"Holland, MI",Micropolitan,123188,,,,0.414562,0.506662,MI,71.8247,,,,,,,,2022,2025,2138,1438,-7.41584,-6.10272,67.2591,85.5475,14.4525,43.872,18.7744,11.0653,354729,289,326.095,32.3709
31300,"Lumberton, NC",Micropolitan,119941,,,,0.673904,0.453099,NC,78.005,,,,,,,,2022,2025,2076,751,-5.60245,-2.40905,36.1753,57.9387,42.0613,36.8908,15.2941,45,209820,214,535.549,43.7662
49300,"Wooster, OH",Micropolitan,116758,,,,-0.024135,0.15698,OH,46.9331,,,,,,,,2022,2025,1352,1016,-2.59585,-3.76576,75.1479,91.0562,8.94378,42.4363,18.8102,19.5397,231102,223,401.327,38.1098
28060,"Kalispell, MT",Micropolitan,115429,,,,1.93662,0.92859,MT,93.9901,,,,,,,,2022,2025,1842,1235,-6.65871,-4.56867,67.0467,85.1525,14.8475,43.2966,19.6511,19.1489,622789,259,359.377,33.705
45860,"Torrington, CT",Micropolitan,114690,,,,0.438888,0.358768,CT,69.3309,,,,,,,,,,,,,,,,,,,,,,,
40700,"Roseburg, OR",Micropolitan,111951,,,,0.117788,-0.356027,OR,38.5843,,,,,,,,2022,2025,1599,1087,-4.55447,-4.3974,67.98,86.8802,13.1198,36.8023,20.0581,34.1132,303914,237,241.517,25.5266
43320,"Show Low, AZ",Micropolitan,109946,,,,0.592115,0.349571,AZ,73.4665,,,,,,,,2022,2025,1775,1114,-7.62737,-7.51013,62.7606,84.0372,15.9628,39.7838,22.9189,24.4945,367846,283,237.582,26.874
25850,"Hermitage, PA",Micropolitan,107860,,,,-0.492005,-0.34923,PA,17.627,,,,,,,,2022,2025,1204,869,-2.74866,-1.74045,72.1761,89.8492,10.1508,38.6299,15.678,18.0549,189396,211,412.582,36.9898
44980,"Sunbury, PA",Micropolitan,107788,,,,-0.346319,-0.0750911,PA,27.3389,,,,,,,,2022,2025,1122,860,-3.48546,-1.75803,76.6488,89.3075,10.6925,34.0491,13.727,17.6376,216942,217,308.203,30.4846
29300,"LaGrange, GA-AL",Micropolitan,107097,,,,0.595185,0.533188,GA,77.974,,,,,,,,2022,2025,1834,1165,-1.60126,0,63.5224,84.4585,15.5415,33.9195,18.945,42.992,234854,286,175.397,19.2152
48580,"Whitewater-Elkhorn, WI",Micropolitan,106127,,,,0.152019,0.00376921,WI,48.5595,,,,,,,,2022,2025,1746,1233,-4.25051,-6.22063,70.6186,90.0838,9.9162,43.4404,19.7706,11.0184,437741,340,178.004,18.3273
34180,"Moses Lake, WA",Micropolitan,105727,,,,1.23244,0.851823,WA,89.684,,,,,,,,2022,2025,1631,1172,-4.4047,-3.64252,71.8578,88.3537,11.6463,32.2152,18.797,27.9036,314420,223,281.07,28.6834
32390,"Massena-Ogdensburg, NY",Micropolitan,105488,,,,-0.503086,-0.640494,NY,12.6084,,,,,,,,2022,2025,804,512,-2.70722,-4.2364,63.6816,81.7221,18.2779,27.2727,10.6534,17.4638,169473,119,725.937,52.5507
10700,"Albertville, AL",Micropolitan,103537,,,,1.16814,0.658176,AL,86.7255,,,,,,,,2022,2025,1806,1106,-6.56419,-5.9389,61.2403,81.2721,18.7279,42.2756,19.6242,33.3182,265976,264,243.894,25.3308
43140,"Shelby-Kings Mountain, NC",Micropolitan,103325,,,,0.671232,0.798978,NC,82.7447,,,,,,,,2022,2025,2076,1136,-3.09028,-3.74951,54.7206,77.0577,22.9423,40.242,22.9353,29.0771,246831,274,338.609,33.3267
46020,"Truckee-Grass Valley, CA",Micropolitan,101911,,,,-0.0722592,-0.230063,CA,32.6363,,,,,,,,2022,2025,1705,1197,-12.1643,-12.1914,70.2053,90.8637,9.13633,39.5149,18.0394,12.5356,535886,307,225.96,24.6322
42940,"Sevierville, TN",Micropolitan,101342,,,,0.499596,0.116573,TN,64.1574,,,,,,,,2022,2025,3480,2016,-11.3377,-11.0342,57.931,80.3087,19.6913,32.8224,19.1936,16.6081,465630,440,170.836,21.5458
19260,"Danville, VA",Micropolitan,101137,,,,-0.352975,-0.321299,VA,21.6543,,,,,,,,2022,2025,1268,775,-0.801897,-3.55879,61.1199,80.826,19.174,42.6775,25,31.6838,208110,247,237.386,26.1061
14660,"Brainerd, MN",Micropolitan,100562,,,,0.841418,0.470572,MN,81.0564,,,,,,,,2022,2025,1787,1387,-3.36085,-4.72974,77.6161,92.2827,7.71725,35.7573,16.5818,14.8249,353681,307,200.065,23.6127
41400,"Salem, OH",Micropolitan,99377,,,,-0.45343,-0.299972,OH,19.842,,,,,,,,2022,2025,1193,854,-4.34342,-4.54864,71.5842,87.6,12.4,41.0221,19.4061,25.5385,187588,223,409.063,33.3333
27600,"Jefferson, GA",Micropolitan,99265,,,,5.27532,5.26288,GA,100,,,,,,,,2022,2025,2629,1853,-3.83241,-3.79423,70.4831,89.6552,10.3448,30.469,16.6604,33.8037,375372,319,184.513,21.7989
39480,"Putnam, CT",Micropolitan,98096,,,,0.598597,0.4804,CT,76.9207,,,,,,,,,,,,,,,,,,,,,,,
44340,"Statesboro, GA",Micropolitan,97977,,,,1.55257,1.4843,GA,95.2138,,,,,,,,2022,2025,1352,845,-4.47399,-3.79518,62.5,82.4074,17.5926,39.729,17.903,37.3367,280633,261,223.25,24.0284
10300,"Adrian, MI",Micropolitan,97779,,,,-0.317874,-0.0470227,MI,29.2441,,,,,,,,2022,2025,1558,1112,-6.56462,-6.21394,71.3736,88.6433,11.3567,36.348,20.4923,21.3425,254784,234,426.668,37.2279
14140,"Bluefield, WV-VA",Micropolitan,96138,,,,-0.771713,-0.414345,WV,11.4157,,,,,,,,2022,2025,1324,720,-4.89213,-5.27098,54.3807,74.9271,25.0729,27.1992,14.2568,37.6178,178667,173,373.784,35.0019
24940,"Greenwood, SC",Micropolitan,95215,,,,0.343586,0.375294,SC,66.9765,,,,,,,,2022,2025,1677,944,-1.24068,-3.72901,56.291,77.1429,22.8571,31.4949,18.6502,35.8491,254566,245,254.858,27.0325
18980,"Cullman, AL",Micropolitan,94009,,,,1.30039,1.33447,AL,92.8439,,,,,,,,2022,2025,2031,1137,-3.90782,-5.35219,55.9823,76.0684,23.9316,35.5077,14.6341,31.5789,241746,264,208.042,22.7066
25840,"Hermiston-Pendleton, OR",Micropolitan,93721,,,,0.347159,0.330793,OR,66.0316,,,,,,,,2022,2025,1358,996,-2.36291,-2.36058,73.3432,89.6641,10.3359,37.1609,21.3249,40.6149,285914,208,286.357,28.0795
19060,"Cumberland, MD-WV",Micropolitan,93640,,,,-0.258344,-0.10135,MD,29.3216,,,,,,,,2022,2025,1104,788,-6.13667,-6.85193,71.3768,89.9023,10.0977,42.4818,21.6788,27.8792,185470,205,323.149,32.7021
35420,"New Philadelphia-Dover, OH",Micropolitan,92373,,,,-0.179172,0.152875,OH,40.381,,,,,,,,2022,2025,892,658,-2.75565,-2.5492,73.7668,87.2727,12.7273,40.4525,22.8959,32.1984,205410,174,370.879,33.441
18500,"Corning, NY",Micropolitan,91855,,,,-0.326856,-0.0913649,NY,27.4473,,,,,,,,2022,2025,1150,790,-4.89818,-6.58117,68.6957,87.0314,12.9686,28.8288,9.45946,12.1068,190532,133,723.251,51.9956
45180,"Talladega-Sylacauga, AL",Micropolitan,91764,,,,0.00784806,-0.00108974,AL,42.0074,,,,,,,,2022,2025,2068,991,-1.42519,0.168748,47.9207,69.3979,30.6021,28.8586,14.2857,39.5536,194051,260,243.611,27.0893
38210,"Pikeville, KY",Micropolitan,89122,,,,-1.11559,-0.962351,KY,2.6487,,,,,,,,2022,2025,1651,497,2.6143,-4.01427,30.103,46.3968,53.6032,30.9722,14.7222,31.2073,170976,133,923.641,54.6452
13180,"Beaver Dam, WI",Micropolitan,89097,,,,-0.0551294,0.247533,WI,48.3736,,,,,,,,2022,2025,1290,995,-2.71396,-2.57503,77.1318,91.7108,8.28924,47.0745,21.5957,13.1167,279613,225,441.928,36.3097
11980,"Athens, TX",Micropolitan,88595,,,,1.46036,1.14624,TX,93.1537,,,,,,,,2022,2025,2337,1124,-6.07024,-7.16822,48.0958,68.8078,31.1922,27.8099,12.6525,27.6744,317073,353,231.746,26.6334
31260,"Lufkin, TX",Micropolitan,88154,,,,0.380464,0.222834,TX,63.8786,,,,,,,,2022,2025,1459,740,-4.72476,-6.07236,50.7197,74.525,25.475,21.6102,9.74576,30.9547,223324,218,288.979,28.6776
17220,"Clarksburg, WV",Micropolitan,88142,,,,-0.487226,-0.465253,WV,15.412,,,,,,,,2022,2025,1148,673,-8.56959,-8.86096,58.6237,82.0046,17.9954,35.2885,20.3846,28.371,218566,145,365.461,33.3844
46380,"Ukiah, CA",Micropolitan,88122,,,,-0.716504,-0.918607,CA,6.42813,,,,,,,,2022,2025,726,483,-6.24663,-5.70075,66.5289,88.7931,11.2069,38.2353,21.0997,18.0467,413923,212,355.247,32.2663
16500,"Centralia, WA",Micropolitan,88062,,,,1.30089,1.06851,WA,91.9455,,,,,,,,2022,2025,1600,1120,-7.07521,-6.22089,70,90.1216,9.87842,40.3938,22.5652,28.7997,364571,267,255.974,29.7668
49780,"Zanesville, OH",Micropolitan,87014,,,,0.130373,0.802817,OH,66.1245,,,,,,,,2022,2025,1588,1017,1.13793,-1.09018,64.0428,85.077,14.923,40.7343,23.1352,27.3859,221372,221,401.747,36.5205
48020,"Watertown-Fort Atkinson, WI",Micropolitan,86505,,,,0.0662548,-0.0404437,WI,44.083,,,,,,,,2022,2025,1259,967,-2.89513,-3.55733,76.807,91.1712,8.82883,42.1996,14.8834,11.8776,343604,253,487.803,36.1337
36020,"Oak Harbor, WA",Micropolitan,85657,,,,-0.310889,-0.377986,WA,21.1431,,,,,,,,2022,2025,1643,1215,-7.03601,-5.6368,73.9501,93.3433,6.65669,38.914,18.2001,28.8109,511938,253,248.318,26.4876
32940,"Meridian, MS",Micropolitan,85419,,,,-0.643901,-0.36974,MS,14.5911,,,,,,,,2022,2025,1393,759,-0.332781,-0.0876809,54.4867,74.271,25.729,31.8671,9.06643,32.8638,167503,149,444.688,38.1323
40780,"Russellville, AR",Micropolitan,84932,,,,0.308971,0.192287,AR,60.7652,,,,,,,,2022,2025,1299,825,-7.84894,-7.51814,63.5104,82.4762,17.5238,33.7349,13.7349,32.5413,185424,187,422.59,31.6785
44660,"Stillwater, OK",Micropolitan,83889,,,,0.543259,0.230596,OK,69.4703,,,,,,,,2022,2025,1212,799,0.471967,0.505698,65.9241,84.1948,15.8052,26.087,10.2683,23.737,259456,235,262.307,27.6294
26660,"Huntsville, TX",Micropolitan,83842,,,,1.83327,0.457704,TX,87.5155,,,,,,,,2022,2025,1212,599,-9.31202,-12.2,49.4224,69.1116,30.8884,24.7487,11.6834,26.9144,310259,214,275.021,28.4466
42860,"Seneca, SC",Micropolitan,83775,,,,1.2335,1.46428,SC,92.7354,,,,,,,,2022,2025,1778,1133,-4.52541,-5.53371,63.7233,82.7318,17.2682,32.7197,16.0926,25.3739,387860,330,185.717,21.8071
36700,"Orangeburg, SC",Micropolitan,83177,,,,-0.187455,0.00721405,SC,34.6344,,,,,,,,2022,2025,2405,820,9.27729,6.80697,34.0956,50.2176,49.7824,26.3252,15.1842,45.289,208122,255,425.356,35.4161
26860,"Indiana, PA",Micropolitan,82878,,,,-0.0674326,-0.455217,PA,28.733,,,,,,,,2022,2025,839,594,-4.55682,-4.02921,70.7986,85.0136,14.9864,38.125,7.60417,15.5684,172256,180,556.802,44.878
29860,"Laurel, MS",Micropolitan,82281,,,,-0.297756,0.380632,MS,43.324,,,,,,,,2022,2025,1423,652,-4.44568,-1.72789,45.8187,66.4875,33.5125,47.0779,8.92857,17.9452,164202,148,660.193,46.5667
32740,"Meadville, PA",Micropolitan,81792,,,,-0.483184,-0.187929,PA,21.4064,,,,,,,,2022,2025,816,610,-7.94385,-6.44697,74.7549,86.8347,13.1653,37.1782,14.6241,15.7514,186738,193,370.842,34.9957
31820,"Manitowoc, WI",Micropolitan,81710,,,,0.0758054,-0.211277,WI,39.6066,,,,,,,,2022,2025,1186,947,-3.69943,-2.15628,79.8482,91.9626,8.03738,45.4807,15.544,11.7621,244535,213,380.583,37.6139
25720,"Heber, UT",Micropolitan,81655,,,,1.03981,0.685582,UT,86.4622,,,,,,,,2022,2025,2526,1651,-6.77786,-5.67049,65.3603,87.6066,12.3934,40.4186,14.1465,6.28967,1.24645e+06,310,236.268,26.7106
48980,"Wilson, NC",Micropolitan,81150,,,,0.332056,0.327626,NC,65.0867,,,,,,,,2022,2025,1302,869,-6.02853,-5.20039,66.7435,83.8951,16.1049,36.754,19.5051,30.8065,237301,255,401.624,31.127
47700,"Warsaw, IN",Micropolitan,80892,,,,0.183971,0.152286,IN,55.3748,,,,,,,,2022,2025,1404,1028,-4.1625,-4.33017,73.2194,90.0083,9.99174,42.6019,19.933,14.2494,253268,219,385.397,33.5306
36660,"Opelousas, LA",Micropolitan,80765,,,,-0.377293,-0.349176,LA,20.632,,,,,,,,2022,2025,1635,630,-3.58063,-4.26471,38.5321,57.4748,42.5252,32.8358,10.0213,38.1281,184873,186,347.49,33.4335
33910,"Monticello, NY",Micropolitan,80586,,,,0.535896,-0.389365,NY,51.487,,,,,,,,2022,2025,1349,829,-10.1216,-10.5428,61.4529,82.0583,17.9417,37.5283,24.9435,9.27961,341164,215,248.136,26.2285
28580,"Key West-Key Largo, FL",Micropolitan,80406,,,,-0.597309,-1.96184,FL,6.7689,,,,,,,,2022,2025,1491,977,-13.7894,-12.9282,65.5265,83.4163,16.5837,30.4131,18.7322,13.9093,837876,342,276.252,29.6211
40090,"Rifle, CO",Micropolitan,80099,,,,0.237136,-0.604323,CO,39.0025,,,,,,,,2022,2025,1816,1001,-4.54578,-8.80871,55.1211,78.054,21.946,40.3101,13.4168,11.0748,949705,274,420.558,30.1121
42620,"Searcy, AR",Micropolitan,80085,,,,0.827022,1.20943,AR,87.6084,,,,,,,,2022,2025,1783,1052,-4.18521,-2.06621,59.0017,78.3534,21.6466,29.1582,13.1987,36.83,201692,210,302.363,28.8324
28300,"Keene, NH",Micropolitan,78269,,,,0.4475,0.129209,NH,63.3364,,,,,,,,2022,2025,1049,756,-3.18577,-2.35382,72.0686,90.6178,9.38215,39.5683,21.263,21.4419,370238,224,303.679,31.8198
38820,"Port Angeles, WA",Micropolitan,78202,,,,0.217778,0.349031,WA,61.4622,,,,,,,,2022,2025,1255,924,-3.96609,-2.56788,73.6255,91.6098,8.39024,35.9223,18.7933,23.1498,389394,228,241.098,24.7486
10140,"Aberdeen, WA",Micropolitan,78144,,,,0.593447,0.158934,WA,68.6958,,,,,,,,2022,2025,1506,1056,-10.801,-10.8622,70.1195,92.0398,7.9602,37.3294,20.7715,28.4657,310701,267,255.399,28.502
38460,"Plattsburgh, NY",Micropolitan,78138,,,,-0.398328,0.393154,NY,40.8922,,,,,,,,2022,2025,792,547,-2.0587,0.368327,69.0657,84.7561,15.2439,24.4475,12.2928,19.7531,224927,116,746.903,49.4737
20180,"DuBois, PA",Micropolitan,78100,,,,-0.585477,-0.039677,PA,23.4511,,,,,,,,2022,2025,869,665,-7.38795,-7.08431,76.5247,90.107,9.89305,35.4369,13.301,18.0822,175782,186,541.011,42.2855
23180,"Frankfort, KY",Micropolitan,77874,,,,0.620577,0.670933,KY,80.3748,,,,,,,,2022,2025,1510,937,-3.64635,-6.19026,62.053,84.6087,15.3913,40.4323,21.9326,26.974,260806,233,440.617,34.4468
37260,"Palatka, FL",Micropolitan,77734,,,,1.15867,0.726938,FL,87.5465,,,,,,,,2022,2025,1703,835,-4.06859,-2.43166,49.0311,69.7089,30.2911,30.7629,17.9104,42.57,227108,255,286.013,31.1105
17060,"Chillicothe, OH",Micropolitan,76429,,,,-0.166121,0.56712,OH,50.6815,,,,,,,,2022,2025,1244,779,-0.160257,-2.32643,62.6206,82.7828,17.2172,35.7791,19.291,33.7802,215244,185,291.476,28.1092
36460,"Olean, NY",Micropolitan,75390,,,,-0.415774,-0.0768741,NY,25.7435,,,,,,,,2022,2025,724,490,-6.6496,-8.75436,67.6796,82.6514,17.3486,26.3158,14.1353,20.7207,200918,124,548.997,43.4591
43060,"Shawnee, OK",Micropolitan,75102,,,,0.696596,0.841893,OK,83.86,,,,,,,,2022,2025,1665,921,0.50557,-1.98175,55.3153,75.6353,24.3647,29.5872,11.5443,36.5522,229853,219,325.771,31.7861
22300,"Findlay, OH",Micropolitan,75034,,,,0.0253411,0.365164,OH,54.4145,,,,,,,,2022,2025,1311,894,-2.46657,-5.51913,68.1922,89.0927,10.9073,33.4821,14.5089,22.6134,270369,208,506.897,42.1053
26020,"Hobbs, NM",Micropolitan,74749,,,,0.0307981,0.407006,NM,56.2113,,,,,,,,2022,2025,1234,574,-0.692617,-6.08689,46.5154,67.8689,32.1311,27.2497,13.0545,44.881,212875,140,603.586,44.0865
12180,"Auburn, NY",Micropolitan,74365,,,,-0.462026,-0.371105,NY,17.7664,,,,,,,,2022,2025,802,574,-4.29872,-4.45045,71.5711,86.8571,13.1429,31.7479,18.4304,10.1142,216829,139,388.673,36.6337
39500,"Quincy, IL-MO",Micropolitan,74146,,,,-0.408455,0.103957,IL,31.9548,,,,,,,,2022,2025,747,573,-3.98788,-4.11579,76.7068,91.0198,8.98021,24.8031,9.97375,28.8551,176414,157,462.552,38.781
29380,"Lake City, FL",Micropolitan,74094,,,,1.21335,0.505962,FL,84.8668,,,,,,,,2022,2025,1285,647,-8.43787,-9.57287,50.3502,71.223,28.777,32.6743,20.8117,39.7368,245989,223,287.046,30.1128
22840,"Fort Payne, AL",Micropolitan,74085,,,,0.667266,0.684959,AL,81.1803,,,,,,,,2022,2025,1166,600,3.06621,0.391941,51.458,73.938,26.062,42.9115,19.8858,30.1235,213483,209,283.233,29.6029
49220,"Wisconsin Rapids-Marshfield, WI",Micropolitan,74060,,,,-0.0323747,-0.262609,WI,33.9839,,,,,,,,2022,2025,1003,759,-1.07325,-1.8609,75.673,89.5522,10.4478,37.3762,17.4092,18.8919,216397,198,302.798,29.5955
24620,"Greeneville, TN",Micropolitan,73831,,,,0.973756,0.662622,TN,85.6103,,,,,,,,2022,2025,1654,906,1.60177,2.14954,54.7763,78.7854,21.2146,37.6033,23.6226,31.5881,254934,219,407.997,36.1272
28180,"Kapaa, HI",Micropolitan,73400,,,,0.0518517,-0.0544662,HI,43.0452,,,,,,,,2022,2025,686,473,-7.86142,-6.19294,68.9504,85.968,14.032,44.8718,20.6294,10.7824,916395,146,399.591,36.7385
45620,"Thomasville, GA",Micropolitan,72958,,,,0.265542,0.312109,GA,62.7169,,,,,,,,2022,2025,1069,601,-6.24108,-4.12692,56.2208,70.6208,29.3792,37.1996,18.1818,30.7479,251057,215,296.324,30.6655
34340,"Mount Airy, NC",Micropolitan,72287,,,,0.251166,0.306663,NC,61.9114,,,,,,,,2022,2025,980,610,-8.68352,-8.68003,62.2449,81.7945,18.2055,44.5455,19.9091,26.2059,226656,209,450.993,36.0146
43740,"Somerset, PA",Micropolitan,72004,,,,-0.543763,-0.283898,PA,17.9058,,,,,,,,2022,2025,787,585,-5.0373,-4.18252,74.3329,89.8507,10.1493,40.184,10.2249,15.5779,190453,184,673.131,48.8315
37060,"Oxford, MS",Micropolitan,71972,,,,1.03629,-0.776177,MS,54.4455,,,,,,,,2022,2025,1590,1101,-0.885549,2.37957,69.2453,85.409,14.591,34.3862,9.53516,10.2201,439614,264,294.801,30.0823
44620,"Stevens Point-Plover, WI",Micropolitan,71943,,,,0.427998,0.257811,WI,66.7906,,,,,,,,2022,2025,767,560,-2.12299,-4.55188,73.0117,89.0076,10.9924,47.3684,20.3947,10.6093,301268,187,435.426,39.2037
11940,"Athens, TN",Micropolitan,71590,,,,1.59163,1.22734,TN,94.4857,,,,,,,,2022,2025,1630,864,-3.50234,-2.59811,53.0061,74.8581,25.1419,36.6569,19.1349,36.5915,257789,238,270.619,27.7115
39020,"Portsmouth, OH",Micropolitan,71365,,,,-0.681962,-0.639062,OH,9.97522,,,,,,,,2022,2025,1157,583,-1.50903,-7.05116,50.3889,73.2719,26.7281,36.1446,19.4962,28.2783,186441,176,346.639,34.2596
19180,"Danville, IL",Micropolitan,71259,,,,-0.754183,-0.275694,IL,14.8854,,,,,,,,2022,2025,856,642,-1.36381,1.44251,75,88.992,11.008,33.8826,10.9166,22.7232,151153,151,327.346,30.4846
43220,"Shelton, WA",Micropolitan,71165,,,,1.50573,2.01551,WA,96.1121,,,,,,,,2022,2025,1534,1093,-5.38304,-4.34979,71.2516,91.6129,8.3871,37.9682,19.5233,33.4293,353481,256,223.212,24.7783
24640,"Greenfield, MA",Micropolitan,70698,,,,-0.0677565,-0.300377,MA,31.7999,,,,,,,,2022,2025,873,608,-3.2846,-3.75613,69.6449,91.0275,8.9725,32.6689,16.2791,14.1838,317829,193,357.358,32.3543
24180,"Granbury, TX",Micropolitan,70501,,,,2.58529,1.71837,TX,98.0328,,,,,,,,2022,2025,2013,1317,-2.96172,-1.21029,65.4247,84.9045,15.0955,26.9551,11.3699,32.2008,322289,311,214.837,24.5518
33980,"Morehead City, NC",Micropolitan,70469,,,,0.807339,0.361746,NC,77.7571,,,,,,,,2022,2025,1828,1284,-8.22698,-8.40688,70.2407,89.2401,10.7599,34.9544,15.2989,19.8198,425724,313,321.903,31.6372
14940,"Brigham City, UT-ID",Micropolitan,70405,,,,2.40793,2.03475,UT,98.4665,,,,,,,,2022,2025,1383,1030,-1.74495,-0.0968993,74.4758,92.5894,7.41056,41.008,17.7549,28.5197,371194,190,427.116,37.6573
10460,"Alamogordo, NM",Micropolitan,70368,,,,0.726103,-0.362483,NM,56.5985,,,,,,,,2022,2025,1486,874,-0.554581,-0.416041,58.8156,80.2643,19.7357,24.9141,13.4021,52.7082,213490,184,376.538,36.9683
28900,"Klamath Falls, OR",Micropolitan,70274,,,,0.186024,-0.137841,OR,45.7249,,,,,,,,2022,2025,1156,782,-6.49472,-7.02533,67.6471,88.3243,11.6757,39.5205,25.6767,33.396,279041,210,250.94,25.7663
41820,"Sanford, NC",Micropolitan,70258,,,,2.07931,2.09099,NC,98.2187,,,,,,,,2022,2025,1576,1062,6.16715,5.39963,67.3858,85.3941,14.6059,30.5882,14.5098,38.4658,334435,253,283.873,29.8874
38220,"Pine Bluff, AR",Micropolitan,70211,,,,-1.14595,-1.0834,AR,2.07559,,,,,,,,2022,2025,995,537,-5.60563,-5.33484,53.9698,75.8398,24.1602,31.5051,16.7092,40.4185,187346,162,242.808,23.3995
22060,"Faribault-Northfield, MN",Micropolitan,69939,,,,0.830729,0.56654,MN,82.4814,,,,,,,,2022,2025,883,714,-4.19041,-3.99919,80.8607,92.6115,7.38854,31.0811,13.9961,18.1467,299692,208,235.033,24.6562
39940,"Rexburg, ID",Micropolitan,69380,,,,0.891016,0.124109,ID,72.2739,,,,,,,,2022,2025,842,554,-3.32844,-3.10586,65.7957,88.1924,11.8076,36.3218,18.7356,12.618,390596,179,509.08,41.5146
46100,"Tullahoma-Manchester, TN",Micropolitan,69339,,,,1.42468,1.52866,TN,94.7955,,,,,,,,2022,2025,1227,806,-4.41507,-5.13172,65.6887,86.8737,13.1263,42.9986,23.7624,37.95,308586,248,260.095,27.2363
10620,"Albemarle, NC",Micropolitan,68830,,,,1.89413,1.92205,NC,97.4442,,,,,,,,2022,2025,1510,976,-8.04488,-9.0896,64.6358,86.5236,13.4764,35.7049,18.0501,27.6358,288012,247,506.492,38.3607
23700,"Gallup, NM",Micropolitan,68119,,,,-1.24976,-0.746019,NM,4.60037,,,,,,,,2022,2025,701,201,-3.90584,-3.54694,28.6733,43.4442,56.5558,22.3938,11.9691,29.1667,169826,105,1339.34,55.6244
32100,"Marquette, MI",Micropolitan,68064,,,,0.453327,0.365695,MI,70.2138,,,,,,,,2022,2025,665,492,-7.63806,-8.00815,73.985,89.8955,10.1045,40.6514,22.0748,15.3242,263354,153,536.57,46.9965
22100,"Farmington, MO",Micropolitan,67809,,,,0.410862,0.533737,MO,72.3048,,,,,,,,2022,2025,1151,794,-1.84142,-1.66427,68.9835,87.9237,12.0763,32.5404,15.548,38.212,227229,166,687.171,46.7748
17340,"Clearlake, CA",Micropolitan,67772,,,,-0.128172,-0.159104,CA,31.9548,,,,,,,,2022,2025,993,635,-9.2808,-9.29845,63.9476,86.3171,13.6829,34.8049,19.7125,29.8308,289646,224,249.137,27.1474
37020,"Owosso, MI",Micropolitan,67681,,,,-0.0910614,-0.216725,MI,31.8618,,,,,,,,2022,2025,1081,777,-4.85324,-6.44832,71.8779,87.9386,12.0614,40.9574,22.1125,26.0299,193610,206,287.265,29.8541
43700,"Somerset, KY",Micropolitan,67384,,,,0.688333,0.634717,KY,81.3507,,,,,,,,2022,2025,1229,655,-1.75383,-3.59313,53.2954,70.9072,29.0928,36.4694,17.7498,29.4686,201595,180,321.615,32.7095
32060,"Marion-Herrin, IL",Micropolitan,67225,,,,0.0291813,0.225124,IL,50.9139,,,,,,,,2022,2025,1037,715,-8.41697,-7.72412,68.9489,89.7129,10.2871,27.7778,11.9192,30.8784,187531,175,279.837,27.6566
18060,"Columbus, MS",Micropolitan,67144,,,,-0.546449,0.0969007,MS,28.2528,,,,,,,,2022,2025,1169,637,-3.42903,-5.46571,54.491,76.0518,23.9482,34.1942,11.3636,39.0734,212002,148,348.875,32.7265
16260,"Cedar City, UT",Micropolitan,67141,,,,3.07608,2.41309,UT,99.3959,,,,,,,,2022,2025,1537,1117,-6.27765,-4.8338,72.674,90.8949,9.10506,35.1712,12.5943,23.8073,383962,196,454.965,39.1339
35340,"New Iberia, LA",Micropolitan,66846,,,,-0.933117,-1.07587,LA,3.09789,,,,,,,,2022,2025,854,426,-6.23674,-4.81667,49.8829,69.5779,30.4221,33.124,10.3611,38.1616,189507,151,282.557,27.6463
34780,"Muskogee, OK",Micropolitan,66708,,,,0.14635,-0.107817,OK,44.8265,,,,,,,,2022,2025,1175,649,-1.85785,-5.0434,55.234,76.9399,23.0601,32.6763,14.9378,39.9651,193151,192,245.173,22.292
12660,"Baraboo, WI",Micropolitan,66652,,,,0.258855,0.148754,WI,57.8222,,,,,,,,2022,2025,1009,739,-1.84579,-2.36445,73.2408,87.4715,12.5285,46.8345,19.7842,11.1488,335406,209,750.258,44.5656
31980,"Marion, IN",Micropolitan,66524,,,,0.0057132,0.434809,IN,55.22,,,,,,,,2022,2025,897,603,-1.47876,-2.16885,67.2241,86.7114,13.2886,39.6396,25.6256,29.6667,175630,204,314.913,30.0205
40100,"Rio Grande City-Roma, TX",Micropolitan,66319,,,,0.141128,-0.118979,TX,44.4548,,,,,,,,2022,2025,383,185,8.96885,8.96288,48.3029,65.1163,34.8837,28.0156,7.393,44.7273,191162,91,518.209,34.3583
18900,"Crossville, TN",Micropolitan,66300,,,,1.55374,1.02087,TN,93.3086,,,,,,,,2022,2025,1293,743,-3.00644,-4.23515,57.4633,81.7337,18.2663,41.3112,22.0379,31.7492,264448,259,230.686,24.9833
35900,"North Wilkesboro, NC",Micropolitan,66233,,,,0.109671,-0.0286784,NC,46.0192,,,,,,,,2022,2025,962,559,-3.09042,-3.39342,58.1081,79.2453,20.7547,38.5039,18.8119,25.394,231190,199,621.107,43.5618
14100,"Bloomsburg-Berwick, PA",Micropolitan,66193,,,,0.463214,0.296983,PA,68.8352,,,,,,,,2022,2025,808,603,-3.81474,-3.16112,74.6287,88.5593,11.4407,28.5545,11.3744,17.893,225315,199,438.579,36.5804
39980,"Richmond, IN",Micropolitan,66169,,,,-0.104855,-0.251749,IN,30.917,,,,,,,,2022,2025,1022,746,-4.1065,-4.18188,72.9941,89.118,10.882,31.0536,20.8872,24.4232,159236,182,461.181,42.1994
34860,"Nacogdoches, TX",Micropolitan,66035,,,,0.427321,0.109152,TX,61.6481,,,,,,,,2022,2025,1067,527,2.32184,-2.29412,49.3908,71.4789,28.5211,22.0414,11.5385,20.557,243539,184,408.329,36.8666
34680,"Murrells Inlet, SC",Micropolitan,65912,,,,0.745861,-0.332668,SC,57.8532,,,,,,,,2022,2025,1484,861,-9.88675,-11.5439,58.0189,76.9682,23.0318,31.9368,15.6522,16.2712,415778,288,175.937,19.7625
22580,"Forest City, NC",Micropolitan,65745,,,,0.423613,0.25313,NC,66.3104,,,,,,,,2022,2025,1205,678,-8.86581,-12.8415,56.2656,79.1574,20.8426,38.587,19.6558,26.9145,244676,236,394.274,36.0385
31940,"Marinette, WI-MI",Micropolitan,65515,,,,0.0532024,0.00457931,WI,44.7336,,,,,,,,2022,2025,949,697,-2.94387,-4.76723,73.4457,89.7094,10.2906,42.9624,23.6498,18.3536,207654,188,301.45,29.5543
17580,"Clovis, NM",Micropolitan,65270,,,,-0.677006,-1.34821,NM,6.36617,,,,,,,,2022,2025,1115,739,-8.86384,-9.77044,66.278,86.4713,13.5287,25.0507,12.1704,52.9637,181225,148,439.089,40.3559
29060,"Laconia, NH",Micropolitan,65147,,,,0.425347,-0.0337584,NH,56.8154,,,,,,,,2022,2025,1239,857,-6.27727,-6.48674,69.1687,88.3168,11.6832,41.8983,22.3729,14.0387,460554,257,270.566,29.3902
32020,"Marion, OH",Micropolitan,65115,,,,-0.0827245,0.366848,OH,49.9071,,,,,,,,2022,2025,995,683,0.303339,-0.957455,68.6432,87.9699,12.0301,37.1087,20.5341,28.3824,205073,187,291.357,31.2188
34380,"Mount Pleasant, MI",Micropolitan,64691,,,,0.053571,-0.280548,MI,37.7943,,,,,,,,2022,2025,865,615,-4.0754,-4.76461,71.0983,84.9333,15.0667,30.3511,15.0623,17.3479,203049,179,472.06,38.871
39780,"Red Bluff, CA",Micropolitan,64665,,,,-0.33527,-0.157488,CA,25.4182,,,,,,,,2022,2025,732,490,-11.246,-10.8258,66.9399,89.7849,10.2151,37.1795,21.1538,28.9366,307918,182,203.39,20.3624
34540,"Mount Vernon, OH",Micropolitan,64002,,,,0.378626,0.689069,OH,73.5285,,,,,,,,2022,2025,1091,805,0.431438,-0.329085,73.7855,92.067,7.93296,37.6935,18.4985,20.713,268168,217,371.238,32.4238
18300,"Coos Bay-North Bend, OR",Micropolitan,63992,,,,-0.306574,-0.389154,OR,21.0967,,,,,,,,2022,2025,1016,682,-8.58572,-6.96772,67.126,88.9027,11.0973,38.5032,23.0839,28.6121,330894,218,320.106,31.5487
48200,"Waynesville, NC",Micropolitan,63369,,,,0.366959,0.215078,NC,63.1351,,,,,,,,2022,2025,1421,888,-9.22906,-6.77463,62.4912,84.5249,15.4751,35.2298,18.3807,21.9807,364786,264,262.184,28.3747
40740,"Roswell, NM",Micropolitan,63364,,,,-0.555607,-0.599253,NM,12.3451,,,,,,,,2022,2025,959,604,-2.97661,0.389325,62.9823,83.3116,16.6884,27.491,14.6459,48.8189,190712,137,538.942,46.5091
37580,"Paris, TX",Micropolitan,63319,,,,0.521004,0.215248,TX,68.2001,,,,,,,,2022,2025,901,499,-3.22137,-5.43084,55.3829,78.6127,21.3873,27.0468,17.2515,31.0109,233958,200,247.793,25.641
11900,"Athens, OH",Micropolitan,63197,,,,0.258653,0.185479,OH,58.7206,,,,,,,,2022,2025,497,287,-5.4504,-8.69101,57.7465,81.5508,18.4492,32.9439,17.0561,24.952,249321,169,206.789,23.5349
32300,"Martinsville, VA",Micropolitan,63091,,,,-0.386036,-0.349065,VA,20.4926,,,,,,,,2022,2025,908,517,0.745184,-3.20077,56.9383,79.4872,20.5128,36.6422,19.2402,37.8817,187747,200,323.59,33.4196
40260,"Roanoke Rapids, NC",Micropolitan,63025,,,,-0.868307,-0.77772,NC,5.71561,,,,,,,,2022,2025,895,395,-9.71204,-9.16313,44.1341,65.4147,34.5853,34.4942,15.7546,29.7789,253076,185,548.752,42.8859
25770,"Hemlock Farms, PA",Micropolitan,62808,,,,1.39904,0.873699,PA,91.2175,,,,,,,,2022,2025,1486,1057,-7.40853,-6.32767,71.1306,90.7641,9.23594,34.9938,21.5252,20.9942,313940,296,225.894,25.2163
16100,"Carlsbad-Artesia, NM",Micropolitan,62509,,,,0.0528762,1.14889,NM,65.1487,,,,,,,,2022,2025,1390,791,3.21811,0.900949,56.9065,76.6605,23.3395,23.1293,11.1759,43.0264,242497,183,335.985,32.3626
44260,"Starkville, MS",Micropolitan,62063,,,,0.148574,0.423941,MS,61.4622,,,,,,,,2022,2025,975,565,-5.07806,-1.87438,57.9487,76.2563,23.7437,30.8446,8.32313,19.6484,267566,163,424.35,39.0703
15660,"Calhoun, GA",Micropolitan,61701,,,,1.33935,1.16908,GA,92.4411,,,,,,,,2022,2025,1227,761,-3.11032,-4.18,62.0212,83.0385,16.9615,36.7415,18.537,37.1947,269060,243,191.743,21.1446
17500,"Clewiston, FL",Micropolitan,61546,,,,3.50603,2.87328,FL,99.8141,,,,,,,,2022,2025,1365,693,-3.98271,-5.56975,50.7692,69.5694,30.4306,23.8462,13.2967,42.968,269733,239,313.364,31.8949
26740,"Hutchinson, KS",Micropolitan,61539,,,,-0.114008,0.275379,KS,46.2206,,,,,,,,2022,2025,858,659,1.48021,1.72719,76.8065,92.673,7.327,35.7073,13.9512,22.1318,163710,167,482.246,41.2879
22260,"Fergus Falls, MN",Micropolitan,61041,,,,0.311869,0.136159,MN,59.2007,,,,,,,,2022,2025,728,573,-6.72191,-6.32135,78.7088,92.6282,7.37179,40.7446,16.029,13.8486,300148,201,333.181,34.002
44780,"Sturgis, MI",Micropolitan,60968,,,,0.0147684,-0.09013,MI,39.777,,,,,,,,2022,2025,973,693,1.59093,1.8458,71.223,89.1198,10.8802,38.8889,21.6049,20.5198,221955,191,309.795,29.3169
36580,"Oneonta, NY",Micropolitan,60589,,,,0.74246,-0.0742158,NY,63.7082,,,,,,,,2022,2025,664,395,-8.96079,-10.8241,59.488,81.1395,18.8605,31.4236,16.1458,11.1247,231759,133,597.035,49.017
20140,"Dublin, GA",Micropolitan,60351,,,,0.548419,0.916342,GA,80.9634,,,,,,,,2022,2025,972,452,0.730715,-1.29325,46.5021,67.1214,32.8786,37.3093,14.9792,41.5233,201748,189,273.774,28.5863
26460,"Hudson, NY",Micropolitan,60168,,,,-0.426609,-0.365961,NY,18.6803,,,,,,,,2022,2025,761,495,-5.64777,-7.4787,65.046,84.1424,15.8576,36.2934,17.3745,5.86207,458899,172,333.519,33.2712
28680,"Kingsland, GA",Micropolitan,60143,,,,1.83059,1.82511,GA,96.8556,,,,,,,,2022,2025,1580,1122,-7.04254,-6.53076,71.0127,89.4246,10.5754,34.0388,17.4015,55.2577,316898,246,452.03,38.6544
36620,"Ontario, OR-ID",Micropolitan,60085,,,,0.979454,0.0582848,OR,71.0812,,,,,,,,2022,2025,916,665,-2.09267,-0.348435,72.5983,91.6558,8.3442,38.5397,24.7689,27.145,273541,208,323.864,33.3598
37300,"Palestine, TX",Micropolitan,59805,,,,0.63529,0.389438,TX,75.9449,,,,,,,,2022,2025,1040,388,-4.14948,-9.29955,37.3077,57.7215,42.2785,23.1683,10.6931,25.5613,221186,177,553.914,39.5031
40860,"Rutland, VT",Micropolitan,59653,,,,-0.273668,-0.699149,VT,18.2621,,,,,,,,2022,2025,744,508,-2.95284,-2.07607,68.2796,87.728,12.272,34.9552,16.5173,15.7681,284724,154,388.619,35.8808
12740,"Barre, VT",Micropolitan,59652,,,,-0.0381779,-0.282509,VT,33.3798,,,,,,,,2022,2025,886,655,-6.03759,-3.85546,73.9278,92.2025,7.79754,37.2004,15.8198,9.68908,351244,130,701.711,46.0054
42380,"Sayre, PA",Micropolitan,59600,,,,-0.125366,0.0117463,PA,37.1747,,,,,,,,2022,2025,672,499,-7.6783,-6.47589,74.256,85.9322,14.0678,32.2011,16.5761,21.6495,192014,146,462.062,36.9928
38100,"Picayune, MS",Micropolitan,59363,,,,1.09931,0.59309,MS,85.3934,,,,,,,,2022,2025,1192,671,-3.77822,-3.64215,56.2919,77.184,22.816,35.8509,16.9216,41.9835,209531,165,299.069,29.4385
41460,"Salina, KS",Micropolitan,59121,,,,-0.291076,-0.00169142,KS,31.4126,,,,,,,,2022,2025,557,413,2.44918,0.737127,74.1472,89.0041,10.9959,32.1839,15.5993,35.6421,198148,161,299.384,31.8325
23380,"Fremont, OH",Micropolitan,58655,,,,-0.0765437,0.00682,OH,39.0025,,,,,,,,2022,2025,775,585,-2.84131,-3.69736,75.4839,91.5123,8.48765,36.2745,22.549,17.9081,176197,166,578.402,42.1982
12860,"Batavia, NY",Micropolitan,58416,,,,0.0401057,-0.0205381,NY,43.1691,,,,,,,,2022,2025,585,420,-8.15201,-11.6975,71.7949,86.1328,13.8672,35.5828,16.5644,13.9159,210214,117,546.292,44.2138
31930,"Marietta, OH",Micropolitan,58389,,,,-0.428758,-0.358368,OH,18.8042,,,,,,,,2022,2025,689,428,-5.86603,-9.00201,62.119,82.6007,17.3993,41.0468,23.5537,31.6777,216449,182,402.852,35.9865
23500,"Gaffney, SC",Micropolitan,58275,,,,0.718805,0.692885,SC,82.8996,,,,,,,,2022,2025,1090,578,0.369689,-0.850381,53.0275,74.552,25.448,31.1905,17.2619,41.0917,206782,207,307.438,29.697
35940,"Norwalk, OH",Micropolitan,58250,,,,-0.0811753,0.0377825,OH,40.1797,,,,,,,,2022,2025,711,484,-1.6768,-4.57473,68.0731,83.887,16.113,37.8691,20.6675,27.9324,194029,176,282.03,29.9948
28260,"Kearney, NE",Micropolitan,57962,,,,0.375117,0.126103,NE,60.7187,,,,,,,,2022,2025,695,541,-3.10594,-4.44168,77.8417,93.1208,6.87919,35.3644,14.9343,18.9899,238697,131,577.29,43.1204
48180,"Waycross, GA",Micropolitan,57670,,,,0.594469,0.945213,GA,82.5898,,,,,,,,2022,2025,1000,544,-1.86179,-3.32056,54.4,73.0769,26.9231,38.5311,15.0282,35.8209,194210,195,335.15,36.0586
37220,"Pahrump, NV",Micropolitan,57336,,,,1.9784,1.72992,NV,97.4597,,,,,,,,2022,2025,1296,807,-6.19303,-6.61726,62.2685,85.9281,14.0719,34.3369,17.9821,45.8807,286425,220,230.414,24.7552
25775,"Henderson, KY",Micropolitan,57184,,,,-0.178807,-0.0629151,KY,32.9771,,,,,,,,2022,2025,879,557,0.266871,0.119976,63.3675,82.6147,17.3853,41.858,17.6409,25.1064,192935,144,524.994,44.0243
18620,"Corsicana, TX",Micropolitan,57181,,,,1.59044,1.21068,TX,94.2999,,,,,,,,2022,2025,1380,628,-0.0241429,-1.64301,45.5072,67.8128,32.1872,24.4284,12.8761,30.9446,273010,240,354.794,33.7286
34420,"Mount Pleasant, TX",Micropolitan,57076,,,,0.48746,0.126307,TX,64.2658,,,,,,,,2022,2025,957,483,-3.68199,-9.97502,50.4702,72.0899,27.9101,29.1789,17.4487,29.0451,248996,189,246.864,24.9714
14700,"Branson, MO",Micropolitan,57001,,,,0.335986,0.209205,MO,61.9734,,,,,,,,2022,2025,1194,797,-7.48738,-8.42991,66.7504,87.5897,12.4103,32.8559,16.9334,22.7373,250997,260,269.111,28.6733
19220,"Danville, KY",Micropolitan,56985,,,,0.710519,1.12689,KY,85.7032,,,,,,,,2022,2025,1055,608,1.06494,0.275635,57.6303,76.4777,23.5223,34.6939,16.4339,31.0314,199030,195,249.19,26.3591
21460,"Enterprise, AL",Micropolitan,56953,,,,1.2319,0.833894,AL,89.4207,,,,,,,,2022,2025,1233,825,-8.52779,-8.50176,66.91,85.9267,14.0733,36.6846,13.7375,51.2573,252152,200,359.631,33.48
20420,"Durango, CO",Micropolitan,56898,,,,0.434082,-0.0562094,CO,56.4436,,,,,,,,2022,2025,1059,704,-8.92847,-8.82992,66.4778,90.8425,9.15751,40.7906,18.0824,9.71831,545952,267,388.705,34.2423
21220,"Elko, NV",Micropolitan,56682,,,,0.411872,0.139569,NV,62.4226,,,,,,,,2022,2025,993,698,-3.78899,-3.55229,70.292,89.6471,10.3529,31.7025,16.6341,49.0862,313309,145,399.883,36.4641
47660,"Warrensburg, MO",Micropolitan,56670,,,,0.961293,1.51548,MO,90.9232,,,,,,,,2022,2025,1177,879,-3.57923,-2.65836,74.6814,93.9487,6.05128,37.9675,12.9146,42.4684,278242,210,241.727,24.7342
23980,"Glasgow, KY",Micropolitan,56224,,,,0.51659,0.491519,KY,74.8761,,,,,,,,2022,2025,1069,629,0.250706,-2.46953,58.84,75.406,24.594,38.0296,12.6108,25.7371,239229,168,531.952,42.8761
28820,"Kinston, NC",Micropolitan,55837,,,,0.279929,0.730625,NC,70.601,,,,,,,,2022,2025,947,532,-3.04323,-2.38755,56.1774,74.2364,25.7636,33.3333,13.4085,38.5744,207669,190,428.193,34.8478
21900,"Fairmont, WV",Micropolitan,55584,,,,-0.234382,-0.181377,WV,27.7726,,,,,,,,2022,2025,842,520,-6.31486,-7.77898,61.7577,82.5633,17.4367,31.3984,16.4908,27.5028,219712,129,440.402,38.6601
43180,"Shelbyville, TN",Micropolitan,55273,,,,1.87069,1.49657,TN,96.4839,,,,,,,,2022,2025,904,612,-6.30345,-6.00719,67.6991,86.8633,13.1367,43.956,22.5275,38.0192,307810,216,280.594,30.2354
14380,"Boone, NC",Micropolitan,54786,,,,0.117229,-0.245808,NC,40.6444,,,,,,,,2022,2025,925,650,-9.64586,-9.87745,70.2703,89.1821,10.8179,34.1439,13.9818,5.64784,535246,257,346.737,30.2103
35020,"Natchez, MS-LA",Micropolitan,54722,,,,-0.191143,-0.0712186,MS,32.0942,,,,,,,,2022,2025,878,313,-0.075815,-6.66858,35.6492,55.267,44.733,32.1041,9.97831,34.0551,155479,129,575.61,44.6765
45660,"Tiffin, OH",Micropolitan,54522,,,,-0.196554,-0.314477,OH,26.2546,,,,,,,,2022,2025,624,453,-6.1547,-7.74835,72.5962,90.5405,9.45946,32.6895,17.5334,27.1531,168267,150,483.998,39.3453
36180,"Ocean Pines, MD",Micropolitan,54459,,,,0.726182,0.143432,MD,70.9572,,,,,,,,2022,2025,2031,1443,-7.56999,-8.26135,71.0487,88.3117,11.6883,27.451,14.4796,9.89673,361701,315,181.266,21.1885
22780,"Fort Leonard Wood, MO",Micropolitan,54442,,,,0.161316,1.02056,MO,68.8352,,,,,,,,2022,2025,1170,697,-7.05156,-11.4839,59.5726,84.7514,15.2486,38.6444,15.8451,68.4853,234828,154,411.542,38.1589
41760,"Sandpoint, ID",Micropolitan,54420,,,,2.79592,1.43523,ID,97.2429,,,,,,,,2022,2025,1024,660,-6.10479,-6.36692,64.4531,86.4899,13.5101,45.5894,26.8755,15.9176,503879,238,248.082,25.677
20780,"Edwards, CO",Micropolitan,54291,,,,-0.495755,-0.629633,CO,13.1041,,,,,,,,2022,2025,1061,690,-9.02233,-9.56793,65.033,87.2922,12.7078,40.874,14.2245,2.65428,1.1217e+06,267,383.871,34.136
42460,"Scottsboro, AL",Micropolitan,54281,,,,0.653353,0.641513,AL,80.3439,,,,,,,,2022,2025,857,466,-3.54476,-4.37908,54.3757,77.2446,22.7554,44.8521,17.7515,27.877,214034,194,315.771,31.244
44580,"Sterling, IL",Micropolitan,54121,,,,-0.521659,-0.554912,IL,13.4603,,,,,,,,2022,2025,653,484,-3.51505,-5.08322,74.1194,89.8551,10.1449,31.4448,12.8895,25.7707,138988,173,289.856,29.4781
12780,"Bartlesville, OK",Micropolitan,54037,,,,0.535544,0.267196,OK,70.3532,,,,,,,,2022,2025,885,578,-7.95876,-9.85321,65.3107,86.338,13.662,27.2956,13.3333,29.5337,211730,168,397.932,36.1531
28500,"Kerrville, TX",Micropolitan,54037,,,,0.503854,0.0425816,TX,61.9424,,,,,,,,2022,2025,930,469,-2.12831,-6.78236,50.4301,73.6111,26.3889,34.2216,18.2328,28.6255,344467,210,238.548,24.1873
37740,"Payson, AZ",Micropolitan,53801,,,,0.17301,-0.600451,AZ,36.5551,,,,,,,,2022,2025,1050,683,-7.29753,-7.46533,65.0476,89.1358,10.8642,40.4534,21.8832,25.6018,358192,239,234.928,27.4552
27380,"Jacksonville, TX",Micropolitan,53337,,,,1.05156,0.298996,TX,79.2131,,,,,,,,2022,2025,1119,471,-2.02971,-7.07606,42.0912,63.8372,36.1628,29.3853,10.6447,25.5376,234618,189,450.414,38.5502
43760,"Sonora, CA",Micropolitan,53160,,,,-0.810967,-1.89167,CA,3.77943,,,,,,,,2022,2025,896,647,-10.6713,-9.64166,72.2098,91.1323,8.86767,32.3929,18.0773,23.0439,312913,239,281.281,29.4092
20060,"Douglas, GA",Micropolitan,52861,,,,0.579745,0.482825,GA,76.425,,,,,,,,2022,2025,573,255,-2.95741,-1.64379,44.5026,60.6127,39.3873,37.5,12.7451,38.8286,173000,125,506.581,37.7093
32620,"McComb, MS",Micropolitan,52640,,,,-0.532054,-0.386042,MS,15.6444,,,,,,,,2022,2025,1169,412,-0.396044,-2.16787,35.2438,54.1977,45.8023,33.9744,8.49359,30.1429,159587,136,485.142,41.3934
11740,"Ashland, OH",Micropolitan,52523,,,,0.0144761,0.167827,OH,48.575,,,,,,,,2022,2025,724,531,-5.6496,-6.37394,73.3425,89.0851,10.9149,39.3836,19.863,20.9099,205584,185,455.723,39.0088
16060,"Carbondale, IL",Micropolitan,52501,,,,-0.297511,-0.343571,IL,23.2187,,,,,,,,2022,2025,547,324,-9.82569,-12.9395,59.2322,83.8164,16.1836,24.4755,12.8205,32.6,161698,145,286.212,29.5351
38420,"Platteville, WI",Micropolitan,52446,,,,0.175192,0.0801466,WI,51.9981,,,,,,,,2022,2025,599,454,5.0975,2.71029,75.793,90.0952,9.90476,36.5922,13.6872,9.63489,238326,148,790.516,47.2071
24100,"Gloversville, NY",Micropolitan,52216,,,,-0.329189,0.0613215,NY,32.4504,,,,,,,,2022,2025,700,465,-8.20554,-8.09439,66.4286,85.7895,14.2105,31.6176,16.7647,19.3512,212054,128,373.634,35.3782
24820,"Greenville, OH",Micropolitan,51520,,,,-0.147251,0.145787,OH,41.4033,,,,,,,,2022,2025,705,528,-3.35501,-3.24908,74.8936,91.6805,8.31947,34.5725,16.7286,26.2994,199735,153,395.791,36.3296
40300,"Rochelle, IL",Micropolitan,51399,,,,-0.14181,0.243788,IL,44.6406,,,,,,,,2022,2025,728,572,-3.88913,-3.16809,78.5714,93.5795,6.42055,34.0254,17.7624,20.3796,205717,194,217.389,23.8466
20460,"Durant, OK",Micropolitan,51367,,,,2.08734,1.83783,OK,98.0173,,,,,,,,2022,2025,1049,564,-6.97271,-10.0518,53.7655,77,23,31.8017,12.5756,31.2169,236596,162,585.45,42.3232
45700,"Tifton, GA",Micropolitan,51237,,,,0.341508,0.378105,GA,66.9919,,,,,,,,2022,2025,633,333,-4.51032,-8.38102,52.6066,72.0739,27.9261,42.5862,15.5172,36.8012,242718,167,281.965,28.5216
23820,"Gardnerville Ranchos, NV-CA",Micropolitan,51154,,,,0.176479,0.941255,NV,69.0675,,,,,,,,2022,2025,933,698,-1.1178,0.82528,74.8124,93.3589,6.64112,35.5494,18.9289,15.5347,624298,221,302.759,31.1013
13940,"Blackfoot, ID",Micropolitan,51153,,,,1.23965,0.366911,ID,82.6208,,,,,,,,2022,2025,789,549,-0.252208,0.739398,69.5817,90.6977,9.30233,40.52,22.2102,24.8931,306093,160,579.149,38.8066
35440,"Newport, OR",Micropolitan,50636,,,,0.0502376,-0.230528,OR,37.9802,,,,,,,,2022,2025,1002,638,-9.70372,-9.95981,63.6727,88.2277,11.7723,36.9565,20.1581,18.411,380063,240,204.968,22.9719
49100,"Winona, MN",Micropolitan,50523,,,,0.346789,0.357547,MN,66.5428,,,,,,,,2022,2025,647,516,-7.25415,-8.60951,79.7527,91.5808,8.41924,36.1386,9.77723,6.94577,212403,132,1163.01,54.8913
18460,"Cornelia, GA",Micropolitan,50416,,,,1.80073,1.33462,GA,95.1983,,,,,,,,2022,2025,931,588,-3.24973,-3.77724,63.1579,86.0724,13.9276,36.2947,19.61,30.9859,322738,218,225.341,25.4237
11220,"Amsterdam, NY",Micropolitan,50046,,,,0.220044,0.939895,NY,70.8333,,,,,,,,2022,2025,660,421,-3.4803,-3.1201,63.7879,81.4338,18.5662,32.0968,20.1613,19.4712,274572,132,372.206,34.2563
15860,"Cañon City, CO",Micropolitan,50039,,,,0.469788,0.0699944,CO,61.6636,,,,,,,,2022,2025,959,597,-7.4823,-7.24068,62.2523,88.0165,11.9835,42.9799,24.0688,35.2606,280561,241,276.706,29.4923
35700,"Nogales, AZ",Micropolitan,50020,,,,0.9497,0.512408,AZ,83.2714,,,,,,,,2022,2025,664,473,-5.06301,-2.66973,71.2349,89.7248,10.2752,42.6667,24.6061,41.9456,279376,188,246.33,26.052
43460,"Sikeston, MO",Micropolitan,49978,,,,-0.0702826,0.186429,MO,45.7869,,,,,,,,2022,2025,703,473,-8.20962,-6.13831,67.2831,85.6401,14.3599,35.8209,14.9254,36.4486,157368,130,297.098,25.9598
37120,"Ozark, AL",Micropolitan,49912,,,,0.260885,-0.223893,AL,46.3445,,,,,,,,2022,2025,848,497,-8.08401,-8.17933,58.6085,77.533,22.467,36.6071,14.9235,46.1287,195402,189,276.499,27.7976
15620,"Cadillac, MI",Micropolitan,49719,,,,0.394003,0.355247,MI,67.689,,,,,,,,2022,2025,743,503,-6.4664,-5.49809,67.6985,87.4172,12.5828,43.1638,23.5028,25.4417,227187,181,384.543,38.7476
32380,"Mason City, IA",Micropolitan,49710,,,,-0.297072,0.126896,IA,36.2608,,,,,,,,2022,2025,498,378,-3.5478,-4.71963,75.9036,90.9931,9.00693,28.4091,13.0682,23.1908,209259,148,277.16,28.46
36340,"Oil City, PA",Micropolitan,49346,,,,-0.409938,-0.347348,PA,19.9969,,,,,,,,2022,2025,422,317,-4.5322,-1.72623,75.1185,91.1357,8.86427,40.1887,19.6226,18.5889,183265,139,432.522,37.1295
15420,"Burley, ID",Micropolitan,49308,,,,1.21356,0.758118,ID,88.6927,,,,,,,,2022,2025,817,576,-0.684126,1.06391,70.5018,90.3759,9.62406,37.5271,21.8004,24.7229,270226,149,757.377,49.697
35740,"Norfolk, NE",Micropolitan,49228,,,,0.215903,0.619315,NE,66.7751,,,,,,,,2022,2025,536,414,-0.309025,-1.48459,77.2388,92.0259,7.97414,35.514,19.0031,26.2794,229952,107,486.679,42.0123
45140,"Tahlequah, OK",Micropolitan,49196,,,,0.881015,0.883831,OK,86.9579,,,,,,,,2022,2025,794,419,-1.85977,-6.76596,52.7708,76.6355,23.3645,36.2253,14.003,29.1971,219081,157,355.054,34.2806
35220,"New Castle, IN",Micropolitan,49137,,,,0.0946983,0.236633,IN,54.3525,,,,,,,,2022,2025,746,532,-5.17775,-4.87214,71.3137,88.9952,11.0048,42.7957,23.6559,28.3451,188947,207,303.875,29.8308
11620,"Ardmore, OK",Micropolitan,48910,,,,0.359603,-0.524732,OK,44.0985,,,,,,,,2022,2025,939,504,0.106724,-5.16958,53.6741,75.3388,24.6612,33.7714,14.0604,29.6009,191171,167,303.777,27.9958
21260,"Ellensburg, WA",Micropolitan,48803,,,,0.831785,1.44677,WA,88.8631,,,,,,,,2022,2025,1064,781,-4.6142,-4.29724,73.4023,91.3538,8.64619,30.701,13.8421,13.4209,516869,229,214.699,21.8851
39420,"Pullman, WA",Micropolitan,48512,,,,0.289436,1.35595,WA,74.7831,,,,,,,,2022,2025,553,387,-6.88674,-6.86238,69.9819,90.0222,9.97783,34.8485,18.1818,18.3175,334612,155,262.978,26.8934
34460,"Mount Sterling, KY",Micropolitan,48428,,,,0.614111,0.656801,KY,80.0341,,,,,,,,2022,2025,994,503,-4.24092,-6.37989,50.6036,72.027,27.973,35.6777,11.1253,30.6736,193052,173,346.691,32.3994
40820,"Ruston, LA",Micropolitan,48360,,,,0.0244182,0.265384,LA,51.9827,,,,,,,,2022,2025,736,388,-3.45981,-1.90129,52.7174,73.5144,26.4856,38.8976,9.6063,20.9104,238840,139,397.046,36.0691
39860,"Red Wing, MN",Micropolitan,48195,,,,0.251287,0.0955368,MN,55.2045,,,,,,,,2022,2025,696,566,-6.66487,-6.61498,81.3218,93.7097,6.29032,31.477,14.0436,17.7177,282332,198,223.32,24.8753
23940,"Gillette, WY",Micropolitan,48145,,,,0.420243,0.110205,WY,61.4002,,,,,,,,2022,2025,738,522,-2.93538,-3.94535,70.7317,89.7436,10.2564,35.0746,21.5174,44.1304,252816,142,440.624,37.4184
43380,"Sidney, OH",Micropolitan,48065,,,,-0.0386527,0.235652,OH,48.5285,,,,,,,,2022,2025,547,362,0.679453,-1.08117,66.1792,82.4444,17.5556,45.2345,26.475,23.3781,302238,167,283.107,28.1658
28340,"Kendallville, IN",Micropolitan,47937,,,,0.198097,-0.0187711,IN,49.4269,,,,,,,,2022,2025,687,493,-6.9601,-8.04277,71.7613,89.8973,10.1027,46.8177,22.3301,21.3389,220132,153,259.653,26.1583
19620,"Del Rio, TX",Micropolitan,47835,,,,0.0998069,0.117206,TX,50.6815,,,,,,,,2022,2025,506,344,-14.9333,-14.1146,67.9842,84.1981,15.8019,26.6525,10.4478,57.6613,241744,114,382.71,32.7019
23660,"Galesburg, IL",Micropolitan,47767,,,,-0.834913,-0.410725,IL,10.7342,,,,,,,,2022,2025,680,478,-4.63311,-7.29734,70.2941,84.8958,15.1042,29.0801,10.5341,19.6989,133138,139,507.808,38.3442
34220,"Moultrie, GA",Micropolitan,47438,,,,0.657838,0.919032,GA,83.3178,,,,,,,,2022,2025,587,268,1.04355,-0.855788,45.6559,66.309,33.691,42.735,20.2991,28.9827,242649,152,418.644,35.234
37500,"Paragould, AR",Micropolitan,47411,,,,0.669633,0.831561,AR,82.8377,,,,,,,,2022,2025,941,651,-4.89776,-5.40136,69.1817,88.0503,11.9497,29.3926,10.846,37.2787,193233,155,232.773,23.6856
42980,"Seymour, IN",Micropolitan,47370,,,,0.385244,-0.139135,IN,52.3699,,,,,,,,2022,2025,550,406,-8.20246,-9.12531,73.8182,91.048,8.95197,42.7362,23.4133,28.3473,209483,145,462.484,37.7259
13420,"Bemidji, MN",Micropolitan,47055,,,,0.353522,0.590008,MN,71.329,,,,,,,,2022,2025,342,260,-8.05577,-8.9098,76.0234,90.1361,9.86395,35.8025,14.0741,17.5379,251885,134,710.905,44.7992
29980,"Lawrenceburg, TN",Micropolitan,46914,,,,1.20583,0.578853,TN,85.9975,,,,,,,,2022,2025,761,508,-7.16009,-6.01957,66.7543,86.0616,13.9384,39.2344,19.1388,35.2701,248307,190,291.358,29.6892
16660,"Charleston-Mattoon, IL",Micropolitan,46607,,,,-0.204714,0.0730037,IL,36.2299,,,,,,,,2022,2025,583,354,1.53235,-1.81528,60.7204,79.4433,20.5567,25.6303,12.1849,26.2787,146780,133,495.323,40.3035
38500,"Plymouth, IN",Micropolitan,46599,,,,0.231214,0.131076,IN,56.552,,,,,,,,2022,2025,654,461,-2.10023,-4.4225,70.4893,86.2129,13.7871,43.5741,21.2974,14.6773,234566,180,412.346,39.6759
18100,"Columbus, NE",Micropolitan,46583,,,,0.756182,0.0257671,NE,67.0539,,,,,,,,2022,2025,621,472,0.269834,-1.3738,76.0064,89.5028,10.4972,30.9942,12.1345,25.0918,323750,127,574.962,44.3704
43890,"Sparta, WI",Micropolitan,46572,,,,0.114192,0.144071,WI,52.3854,,,,,,,,2022,2025,699,503,3.09054,0.535844,71.9599,90.8475,9.15254,43.9866,18.931,24.5548,250129,158,329.349,32.3821
34020,"Morgan City, LA",Micropolitan,46552,,,,-1.07986,-0.89626,LA,3.64002,,,,,,,,2022,2025,532,249,-9.46896,-7.92617,46.8045,63.3929,36.6071,29.661,7.9096,33.6538,168815,116,370.455,32.4245
39960,"Rice Lake, WI",Micropolitan,46484,,,,-0.100804,-0.485967,WI,26.5335,,,,,,,,2022,2025,805,570,3.69382,1.56841,70.8075,85.0291,14.9709,37.5,22.4781,17.6274,253719,172,469.993,38.593
13340,"Bellefontaine, OH",Micropolitan,46302,,,,0.0801023,0.499219,OH,59.8513,,,,,,,,2022,2025,897,565,0.601744,-0.351497,62.9877,84.9138,15.0862,41.7526,24.6392,26.8971,254770,201,309.388,29.717
32860,"Menomonie, WI",Micropolitan,46223,,,,0.332566,0.471678,WI,68.5254,,,,,,,,2022,2025,636,438,-3.42068,-4.25314,68.8679,87.3606,12.6394,40.8108,22.4324,12.3607,259338,167,699.437,45.9707
30380,"Lewistown, PA",Micropolitan,46127,,,,-0.00736932,0.225974,PA,48.9312,,,,,,,,2022,2025,455,349,-6.79804,-6.6482,76.7033,90.1763,9.82368,39.8276,22.7586,17.6755,171905,148,705.174,48.2834
17540,"Clinton, IA",Micropolitan,46002,,,,-0.185477,0.00652188,IA,34.6964,,,,,,,,2022,2025,606,480,-5.27578,-4.66688,79.2079,91.0615,8.93855,32.0113,11.898,27.6202,167125,140,418.14,39.497
17740,"Coldwater, MI",Micropolitan,45993,,,,0.492485,-0.0673562,MI,57.8686,,,,,,,,2022,2025,827,434,5.86626,-2.75904,52.4788,68.75,31.25,41.3514,21.0811,21.0121,214194,168,325.405,30.1983
47540,"Wapakoneta, OH",Micropolitan,45909,,,,-0.240903,-0.0587774,OH,30.886,,,,,,,,2022,2025,551,429,-5.01678,-2.92781,77.8584,94.2184,5.78158,39.4068,22.4576,17.2518,211014,146,740.034,42.8315
18660,"Cortland, NY",Micropolitan,45850,,,,-0.385895,-0.460249,NY,18.2776,,,,,,,,2022,2025,466,334,-4.6171,-6.75696,71.6738,87.3096,12.6904,28.7846,11.0874,12.3648,197515,103,449.933,39.1107
43020,"Shawano, WI",Micropolitan,45759,,,,0.282987,0.269524,WI,62.2986,,,,,,,,2022,2025,578,439,-7.86433,-8.8139,75.9516,92.0949,7.90514,53.545,25.9259,9.0836,278531,152,1006.01,50.3796
25880,"Hillsdale, MI",Micropolitan,45738,,,,-0.000874523,0.0962927,MI,44.873,,,,,,,,2022,2025,654,476,-5.50141,-0.347708,72.7829,90.4505,9.54955,36.87,20.557,21.2249,220987,204,292.776,31.1673
25460,"Harrison, AR",Micropolitan,45654,,,,0.477704,0.177737,AR,66.0161,,,,,,,,2022,2025,860,586,-4.64819,-5.20843,68.1395,88.2353,11.7647,35.9563,14.3169,27.5322,208276,174,286.274,27.2231
49010,"Winchester, TN",Micropolitan,45579,,,,1.24627,0.858578,TN,90.1642,,,,,,,,2022,2025,778,518,-6.07713,-7.09643,66.581,87.6997,12.3003,47.1967,25.79,32.6279,322954,232,253.01,26.5725
13260,"Bedford, IN",Micropolitan,45568,,,,0.245388,0.747292,IN,69.7026,,,,,,,,2022,2025,761,530,-5.61303,-3.9974,69.6452,88.2629,11.7371,44.6764,27.8706,34.6816,200075,162,379.623,34.4486
16340,"Cedartown, GA",Micropolitan,45514,,,,1.17631,1.58695,GA,92.5651,,,,,,,,2022,2025,735,417,-6.90572,-8.75945,56.7347,81.8519,18.1481,40.3433,24.3205,42.7208,244616,204,218.105,24.3583
24330,"Grand Rapids, MN",Micropolitan,45404,,,,0.169122,-0.105606,MN,45.632,,,,,,,,2022,2025,597,468,-6.26997,-7.11527,78.392,90.9441,9.05588,36.5854,16.1247,15.3307,255641,170,530.243,36.2545
10860,"Alice, TX",Micropolitan,45383,,,,-0.262339,-0.320675,TX,24.334,,,,,,,,2022,2025,616,231,-0.955472,-4.71302,37.5,62.2768,37.7232,29.5732,13.1098,36.4943,245216,140,451.323,36.7915
40620,"Rolla, MO",Micropolitan,45247,,,,0.309616,0.0906959,MO,56.9238,,,,,,,,2022,2025,748,443,6.57067,3.80928,59.2246,81.3531,18.6469,31.5301,15.1468,36.5621,226648,157,289.698,28.4631
14710,"Brattleboro, VT",Micropolitan,45204,,,,-0.286869,-0.604675,VT,19.083,,,,,,,,2022,2025,611,418,-5.88784,-6.16996,68.4124,88.6831,11.3169,35.8896,18.4049,7.87037,339522,158,374.025,34.2402
32000,"Marion, NC",Micropolitan,45198,,,,0.28743,-0.22076,NC,47.0725,,,,,,,,2022,2025,839,472,-3.58113,-5.76311,56.2574,78.7402,21.2598,34.5354,20.6657,25.7991,301695,198,502.836,39.6045
31580,"Madisonville, KY",Micropolitan,45127,,,,-0.106909,0.235446,KY,45.3067,,,,,,,,2022,2025,770,445,-8.49569,-6.76137,57.7922,79.397,20.603,42.1326,15.0845,31.9786,202685,145,317.245,31.2336
14220,"Bogalusa, LA",Micropolitan,44937,,,,-0.186327,-0.445301,LA,23.9002,,,,,,,,2022,2025,661,263,-7.89631,-6.42707,39.7882,61.3592,38.6408,36.6265,10.3614,28.2565,174582,132,531.011,44.0843
20820,"Effingham, IL",Micropolitan,44727,,,,-0.177909,-0.20527,IL,29.2906,,,,,,,,2022,2025,507,339,-3.37477,0.0985222,66.8639,86.5854,13.4146,27.2532,11.8026,26.5306,184351,112,491.776,37.3119
48820,"Willmar, MN",Micropolitan,44720,,,,0.450111,-0.120606,MN,55.0031,,,,,,,,2022,2025,513,412,-3.67586,-4.36311,80.3119,95.2164,4.7836,32.459,14.918,18.8467,258859,152,266.472,27.349
47820,"Washington, NC",Micropolitan,44670,,,,-0.010742,-0.134138,NC,37.2831,,,,,,,,2022,2025,751,442,-6.84459,-7.30782,58.8549,78.057,21.943,37.305,18.2979,20.0883,279095,179,419.63,34.967
33940,"Montrose, CO",Micropolitan,44591,,,,0.811475,-0.214828,CO,60.6722,,,,,,,,2022,2025,866,602,-7.18251,-5.12849,69.515,88.1543,11.8457,33.9188,19.978,22.3978,345033,187,336.793,31.43
12140,"Auburn, IN",Micropolitan,44535,,,,0.567756,0.444314,IN,75.2478,,,,,,,,2022,2025,813,607,-9.50429,-2.45531,74.6617,90.268,9.73202,40.8958,19.7663,21.3946,228278,165,260.11,27.651
23620,"Gainesville, TX",Micropolitan,44461,,,,1.26572,0.243501,TX,79.6933,,,,,,,,2022,2025,908,531,0.820932,-1.10506,58.4802,79.1436,20.8564,29.3883,13.5638,26.4038,349689,216,256.018,27.5329
20340,"Duncan, OK",Micropolitan,44310,,,,0.679395,0.192199,OK,71.5304,,,,,,,,2022,2025,703,443,-5.87408,-7.12627,63.0156,82.2828,17.7172,36.1671,11.5274,28.2082,177190,159,456.851,38.982
42740,"Sedalia, MO",Micropolitan,44254,,,,0.571424,0.820158,MO,80.8086,,,,,,,,2022,2025,756,520,-1.53871,-2.26517,68.7831,87.9736,12.0264,37.4248,19.1336,37.849,201000,173,367.916,34.7289
15460,"Burlington, IA-IL",Micropolitan,44061,,,,-0.504297,-0.27161,IA,19.083,,,,,,,,2022,2025,464,338,-8.31313,-8.06607,72.8448,87.3737,12.6263,31.1609,14.2566,22.1453,154024,121,428.257,37.5865
33300,"Milledgeville, GA",Micropolitan,44029,,,,0.110749,0.401341,GA,59.526,,,,,,,,2022,2025,526,307,-5.02577,-5.34506,58.365,79.2683,20.7317,39.9217,18.7867,31.2081,357410,187,215.951,24.0924
27540,"Jasper, IN",Micropolitan,44016,,,,0.171728,0.168404,IN,55.2664,,,,,,,,2022,2025,416,321,-4.7901,-4.27883,77.1635,91.1111,8.88889,50.463,15.2778,22.7612,237274,126,930.044,52.4667
44500,"Stephenville, TX",Micropolitan,43911,,,,0.556176,-0.190931,TX,56.7844,,,,,,,,2022,2025,618,351,-7.26815,-10.4025,56.7961,77.4262,22.5738,35.5963,20.367,20.4013,365655,198,255.22,28.2449
32660,"McMinnville, TN",Micropolitan,43717,,,,1.26343,0.397299,TN,83.6896,,,,,,,,2022,2025,737,437,-2.97924,-6.92621,59.2944,80.9028,19.0972,44.3312,17.8344,35.0504,263169,181,279.722,27.1698
38620,"Ponca City, OK",Micropolitan,43490,,,,-0.052802,-0.33687,OK,31.8618,,,,,,,,2022,2025,530,387,-9.15825,-8.54935,73.0189,92.1114,7.88863,28.9908,8.99083,28.483,161641,150,392.195,36.0544
32540,"McAlester, OK",Micropolitan,43320,,,,-0.2165,-0.347358,OK,24.6902,,,,,,,,2022,2025,782,413,-0.254454,-4.42089,52.8133,74.0984,25.9016,33.0632,14.4246,33.0544,278123,173,373.863,35.3915
23300,"Freeport, IL",Micropolitan,43220,,,,-0.613265,-0.465202,IL,13.1041,,,,,,,,2022,2025,557,388,0.728623,0.346024,69.6589,86.2366,13.7634,31.9298,17.7193,23.348,152835,158,490.864,40.778
26500,"Huntingdon, PA",Micropolitan,43001,,,,-0.477716,-0.882814,PA,10.982,,,,,,,,2022,2025,437,317,-7.87945,-8.51435,72.54,86.0526,13.9474,36.2173,15.493,13.1081,216767,146,530.386,45.3397
34260,"Mountain Home, AR",Micropolitan,42982,,,,0.611304,0.286988,AR,72.6921,,,,,,,,2022,2025,814,562,-7.66466,-8.96815,69.0418,89.2802,10.7198,35.0289,15.9538,26.444,218488,175,459.788,38.5087
16380,"Celina, OH",Micropolitan,42737,,,,0.0952713,0.510348,OH,60.8116,,,,,,,,2022,2025,265,195,-7.33113,-6.55726,73.5849,87.7729,12.2271,41.9643,24.7024,16.9231,225462,122,559.874,41.7381
25780,"Henderson, NC",Micropolitan,42638,,,,0.0394481,0.0845031,NC,46.5458,,,,,,,,2022,2025,525,307,-10.5691,-8.896,58.4762,79.1457,20.8543,40.7336,19.6911,34.684,225717,182,391.037,31.861
36380,"Okeechobee, FL",Micropolitan,42608,,,,1.44329,0.630594,FL,88.8631,,,,,,,,2022,2025,780,393,-6.09662,-5.04308,50.3846,70.8126,29.1874,33.9496,20,38.7665,275585,186,271.703,29.3642
13660,"Big Rapids, MI",Micropolitan,42320,,,,0.925931,0.925308,MI,87.5155,,,,,,,,2022,2025,681,476,-4.70778,-4.35344,69.8972,86.819,13.181,37.859,18.4073,18.8247,228277,176,277.113,28.3901
30260,"Lewisburg, PA",Micropolitan,42313,,,,-0.162746,-0.769213,PA,20.6939,,,,,,,,2022,2025,406,304,-1.82003,-2.50106,74.8768,90.5172,9.48276,36.7983,13.7214,10.6838,295461,131,373.6,35.4623
48940,"Wilmington, OH",Micropolitan,42301,,,,0.126242,0.606479,OH,63.4603,,,,,,,,2022,2025,731,490,-3.71814,-4.35344,67.0315,87.5214,12.4786,38.5194,20.8281,30.5284,260531,191,264.267,28.3377
21020,"Elizabeth City, NC",Micropolitan,42201,,,,0.876098,1.39596,NC,89.1729,,,,,,,,2022,2025,1103,689,-2.4989,-2.61469,62.466,82.634,17.366,35.6075,17.4766,50.6762,288599,198,280.286,28.5876
20900,"El Campo, TX",Micropolitan,42060,,,,0.229339,-0.0118864,TX,51.0998,,,,,,,,2022,2025,692,305,-2.51709,-6.23674,44.0751,65.8444,34.1556,25.9709,12.3786,31.3063,243918,177,307.237,30.5579
40460,"Rockingham, NC",Micropolitan,42041,,,,-0.324124,-0.227828,NC,24.1481,,,,,,,,2022,2025,636,290,-10.7631,-11.6842,45.5975,65.1163,34.8837,42.4603,20.0397,33.5008,188621,145,608.524,43.0371
38740,"Poplar Bluff, MO",Micropolitan,41904,,,,-0.0761906,0.0119335,MO,39.4981,,,,,,,,2022,2025,669,506,-4.74341,-4.28245,75.6353,89.8132,10.1868,29.1317,13.4454,38.5468,180296,117,481.218,42.8571
15340,"Bucyrus, OH",Micropolitan,41896,,,,-0.0557592,0.857005,OH,58.6431,,,,,,,,2022,2025,588,397,-2.16989,-4.85999,67.517,86.1925,13.8075,36.9841,21.746,24.1117,173035,153,311.882,31.1315
34700,"Muscatine, IA",Micropolitan,41853,,,,-0.60898,-0.730533,IA,10.0372,,,,,,,,2022,2025,539,411,-5.16749,-5.88367,76.2523,87.2651,12.7349,33.8164,9.17874,17.0823,184562,121,541.657,44.9455
34140,"Moscow, ID",Micropolitan,41842,,,,1.09068,0.249173,ID,78.1599,,,,,,,,2022,2025,462,335,-4.83168,-5.9743,72.5108,93.5401,6.45995,43.4122,21.1149,14.6207,379627,117,539.091,45.3401
48780,"Williston, ND",Micropolitan,41767,,,,0.278608,2.48313,ND,76.3786,,,,,,,,2022,2025,578,422,-7.36016,-5.93353,73.0104,88.501,11.499,28.8364,11.4671,33.7079,322701,123,552.138,42.2745
46980,"Vicksburg, MS",Micropolitan,41759,,,,-1.28472,-0.899426,MS,3.02045,,,,,,,,2022,2025,675,341,-3.79193,-7.36701,50.5185,66.548,33.452,34.0426,12.766,34.7039,185293,121,465.715,40.0862
10100,"Aberdeen, SD",Micropolitan,41583,,,,-0.299812,-0.165658,SD,26.3786,,,,,,,,2022,2025,421,330,-11.0898,-11.6799,78.3848,91.4601,8.53994,24.6575,9.58904,29.2089,264121,96,600.018,44.1995
40540,"Rock Springs, WY",Micropolitan,41267,,,,-0.443312,-0.200726,WY,22.0415,,,,,,,,2022,2025,596,415,-6.23603,-7.42036,69.6309,84.7826,15.2174,37.594,22.8571,43.8931,284928,120,628.544,38.4783
10940,"Alma, MI",Micropolitan,41190,,,,-0.225224,-0.415841,MI,22.723,,,,,,,,2022,2025,627,381,-1.79434,-6.22343,60.7656,76.6409,23.3591,31.9643,20.7143,25.9098,190223,146,309.221,31.7352
12380,"Austin, MN",Micropolitan,40971,,,,0.446725,0.705437,MN,76.0843,,,,,,,,2022,2025,627,499,-4.46125,-2.65781,79.5853,92.4188,7.58123,24.1641,12.1581,21.9415,215581,145,416.601,36.8266
10760,"Alexander City, AL",Micropolitan,40953,,,,-0.164738,0.149173,AL,40.8767,,,,,,,,2022,2025,838,493,-6.1878,-6.07598,58.8305,75.3666,24.6334,38.6816,17.2886,25.3506,407637,210,261.837,28.4298
11820,"Astoria, OR",Micropolitan,40926,,,,-0.112021,-0.679513,OR,23.4046,,,,,,,,2022,2025,671,455,-10.8494,-10.4689,67.8092,88.0374,11.9626,41.8902,19.5402,17.8287,495659,214,227.772,25.4536
48460,"West Plains, MO",Micropolitan,40798,,,,0.496552,-0.210351,MO,54.2906,,,,,,,,2022,2025,497,310,-3.72791,-6.39696,62.3742,83.7563,16.2437,39.3346,20.5479,41.2478,210355,135,274.418,28.522
25580,"Hastings, NE",Micropolitan,40577,,,,-0.0438096,-0.159933,NE,35.4554,,,,,,,,2022,2025,545,405,-3.52771,-6.34391,74.3119,89.172,10.828,34.1463,13.6585,22.6519,184160,115,578.965,42.7286
24740,"Greenville, MS",Micropolitan,40446,,,,-1.95347,-1.87297,MS,0.820942,,,,,,,,2022,2025,407,210,-1.96747,-6.99072,51.5971,72.6984,27.3016,44.8819,6.56168,19.6868,152857,113,680.65,47.2251
40940,"Safford, AZ",Micropolitan,40157,,,,0.780453,-0.203782,AZ,60.9975,,,,,,,,2022,2025,604,421,-0.545862,0.0793022,69.702,86.6267,13.3733,40.4526,20.7921,44.3262,265998,149,459.302,39.7121
10820,"Alexandria, MN",Micropolitan,40120,,,,0.51895,0.417991,MN,73.7454,,,,,,,,2022,2025,561,423,2.04138,-1.37949,75.4011,90.4082,9.59184,33.0696,11.7089,14.2857,408168,183,354.094,30.6915
29470,"Lake of the Woods, VA",Micropolitan,40083,,,,1.94861,2.27081,VA,98.1258,,,,,,,,2022,2025,1144,784,2.44595,0.170649,68.5315,88.901,11.099,33.3333,16.2415,40.2105,352347,237,208.19,22.0898
26340,"Houghton, MI",Micropolitan,40028,,,,0.360109,0.401324,MI,68.448,,,,,,,,2022,2025,393,298,-5.45327,-7.94424,75.827,92.515,7.48503,36.3248,21.5812,15.3298,209530,133,554.516,47.7933
32260,"Marshalltown, IA",Micropolitan,39890,,,,-0.104958,-0.593102,IA,25,,,,,,,,2022,2025,487,384,-2.16178,-1.43359,78.8501,90.2552,9.74478,29.927,14.2336,20.7407,151302,136,275.97,26.2385
21580,"Española, NM",Micropolitan,39832,,,,-0.210058,-0.290377,NM,26.1772,,,,,,,,2022,2025,432,179,-4.11238,-8.80304,41.4352,66.5541,33.4459,41.1184,25.3289,28.6982,282989,117,533.612,38.293
42780,"Selinsgrove, PA",Micropolitan,39655,,,,-0.0413055,-0.0856661,PA,37.5774,,,,,,,,2022,2025,284,210,-7.60001,-7.69271,73.9437,87.0968,12.9032,44.2971,15.1194,17.2348,217000,134,477.392,43.2526
35140,"Newberry, SC",Micropolitan,39561,,,,0.94906,0.610361,SC,84.2472,,,,,,,,2022,2025,634,332,-7.10958,-7.53807,52.3659,76.7152,23.2848,38.175,20.8566,30.5057,296867,186,214.796,24.1429
40180,"Riverton, WY",Micropolitan,39464,,,,0.13842,-0.504236,WY,36.6016,,,,,,,,2022,2025,433,267,0.15444,-4.02279,61.6628,82.8829,17.1171,43.1915,23.1915,31.5315,281105,129,328.682,30.7832
34660,"Murray, KY",Micropolitan,39421,,,,0.953065,1.33412,KY,89.7305,,,,,,,,2022,2025,516,338,-6.58528,-2.70656,65.5039,83.5267,16.4733,31.5789,13.1579,23.7522,261065,134,265.252,24.7796
14300,"Bonham, TX",Micropolitan,39265,,,,1.76616,1.25587,TX,94.78,,,,,,,,2022,2025,867,457,-3.63963,-7.79612,52.7105,77.3952,22.6048,34.7143,17.1429,30.1713,304825,237,237.077,26.5747
19860,"Dickinson, ND",Micropolitan,39142,,,,0.14781,1.09249,ND,68.7113,,,,,,,,2022,2025,672,503,-5.12943,-4.69172,74.8512,90.035,9.96503,25.1488,8.48214,30.9554,289751,111,394.52,34.7983
14720,"Breckenridge, CO",Micropolitan,39069,,,,0.217958,-0.115048,CO,47.2429,,,,,,,,2022,2025,1469,1019,-6.44512,-6.83176,69.3669,87.99,12.01,30.6803,10.6803,3.2372,766109,285,247.705,28.1681
44860,"Sulphur Springs, TX",Micropolitan,39063,,,,1.18257,0.610416,TX,86.2454,,,,,,,,2022,2025,785,388,-1.72236,-6.71726,49.4268,72.5166,27.4834,30.8378,18.8948,23.4177,249510,175,341.905,34.1142
48220,"Weatherford, OK",Micropolitan,39059,,,,-0.14885,0.0973835,OK,39.3587,,,,,,,,2022,2025,464,280,-2.65432,-6.44996,60.3448,83.3333,16.6667,27.4611,10.6218,34.8946,190357,134,294.526,29.7125
38260,"Pittsburg, KS",Micropolitan,39008,,,,0.0271961,0.123203,KS,47.4752,,,,,,,,2022,2025,520,367,-2.08907,-3.31035,70.5769,90.8873,9.11271,31.7844,11.71,24.3286,168760,137,482.768,40.917
14620,"Bradford, PA",Micropolitan,38984,,,,-0.713487,-0.776299,PA,7.85316,,,,,,,,2022,2025,262,183,-10.0503,-8.64199,69.8473,82.7434,17.2566,36.014,17.8322,19.3069,149918,101,747.84,52.7624
25300,"Hannibal, MO",Micropolitan,38969,,,,0.070461,0.283075,MO,54.6468,,,,,,,,2022,2025,546,418,-2.38464,-1.2443,76.5568,92.5214,7.47863,32.4717,14.2165,28.2799,189809,127,536.746,44.0034
18820,"Crawfordsville, IN",Micropolitan,38954,,,,0.529964,0.113081,IN,65.0558,,,,,,,,2022,2025,693,532,-3.90649,-3.71578,76.7677,93.4596,6.54045,34.1584,18.1931,31.9062,1.0715e+06,164,275.589,28.0632
46500,"Urbana, OH",Micropolitan,38820,,,,0.0407504,0.266033,OH,53.1444,,,,,,,,2022,2025,642,361,-1.70545,-7.82735,56.2305,75.2495,24.7505,46.1997,26.2295,25.2005,220512,182,301.019,28.7442
12900,"Batesville, AR",Micropolitan,38785,,,,0.440995,0.560035,AR,73.6214,,,,,,,,2022,2025,649,414,-6.57914,-4.67851,63.7904,80.8905,19.1095,32.7922,12.6623,32.6705,194517,122,660.38,40.6296
15220,"Brownwood, TX",Micropolitan,38711,,,,0.341884,-0.0464768,TX,53.9343,,,,,,,,2022,2025,606,343,-5.45226,-3.52601,56.6007,74.8996,25.1004,26.8657,14.0725,31.1567,217245,179,344.174,34.0171
29660,"Laramie, WY",Micropolitan,38558,,,,0.77011,0.0337268,WY,67.8594,,,,,,,,2022,2025,586,448,-3.83787,-6.66551,76.4505,91.502,8.49802,29.8905,12.989,19.8973,336183,115,563.913,45.4401
10220,"Ada, OK",Micropolitan,38528,,,,0.228405,0.482487,OK,65.3965,,,,,,,,2022,2025,656,382,-0.552775,-5.24423,58.2317,80.6576,19.3424,29.6501,13.4438,40.3816,207225,133,487.943,42.9412
44460,"Steamboat Springs, CO",Micropolitan,38451,,,,0.181473,-0.83559,CO,34.5105,,,,,,,,2022,2025,825,570,-9.33588,-8.29138,69.0909,89.1403,10.8597,38.5776,16.4871,15.0092,666649,252,242.034,28.671
15820,"Campbellsville, KY",Micropolitan,38407,,,,0.673159,0.125134,KY,68.9901,,,,,,,,2022,2025,457,259,-4.02859,-4.78044,56.674,72.9223,27.0777,36.2069,14.0394,31.8182,195386,129,477.64,40
15740,"Cambridge, OH",Micropolitan,38379,,,,-0.0244746,0.13045,OH,45.7404,,,,,,,,2022,2025,571,380,0.530983,-1.11502,66.5499,83.4764,16.5236,39.0048,23.2745,31.03,185237,157,394.103,33.896
19580,"Defiance, OH",Micropolitan,38292,,,,0.01254,-0.106957,OH,38.9405,,,,,,,,2022,2025,541,405,-2.23736,-0.729953,74.8614,89.8707,10.1293,33.8235,17.1569,17.3522,179667,144,534.952,46.2623
14780,"Brenham, TX",Micropolitan,38288,,,,1.35794,1.6055,TX,94.5942,,,,,,,,2022,2025,866,434,-4.13617,-3.43623,50.1155,69.9577,30.0423,27.0588,11.2605,24.159,315323,188,260.878,27.1845
46860,"Vernal, UT",Micropolitan,38278,,,,1.4179,0.324999,UT,82.6828,,,,,,,,2022,2025,689,482,-9.41704,-7.29627,69.9565,88.1739,11.8261,43.5597,17.2131,32.8872,269668,133,1238.08,53.9582
28620,"Kill Devil Hills, NC",Micropolitan,38245,,,,0.644517,0.04447,NC,65.5979,,,,,,,,2022,2025,1339,989,-13.8475,-12.5928,73.8611,92.0578,7.94224,31.2717,14.0375,7.30897,530430,285,246.881,25.4101
20660,"Easton, MD",Micropolitan,38238,,,,0.396964,-0.148844,MD,52.5713,,,,,,,,2022,2025,587,442,-6.62421,-7.08406,75.2981,91.9028,8.09717,37.305,18.8652,16.6483,505792,205,284.366,29.7822
30280,"Lewisburg, TN",Micropolitan,38071,,,,2.00892,0.498918,TN,89.0489,,,,,,,,2022,2025,931,673,-6.60983,-5.28256,72.2879,88.9744,11.0256,39.3147,20.9197,36.0866,291642,215,206.34,23.4255
23340,"Fremont, NE",Micropolitan,38057,,,,0.511203,0.332182,NE,70.9882,,,,,,,,2022,2025,642,507,1.71892,-0.0656599,78.972,90.2946,9.70537,33.3771,13.0092,17.6863,243521,143,515.696,44.6583
35460,"Newport, TN",Micropolitan,37889,,,,1.00397,0.405448,TN,81.8309,,,,,,,,2022,2025,715,337,-0.870406,0.19861,47.1329,66.6048,33.3952,35.9316,25.2852,38.8704,238591,179,318.505,28.4875
24600,"Greencastle, IN",Micropolitan,37876,,,,0.635006,0.312517,IN,73.7454,,,,,,,,2022,2025,598,439,-8.63181,-8.60294,73.4114,90.7662,9.23379,41.9312,20.7672,29.606,265046,190,216.908,22.8031
30820,"Lock Haven, PA",Micropolitan,37870,,,,0.260272,0.166636,PA,58.4727,,,,,,,,2022,2025,480,369,-6.11323,-5.11865,76.875,89.5105,10.4895,38.806,17.7446,20.0758,197466,138,403.752,36.1686
30900,"Logansport, IN",Micropolitan,37836,,,,0.0222159,-0.245195,IN,36.2763,,,,,,,,2022,2025,532,384,-1.51907,-1.02048,72.1805,87.7378,12.2622,38.4615,26.2821,26.1501,170547,143,440.5,36.1554
14180,"Blytheville, AR",Micropolitan,37828,,,,-1.37281,-0.906376,AR,2.6487,,,,,,,,2022,2025,528,308,0.510213,-3.0507,58.3333,77.619,22.381,36.0996,20.5394,51.0397,186039,127,472.188,36.9432
15100,"Brookings, SD",Micropolitan,37635,,,,1.85055,2.23013,SD,97.6146,,,,,,,,2022,2025,426,314,0.875841,-1.03958,73.7089,89.7727,10.2273,27.1462,10.2088,19.2678,356465,105,1324.94,53.588
23780,"Garden City, KS",Micropolitan,37505,,,,-0.422274,-0.764672,KS,13.4758,,,,,,,,2022,2025,295,181,-1.53365,-8.33499,61.3559,77.2358,22.7642,34.1818,19.6364,36.6667,252293,94,780.085,45.8839
36940,"Owatonna, MN",Micropolitan,37464,,,,0.0406217,0.0293701,MN,45.1363,,,,,,,,2022,2025,501,393,-4.04118,-4.8353,78.4431,91.2752,8.72483,32.5901,19.554,28.8035,283753,148,312.613,31.5563
27300,"Jacksonville, IL",Micropolitan,37381,,,,-0.619134,-0.391708,IL,13.925,,,,,,,,2022,2025,448,288,1.37632,-2.83998,64.2857,78.3422,21.6578,27.6382,9.79899,21.3675,140139,101,460.303,40.8092
26540,"Huntington, IN",Micropolitan,37224,,,,0.313479,0.700663,IN,71.7782,,,,,,,,2022,2025,591,425,-3.80781,-4.17461,71.912,90.2196,9.78044,43.7831,23.4127,23.9829,199965,153,257.231,26.2184
18740,"Coshocton, OH",Micropolitan,37188,,,,0.324749,0.510825,OH,69.2379,,,,,,,,2022,2025,539,360,8.58476,6.86287,66.7904,84.7727,15.2273,36.9527,20.8406,27.8902,190972,132,374.641,34.3224
11580,"Arcadia, FL",Micropolitan,37078,,,,1.6928,0.512348,FL,88.3984,,,,,,,,2022,2025,418,259,-10.9532,-7.66466,61.9617,80.2941,19.7059,29.235,15.847,32.0455,258359,153,348.296,34.5603
32460,"Mayfield, KY",Micropolitan,37050,,,,0.281443,0.68482,KY,69.9349,,,,,,,,2022,2025,580,394,1.3579,6.51879,67.931,85.1546,14.8454,26.6294,13.594,29.6355,180914,128,358.295,31.9927
47620,"Warren, PA",Micropolitan,37038,,,,-0.777987,-0.731688,PA,7.24907,,,,,,,,2022,2025,400,284,-3.34624,-3.29189,71,85.2941,14.7059,34.5622,18.4332,16.9304,168873,118,805.892,53.3028
30060,"Lebanon, MO",Micropolitan,36943,,,,0.492816,0.692306,MO,77.184,,,,,,,,2022,2025,902,406,2.07911,-6.26689,45.0111,65.2295,34.7705,36.4632,17.5274,42.1543,206108,139,348.494,32.7745
20980,"El Dorado, AR",Micropolitan,36926,,,,-1.05752,-0.525309,AR,7.80669,,,,,,,,2022,2025,841,350,-3.98094,-4.82695,41.6171,63.1976,36.8024,23.7473,11.7647,34.8337,182543,111,481.476,40.2851
22190,"Fayetteville, TN",Micropolitan,36853,,,,0.846522,0.375868,TN,79.3835,,,,,,,,2022,2025,628,421,-2.71219,-2.4841,67.0382,90.02,9.98004,42.7989,21.3315,35.4143,258753,179,319.431,31.3325
22700,"Fort Dodge, IA",Micropolitan,36838,,,,-0.0861011,0.105981,IA,41.6822,,,,,,,,2022,2025,458,353,-11.0605,-11.7152,77.0742,90.3704,9.62963,32.5048,12.0459,20.0957,149561,122,559.88,42.2535
38380,"Plainview, TX",Micropolitan,36700,,,,-0.603102,-1.07817,TX,7.3575,,,,,,,,2022,2025,370,206,-5.96694,-9.83175,55.6757,73.7931,26.2069,25.8993,13.3094,37.4194,208252,111,336.556,29.4821
19760,"DeRidder, LA",Micropolitan,36673,,,,0.0371258,0.0955292,LA,46.6698,,,,,,,,2022,2025,771,384,-4.77866,-7.48834,49.8054,70.7993,29.2007,34.0206,11.3402,48.0831,210286,131,381.993,34.2418
19540,"Decatur, IN",Micropolitan,36650,,,,0.441252,0.29555,IN,67.9988,,,,,,,,2022,2025,422,333,-4.79322,-4.88601,78.91,94.2779,5.72207,50.3726,26.2295,12.4211,221336,112,828.429,52.6169
26780,"Hutchinson, MN",Micropolitan,36631,,,,-0.0610385,-0.521413,MN,27.912,,,,,,,,2022,2025,614,456,-1.06278,-2.56702,74.2671,89.4737,10.5263,31.2217,14.0271,20.7858,294912,153,256.855,26.1234
13540,"Bennington, VT",Micropolitan,36630,,,,-0.371472,-0.959849,VT,13.0266,,,,,,,,2022,2025,332,241,-10.6225,-10.2177,72.5904,89.8917,10.1083,37.4026,17.6623,15.0289,369440,126,276.361,27.907
27220,"Jackson, WY-ID",Micropolitan,36587,,,,0.821229,0.375857,WY,78.4387,,,,,,,,2022,2025,640,402,-7.55183,-9.2004,62.8125,87.0155,12.9845,39.4578,18.6747,3.76028,1.32537e+06,194,334.313,33.0564
21540,"Escanaba, MI",Micropolitan,36582,,,,-0.160506,-0.356822,MI,26.6884,,,,,,,,2022,2025,201,148,-2.21944,1.62819,73.6318,86.2857,13.7143,37.0213,22.9787,44.7876,212973,107,431.903,36.0324
13060,"Bay City, TX",Micropolitan,36463,,,,0.0968168,0.754352,TX,64.2503,,,,,,,,2022,2025,592,307,-3.16671,-5.08213,51.8581,73.1501,26.8499,22.4747,10.8586,33.9578,244739,165,269.177,27.2638
16460,"Centralia, IL",Micropolitan,36382,,,,-0.685999,-0.326018,IL,15.0713,,,,,,,,2022,2025,521,317,-5.12118,-5.86339,60.8445,82.1078,17.8922,28.1179,14.5125,30.7252,151814,115,349.183,30.3957
20540,"Dyersburg, TN",Micropolitan,36320,,,,-0.213385,-0.449512,TN,22.7385,,,,,,,,2022,2025,569,331,-4.82502,-4.32935,58.1722,78.4897,21.5103,40.8929,20.5357,33.518,217931,136,548.296,42.5311
42420,"Scottsbluff, NE",Micropolitan,36272,,,,-0.247925,-0.154151,NE,27.881,,,,,,,,2022,2025,286,187,0.352116,0.540551,65.3846,83.7719,16.2281,44.1791,28.3582,32.3601,197567,112,410.162,37.8462
47080,"Vidalia, GA",Micropolitan,36180,,,,0.298396,0.218831,GA,61.1989,,,,,,,,2022,2025,369,176,-9.81116,-4.01135,47.6965,67.0139,32.9861,39.5189,20.6186,40.5063,206364,133,465.854,35.249
34500,"Mount Vernon, IL",Micropolitan,36147,,,,-0.464317,0.0969207,IL,30.2819,,,,,,,,2022,2025,526,291,3.31319,-1.44625,55.3232,74.7549,25.2451,28.5012,12.285,28.9641,145275,117,423.361,39.8344
15580,"Butte-Silver Bow, MT",Micropolitan,36118,,,,0.511665,0.0748109,MT,63.197,,,,,,,,2022,2025,598,430,-2.23718,-1.43092,71.9064,92.1811,7.81893,38.6591,24.2511,29.4554,266279,142,475.921,39.4044
35060,"Natchitoches, LA",Micropolitan,36089,,,,-0.711111,-0.265303,LA,16.0161,,,,,,,,2022,2025,647,255,-1.69271,-6.10053,39.4127,58.6,41.4,28.3708,9.26966,34.2711,198843,114,461.391,39.6939
42300,"Sault Ste. Marie, MI",Micropolitan,36081,,,,-0.390061,-0.077543,MI,26.425,,,,,,,,2022,2025,325,205,-4.05732,-4.45045,63.0769,78.8679,21.1321,29.7945,16.4384,26.7409,221780,117,378.839,37.8976
47180,"Vincennes, IN",Micropolitan,35652,,,,-0.33378,-0.293649,IN,22.7385,,,,,,,,2022,2025,435,316,-3.42886,-1.43462,72.6437,89.3733,10.6267,42.2303,22.1207,26.8945,238797,122,461.364,40.9809
19810,"Detroit Lakes, MN",Micropolitan,35497,,,,0.177292,0.316518,MN,59.7274,,,,,,,,2022,2025,510,407,-5.69048,-5.61209,79.8039,92.6667,7.33333,36.4062,13.2812,16.4491,354435,136,506.92,42.5735
36900,"Ottumwa, IA",Micropolitan,35210,,,,-0.0702861,-0.618138,IA,26.1617,,,,,,,,2022,2025,416,321,-4.45859,-3.74998,77.1635,91.1602,8.83978,42.3698,7.71993,18.5497,138084,104,1031.75,51.8987
42820,"Selma, AL",Micropolitan,35140,,,,-1.64368,-1.24775,AL,1.45601,,,,,,,,2022,2025,393,183,-5.65572,-3.0789,46.5649,66.0131,33.9869,32.967,15.3846,36.3354,163579,127,301.286,32.4423
38700,"Pontiac, IL",Micropolitan,35057,,,,-0.423023,-0.36096,IL,18.9436,,,,,,,,2022,2025,559,409,-4.16017,-5.90918,73.1664,87.8296,12.1704,32.7303,16.9408,17.2462,150819,136,401.547,34.3803
15020,"Brookhaven, MS",Micropolitan,35012,,,,0.0973935,0.0199971,MS,47.2429,,,,,,,,2022,2025,650,255,3.22272,-2.00807,39.2308,59.387,40.613,40,9.17647,22.9039,172412,104,535.159,42.9559
33380,"Minden, LA",Micropolitan,34948,,,,-1.07254,-0.713088,LA,5.45229,,,,,,,,2022,2025,658,316,-5.83275,-8.61065,48.0243,66.3498,33.6502,35.5102,8.57143,33.8156,186899,130,409.465,36.6297
24900,"Greenwood, MS",Micropolitan,34912,,,,-1.82559,-1.78637,MS,1.00682,,,,,,,,2022,2025,347,182,4.97102,4.82658,52.4496,68.8581,31.1419,45.0151,8.45921,20.7792,156154,86,353.823,32.8616
21380,"Emporia, KS",Micropolitan,34838,,,,0.0886445,-0.303342,KS,38.3674,,,,,,,,2022,2025,351,258,0.190658,-1.74599,73.5043,87.013,12.987,35.3383,9.27318,22.3744,190814,109,442.952,39.2182
11420,"Angola, IN",Micropolitan,34799,,,,0.200633,0.0316201,IN,51.6574,,,,,,,,2022,2025,613,444,-6.83265,-6.88776,72.4307,86.7675,13.2325,40.721,20.5607,16.8399,273108,179,253.319,26.7805
18420,"Corinth, MS",Micropolitan,34569,,,,-0.0940383,-0.135775,MS,33.8445,,,,,,,,2022,2025,474,247,-1.95997,0.271372,52.1097,73.6264,26.3736,42.0188,15.2582,31.0891,181883,115,359.598,31.9549
45340,"Taos, NM",Micropolitan,34564,,,,0.0608678,0.357132,NM,55.948,,,,,,,,2022,2025,533,263,-9.91208,-11.8529,49.3433,75,25,36.4734,20.0483,13.5307,365228,174,359.502,35.6373
37940,"Peru, IN",Micropolitan,34487,,,,-0.803749,0.0638329,IN,23.6369,,,,,,,,2022,2025,455,297,-6.18191,-4.50059,65.2747,86.4721,13.5279,46,31.2727,28.7966,178939,135,307.746,31.5829
11680,"Arkansas City-Winfield, KS",Micropolitan,34382,,,,-0.0847124,0.382471,KS,50.2323,,,,,,,,2022,2025,427,304,-7.47061,-7.57184,71.1944,89.0756,10.9244,33.913,17.1739,24.4123,165197,132,359.339,32.998
14820,"Brevard, NC",Micropolitan,34211,,,,0.568452,0.00584641,NC,62.2677,,,,,,,,2022,2025,525,351,-12.1748,-11.9965,66.8571,87.4092,12.5908,40.6091,18.4433,11.4583,468419,198,283.493,30.7255
47780,"Washington, IN",Micropolitan,34209,,,,0.503889,0.228531,IN,68.0917,,,,,,,,2022,2025,307,226,-5.25774,-5.75719,73.6156,87.3606,12.6394,47.6852,21.7593,22.8782,224381,112,578.996,39.4536
37800,"Pella, IA",Micropolitan,34192,,,,0.457788,0.697983,IA,76.3631,,,,,,,,2022,2025,487,364,-10.8358,-8.9979,74.7433,89.8058,10.1942,37.457,14.2612,16.568,266429,147,286.327,29.1476
19980,"Dodge City, KS",Micropolitan,33993,,,,-0.128938,-0.857468,KS,21.0812,,,,,,,,2022,2025,308,255,-3.14612,-1.3979,82.7922,93.1408,6.85921,24.3323,13.9466,47.139,218216,102,583.68,44.302
35820,"North Platte, NE",Micropolitan,33972,,,,-0.733604,0.0117758,NE,22.9399,,,,,,,,2022,2025,560,396,4.26864,2.75448,70.7143,85.1153,14.8847,31.6062,16.9257,23.1322,215909,112,432.615,38.6994
39040,"Port Townsend, WA",Micropolitan,33970,,,,0.542118,0.2331,WA,69.4393,,,,,,,,2022,2025,475,326,-9.08012,-8.95741,68.6316,89.8123,10.1877,37.0656,16.4093,16.8421,471411,171,273.888,28.2645
37950,"Petoskey, MI",Micropolitan,33775,,,,-0.19837,-0.506672,MI,22.4287,,,,,,,,2022,2025,480,344,-4.72417,-4.82377,71.6667,90.1554,9.84456,41.5959,21.9015,9.78121,442326,183,484.163,41.7966
45980,"Troy, AL",Micropolitan,33688,,,,0.470839,1.47294,AL,81.2887,,,,,,,,2022,2025,669,343,-0.736404,-1.78107,51.2706,64.9396,35.0604,31.6733,14.3426,33.2737,221152,123,343.517,32
15700,"Cambridge, MD",Micropolitan,33628,,,,0.670468,1.26476,MD,85.4244,,,,,,,,2022,2025,669,413,-8.55934,-10.2878,61.7339,83.2031,16.7969,38.3582,19.5522,35.3017,280036,211,207.984,22.4385
31680,"Malvern, AR",Micropolitan,33451,,,,0.21967,0.471556,AR,64.7615,,,,,,,,2022,2025,831,347,1.1071,-0.849899,41.7569,63.5071,36.4929,31.8271,15.7171,34.0034,171974,145,310.929,29.7422
45380,"Taylorville, IL",Micropolitan,33443,,,,-0.306347,0.00299025,IL,30.8086,,,,,,,,2022,2025,448,334,4.19837,4.34374,74.5536,88.1137,11.8863,28.0172,12.931,29.8373,137485,123,288.647,28.2468
11140,"Americus, GA",Micropolitan,33394,,,,-0.391245,-0.695849,GA,15.0867,,,,,,,,2022,2025,369,211,-9.32789,-2.97355,57.1816,73.9865,26.0135,35.6707,12.1951,27.6423,200450,129,346.143,33.0873
23140,"Frankfort, IN",Micropolitan,33322,,,,0.0824314,0.0450356,IN,47.6766,,,,,,,,2022,2025,485,384,-8.92436,-8.23897,79.1753,94.1995,5.80046,43.2792,23.9291,22.6328,218203,144,391.246,37.7922
29900,"Laurinburg, NC",Micropolitan,33322,,,,-0.0545293,-0.856888,NC,24.6283,,,,,,,,2022,2025,615,264,-5.25006,-6.97992,42.9268,63.4744,36.5256,37.2922,18.2898,38.6831,196439,157,466.299,40.3451
31500,"Madison, IN",Micropolitan,33279,,,,0.113369,0.650254,IN,63.5843,,,,,,,,2022,2025,578,402,-3.98519,-3.69005,69.5502,84.0726,15.9274,38.8128,21.4612,24.1618,215697,145,413.677,39.0869
32280,"Martin, TN",Micropolitan,33261,,,,0.213623,0.135477,TN,55.4368,,,,,,,,2022,2025,440,275,-0.892905,-0.120919,62.5,79.5148,20.4852,37.6417,16.78,30.853,256527,148,276.56,27.1906
43260,"Sheridan, WY",Micropolitan,33241,,,,1.4018,0.935232,WY,91.7906,,,,,,,,2022,2025,513,372,-3.56372,-2.71321,72.5146,92.8747,7.12531,35.6401,16.609,25.7511,367688,112,409.614,35.0835
19940,"Dixon, IL",Micropolitan,32914,,,,-0.683924,0.191775,IL,29.8172,,,,,,,,2022,2025,383,261,-1.2724,-2.88972,68.1462,89.7351,10.2649,28.4932,12.0548,23.5955,179406,135,324.256,31.3253
15900,"Canton, IL",Micropolitan,32901,,,,-0.397038,0.286524,IL,38.1351,,,,,,,,2022,2025,438,341,-2.11434,-3.03219,77.8539,87.5635,12.4365,25.2193,9.86842,21.3358,121070,115,628.939,48.9201
37540,"Paris, TN",Micropolitan,32896,,,,0.460451,-0.072904,TN,56.9548,,,,,,,,2022,2025,570,346,-6.39551,-5.34607,60.7018,81.6964,18.3036,49.4152,21.7836,27.3177,216850,173,355.925,35.0445
42900,"Seneca Falls, NY",Micropolitan,32883,,,,-0.338356,0.648894,NY,46.3755,,,,,,,,2022,2025,349,245,-5.76119,-6.63161,70.2006,86.6667,13.3333,30.3977,12.7841,10.1365,214714,102,417.878,36.2894
13300,"Beeville, TX",Micropolitan,32515,,,,0.93087,-0.416526,TX,57.8841,,,,,,,,2022,2025,389,184,2.71134,1.1112,47.3008,69.6774,30.3226,23.0126,13.3891,34.6154,193533,110,389.624,36.6718
27700,"Jesup, GA",Micropolitan,32481,,,,1.50392,1.18061,GA,93.6029,,,,,,,,2022,2025,582,347,-11.6177,-7.32819,59.622,75.4717,24.5283,40.8859,19.2504,46.8118,217651,148,377.041,35.5731
40770,"Russellville, AL",Micropolitan,32449,,,,0.224,0.807729,AL,69.78,,,,,,,,2022,2025,428,204,5.16357,3.12701,47.6636,66.9565,33.0435,44.2623,16.3934,25.2315,170343,108,623.111,41.0835
25200,"Hailey, ID",Micropolitan,32436,,,,1.19933,-0.561023,ID,58.1629,,,,,,,,2022,2025,545,369,-2.33322,-3.37244,67.7064,88.2759,11.7241,41.7062,19.5893,11.2485,652019,172,323.984,33.5128
22800,"Fort Madison, IA",Micropolitan,32306,,,,-0.739217,-0.535714,IA,10.223,,,,,,,,2022,2025,257,175,-2.23123,-1.47896,68.0934,83.9623,16.0377,31.3725,14.5098,23.9617,137171,95,520.722,42.3786
27940,"Juneau, AK",Micropolitan,31609,,,,-0.372281,0.0728171,AK,31.8154,,,,,,,,2022,2025,419,320,-11.2308,-12.2131,76.3723,91.2568,8.74317,26.4368,16.7816,24.6436,422250,82,554.446,47.1316
17650,"Cody, WY",Micropolitan,31171,,,,0.991922,0.205741,WY,75.9139,,,,,,,,2022,2025,509,347,-3.47634,-4.94331,68.1729,89.7756,10.2244,35.7407,19.2593,25.1177,355202,122,611.856,46.5969
33420,"Mineral Wells, TX",Micropolitan,30791,,,,1.58977,1.4798,TX,95.3532,,,,,,,,2022,2025,588,353,-9.52701,-10.7778,60.034,80.8917,19.1083,30.7843,14.1176,22.9965,310722,212,231.781,28.084
47340,"Wabash, IN",Micropolitan,30713,,,,-0.142004,-0.0423094,IN,35.0062,,,,,,,,2022,2025,503,357,-1.10184,-3.9595,70.9742,85.3333,14.6667,41.4754,27.0492,22.5175,173207,143,341.609,33.8671
27020,"Iron Mountain, MI-WI",Micropolitan,30575,,,,0.074738,-0.0816993,MI,42.7509,,,,,,,,2022,2025,326,243,4.21775,3.68516,74.5399,89.1697,10.8303,34.5013,19.9461,26.5766,175082,119,342.087,33.9695
13700,"Big Spring, TX",Micropolitan,30504,,,,-2.60693,-0.209369,TX,12.4071,,,,,,,,2022,2025,523,296,-5.46259,-8.31038,56.5966,80.9045,19.0955,23.3161,10.1036,46.8447,206655,135,307.408,29.9898
10660,"Albert Lea, MN",Micropolitan,30440,,,,-0.298878,0.0328623,MN,32.7602,,,,,,,,2022,2025,455,332,-0.146092,-1.65079,72.967,90.6494,9.35065,27.8261,15.8696,27.0321,179217,122,362.898,36.8532
33060,"Miami, OK",Micropolitan,30438,,,,0.130611,0.029577,OK,49.1171,,,,,,,,2022,2025,379,209,-4.63568,-6.6593,55.1451,77.931,22.069,32.5806,14.1935,43.1818,180933,114,478.236,37.8897
28780,"Kingsville, TX",Micropolitan,30315,,,,-0.4369,-0.0461604,TX,26.3631,,,,,,,,2022,2025,296,174,-14.8237,-14.046,58.7838,83.7004,16.2996,26.2712,11.0169,45.5598,224828,118,291.456,28.8
29780,"Las Vegas, NM",Micropolitan,30311,,,,-0.655956,-0.704318,NM,9.75836,,,,,,,,2022,2025,545,181,2.91425,-2.45283,33.211,53.6842,46.3158,25.5144,13.5802,25.8993,211740,101,638.1,46.7312
22820,"Fort Morgan, CO",Micropolitan,30306,,,,0.829321,-0.0329859,CO,66.109,,,,,,,,2022,2025,556,364,-9.04845,-9.67843,65.4676,88.8372,11.1628,32.5926,16.1111,37.7888,289863,168,263.477,28.0547
24980,"Grenada, MS",Micropolitan,30222,,,,-0.741599,-0.434869,MS,11.5087,,,,,,,,2022,2025,412,212,-5.99769,-6.45684,51.4563,67.6829,32.3171,38.7283,11.8497,29.5567,185142,94,523.03,44.6645
46460,"Union City, TN",Micropolitan,30067,,,,-0.466994,-0.624669,TN,13.8321,,,,,,,,2022,2025,468,285,-1.1143,2.07123,60.8974,80.9896,19.0104,35.6659,14.6727,35.8131,180474,127,369.982,33.3909
32700,"McPherson, KS",Micropolitan,30064,,,,-0.0869203,-0.103007,KS,34.9133,,,,,,,,2022,2025,335,271,1.85801,4.13243,80.8955,90.7895,9.21053,32.5871,8.95522,23.3871,206144,110,887.172,47.2119
41260,"St. Marys, PA",Micropolitan,29926,,,,-0.664228,-0.468953,PA,12.5155,,,,,,,,2022,2025,276,211,-7.78771,-6.36251,76.4493,88.1148,11.8852,39.0173,16.763,16.7689,153436,101,759.02,54.3962
28860,"Kirksville, MO",Micropolitan,29824,,,,0.367482,0.45133,MO,69.3618,,,,,,,,2022,2025,395,264,1.29885,-1.58951,66.8354,88.125,11.875,28.6486,10.5405,29.1971,178939,116,440.973,38.7704
47980,"Watertown, SD",Micropolitan,29562,,,,0.838635,0.997608,SD,87.2986,,,,,,,,2022,2025,405,326,-7.15294,-5.22955,80.4938,91.8994,8.10056,33.3333,11.4519,22.0168,287086,94,534.443,43.131
34300,"Mountain Home, ID",Micropolitan,29465,,,,0.548536,-0.371936,ID,52.4938,,,,,,,,2022,2025,734,515,-1.36943,-3.15555,70.1635,89.0523,10.9477,36.1834,21.1896,50.5219,301777,150,358.971,32.9121
43940,"Spearfish, SD",Micropolitan,29459,,,,2.65062,2.61242,SD,99.303,,,,,,,,2022,2025,509,362,-12.1599,-11.5423,71.1198,92.5558,7.44417,36.6025,14.5359,17.4041,399420,133,397.355,36.5933
12460,"Bainbridge, GA",Micropolitan,29432,,,,-0.00271791,-0.105217,GA,38.3364,,,,,,,,2022,2025,393,219,-1.4817,-0.452495,55.7252,70.8075,29.1925,40.327,20.9809,40.5868,209658,133,286.211,29.0286
25700,"Hays, KS",Micropolitan,29075,,,,0.0855156,0.168814,KS,52.1995,,,,,,,,2022,2025,255,176,-7.95558,-6.59869,69.0196,82.8194,17.1806,33.5849,14.717,25,206705,105,746.476,44.3316
23680,"Gallipolis, OH",Micropolitan,29072,,,,-0.105608,0.400608,OH,49.8296,,,,,,,,2022,2025,528,272,7.75576,6.84512,51.5152,70.0713,29.9287,28.9817,16.4491,30.8725,195037,113,328.377,32.4821
31220,"Ludington, MI",Micropolitan,29040,,,,0.00482163,-0.0791384,MI,39.4672,,,,,,,,2022,2025,374,248,-2.53918,-0.923536,66.3102,83.4416,16.5584,45.8515,22.7074,17.3989,343468,154,303.048,31.8182
46780,"Van Wert, OH",Micropolitan,29013,,,,0.0628488,0.50925,OH,59.5415,,,,,,,,2022,2025,398,301,2.83335,3.30816,75.6281,92.8144,7.18563,34.7072,20.3905,23.58,161744,133,296.441,30.6334
10980,"Alpena, MI",Micropolitan,28853,,,,-0.0263196,-0.103867,MI,37.6549,,,,,,,,2022,2025,289,195,6.38871,2.704,67.474,86.6953,13.3047,36.0656,23.9344,28.1337,189974,110,487.8,41.0334
47920,"Washington Court House, OH",Micropolitan,28552,,,,-0.289566,-0.546867,OH,19.8265,,,,,,,,2022,2025,494,330,-0.731409,-1.18354,66.8016,87.3418,12.6582,39.781,22.4453,32.1274,239909,164,311.841,29.4505
23240,"Fredericksburg, TX",Micropolitan,28527,,,,1.28101,1.42573,TX,93.0452,,,,,,,,2022,2025,625,354,-3.33751,-4.62211,56.64,79.3103,20.6897,32.6996,14.4487,20.0692,467599,190,258.867,29.4946
45580,"Thomaston, GA",Micropolitan,28500,,,,0.537688,0.337981,GA,72.119,,,,,,,,2022,2025,391,271,-11.7036,-9.85897,69.3095,89.9351,10.0649,41.4687,20.0864,34.8968,227509,150,391.252,36.6357
17380,"Cleveland, MS",Micropolitan,28262,,,,-1.72946,-0.915051,MS,2.27695,,,,,,,,2022,2025,249,153,-8.11779,-5.27318,61.4458,80.203,19.797,37.2951,12.2951,28.4672,170621,91,380.401,34.087
45000,"Susanville, CA",Micropolitan,28117,,,,-2.76522,-1.66474,CA,0.758984,,,,,,,,2022,2025,351,226,-7.88007,-11.4959,64.3875,89.5522,10.4478,34.4928,19.1304,42.0366,223982,117,306.247,28.401
10480,"Alamosa, CO",Micropolitan,27896,,,,0.408603,0.0286862,CO,58.1784,,,,,,,,2022,2025,265,134,-1.70142,-2.59552,50.566,71.9212,28.0788,45.749,26.3158,37.7224,258955,132,337.446,30.3216
45740,"Toccoa, GA",Micropolitan,27854,,,,0.754185,1.06676,GA,86.2299,,,,,,,,2022,2025,653,377,2.24074,3.60496,57.7335,78.7276,21.2724,32.4373,18.2796,42.3676,275557,206,219.475,25.1783
43500,"Silver City, NM",Micropolitan,27252,,,,-0.683681,-0.869375,NM,7.77571,,,,,,,,2022,2025,386,198,-4.19807,-5.28115,51.2953,75.6849,24.3151,33.557,21.8121,31.4869,191212,114,377.609,35.4839
30660,"Lincoln, IL",Micropolitan,27182,,,,-0.514371,-0.135934,IL,21.7317,,,,,,,,2022,2025,421,338,-2.05069,-0.77673,80.285,92.1622,7.83784,32.2645,14.2285,19.4305,137751,118,384.359,31.3448
21180,"Elkins, WV",Micropolitan,26882,,,,-0.735658,-0.914117,WV,6.25774,,,,,,,,2022,2025,323,137,-0.911905,0,42.4149,67.5325,32.4675,33.4951,22.3301,33.3333,189818,73,805.841,54.8043
21640,"Eufaula, AL-GA",Micropolitan,26861,,,,-0.238043,0.119274,AL,36.8804,,,,,,,,2022,2025,364,154,-3.09479,-1.4708,42.3077,63.9098,36.0902,42.7509,17.4721,36.039,191364,111,314.499,31.6623
28380,"Kennett, MO",Micropolitan,26855,,,,-0.983871,-0.746572,MO,5.28191,,,,,,,,2022,2025,263,166,1.97679,0.816363,63.1179,80.6306,19.3694,27.5109,10.4803,51.3514,152048,86,514.341,43.4234
24700,"Greensburg, IN",Micropolitan,26576,,,,0.0822314,0.233839,IN,53.6865,,,,,,,,2022,2025,385,298,-4.56984,-3.44026,77.4026,89.6755,10.3245,45.521,27.2395,27.0073,222852,132,395.521,35.924
18860,"Crescent City, CA",Micropolitan,26410,,,,-0.891229,-2.03643,CA,2.7881,,,,,,,,2022,2025,310,178,-4.23746,-7.78575,57.4194,79.5652,20.4348,36.8794,21.6312,34.0058,306180,124,347.521,33.6329
15780,"Camden, AR",Micropolitan,26363,,,,-0.738211,-0.640712,AR,8.62763,,,,,,,,2022,2025,590,234,0.571441,-0.423734,39.661,62.3894,37.6106,36.413,19.2935,35.0746,163162,100,423.827,38.6531
45520,"The Dalles, OR",Micropolitan,26310,,,,-0.228752,-0.570651,OR,20.6784,,,,,,,,2022,2025,371,256,-7.647,-6.67963,69.0027,88.7789,11.2211,35.0254,21.5736,25.5624,334570,138,259.135,28.3505
36840,"Ottawa, KS",Micropolitan,26299,,,,0.218159,0.205753,KS,57.8841,,,,,,,,2022,2025,509,379,4.7381,4.61736,74.4597,90.9091,9.09091,34.3154,17.5043,30.814,226003,165,227.777,24.4444
30420,"Lexington, NE",Micropolitan,26255,,,,0.212354,-0.375655,NE,40.9232,,,,,,,,2022,2025,351,263,1.87235,0.903275,74.9288,91.1565,8.84354,30.7895,15,25.6579,182985,94,415.453,35.9795
31380,"Macomb, IL",Micropolitan,25916,,,,-0.909952,-0.762014,IL,5.74659,,,,,,,,2022,2025,307,220,-7.34895,-6.82818,71.6612,88.2812,11.7188,21.147,5.73477,24.6988,123182,96,610.813,45.359
33580,"Mitchell, SD",Micropolitan,25913,,,,0.121617,0.17396,SD,53.7949,,,,,,,,2022,2025,275,222,-11.0692,-11.2894,80.7273,93.3884,6.61157,36.9318,12.2159,19.2683,274595,83,518.657,44.2249
29260,"La Grande, OR",Micropolitan,25900,,,,-0.207963,-0.173444,OR,28.6865,,,,,,,,2022,2025,338,243,-7.56758,-9.60659,71.8935,89.8551,10.1449,41.866,26.3158,28.6822,286440,138,354.759,34.1487
21980,"Fallon, NV",Micropolitan,25851,,,,0.218829,-0.400694,NV,40.9542,,,,,,,,2022,2025,450,296,-5.06881,-7.74637,65.7778,88.8889,11.1111,41.7323,23.622,52.9204,340676,131,289.067,29.3694
30180,"Le Mars, IA",Micropolitan,25697,,,,0,0.0506152,IA,43.7423,,,,,,,,2022,2025,287,229,-3.96144,-5.45859,79.7909,91.8919,8.10811,33.815,12.7168,15.7005,284913,114,489.039,40.7634
32140,"Marshall, MN",Micropolitan,25684,,,,0.199759,-0.391701,MN,40.2416,,,,,,,,2022,2025,262,215,-7.40324,-7.65247,82.0611,92.3404,7.65957,30.6452,13.2258,23.4375,193512,110,414.383,38.6935
35580,"New Ulm, MN",Micropolitan,25517,,,,-0.303676,-0.211177,MN,25.2633,,,,,,,,2022,2025,330,249,-4.34136,-8.40226,75.4545,91.8728,8.12721,31.9672,15.0273,14.9425,233394,108,638.028,44.2748
19700,"Deming, NM",Micropolitan,25407,,,,-0.0353857,-0.842993,NM,25.4337,,,,,,,,2022,2025,349,179,4.25372,4.69103,51.2894,75.3846,24.6154,22.5108,14.2857,41.0359,147346,105,404.248,35.0163
44900,"Summerville, GA",Micropolitan,25300,,,,0.297498,0.154388,GA,59.4331,,,,,,,,2022,2025,380,172,-3.51027,-8.29187,45.2632,70.4981,29.5019,44.1558,18.1818,34.5646,208256,143,429.235,36.7144
33900,"Monticello, IN",Micropolitan,25164,,,,0.394061,-0.0158932,IN,56.3352,,,,,,,,2022,2025,356,269,-11.4658,-9.50695,75.5618,89.7436,10.2564,45.102,22.8571,22.7414,217305,152,359.335,30.5626
46620,"Uvalde, TX",Micropolitan,24963,,,,0.321958,-0.00801122,TX,54.1047,,,,,,,,2022,2025,284,139,-6.00659,-7.73992,48.9437,71.0407,28.9593,26.8421,11.5789,34.4037,224424,107,468.319,39.0291
24460,"Great Bend, KS",Micropolitan,24790,,,,-0.513964,-0.493718,KS,14.5601,,,,,,,,2022,2025,288,209,3.60107,4.52778,72.5694,87.747,12.253,34.6875,15,24.2424,163278,90,743.36,54.9525
11060,"Altus, OK",Micropolitan,24764,,,,0.0234376,0.5563,OK,58.1475,,,,,,,,2022,2025,401,264,-3.33844,-7.44784,65.8354,85.9813,14.0187,32.4808,16.624,52.4249,205417,118,332.915,33.4491
33020,"Mexico, MO",Micropolitan,24528,,,,-0.202611,0.755833,MO,51.7503,,,,,,,,2022,2025,394,289,-7.01061,-5.45819,73.3503,90.2439,9.7561,31.5166,15.4028,29.6748,167076,119,398.296,35.7949
33620,"Moberly, MO",Micropolitan,24513,,,,0.0416626,0.549653,MO,59.3711,,,,,,,,2022,2025,474,320,-0.349165,-1.61319,67.5105,88.8587,11.1413,35.6137,12.6761,31.5603,193906,115,429.771,37.0192
26220,"Hood River, OR",Micropolitan,23720,,,,-0.149412,-0.0547761,OR,34.2937,,,,,,,,2022,2025,248,164,-7.06819,-9.05145,66.129,87.6289,12.3711,43.0556,20.8333,10.733,524634,131,270.41,28.7101
49460,"Yankton, SD",Micropolitan,23635,,,,0.293663,0.246002,SD,61.9579,,,,,,,,2022,2025,297,214,-3.54839,-5.79847,72.0539,89.2562,10.7438,27.7027,10.473,22.7405,266262,93,508.69,38.6623
18220,"Connersville, IN",Micropolitan,23533,,,,0.143393,-0.199321,IN,42.9368,,,,,,,,2022,2025,373,265,-7.48135,-8.06155,71.0456,85.0467,14.9533,41.7582,24.3956,35.2612,146019,130,407.227,36.3269
21740,"Evanston, WY-UT",Micropolitan,23415,,,,0.388865,0.0940452,WY,59.6035,,,,,,,,2022,2025,499,302,-4.94504,-6.62921,60.521,79.3367,20.6633,38.9899,19.3939,25.9259,329503,137,341.928,34.0678
32180,"Marshall, MO",Micropolitan,23265,,,,-0.0592112,0.224012,MO,47.1499,,,,,,,,2022,2025,328,237,-5.36445,-7.1421,72.2561,88.1919,11.8081,38.601,17.8756,36.7059,167152,97,528.023,45.0269
47420,"Wahpeton, ND-MN",Micropolitan,23019,,,,0.00347575,0.052158,ND,43.9281,,,,,,,,2022,2025,268,211,-6.79577,-6.84332,78.7313,90.6383,9.3617,35.474,15.2905,22.9358,209313,97,575.274,45.4054
33180,"Middlesborough, KY",Micropolitan,22829,,,,-0.979772,-0.765051,KY,5.15799,,,,,,,,2022,2025,455,125,3.61661,-7.31628,27.4725,41.6168,58.3832,27.3256,14.5349,28.8462,159720,91,1089.59,49.0566
15060,"Brookings, OR",Micropolitan,22621,,,,-0.775575,-0.872042,OR,5.96344,,,,,,,,2022,2025,325,197,-7.60211,-7.26228,60.6154,83.7838,16.2162,39.1975,20.9877,18.8209,379975,149,477.172,36.3135
49380,"Worthington, MN",Micropolitan,22338,,,,0.123114,0.431616,MN,60.5638,,,,,,,,2022,2025,222,175,13.4583,13.0883,78.8288,89.2157,10.7843,23.913,13.0435,19.8444,259514,88,414.903,36.5517
21120,"Elk City, OK",Micropolitan,22159,,,,-0.150051,-0.121698,OK,31.9393,,,,,,,,2022,2025,282,179,-3.72342,-2.97902,63.4752,80,20,24.1525,14.4068,41.573,184162,84,480.466,40.942
31620,"Magnolia, AR",Micropolitan,21894,,,,-0.761499,-0.545108,AR,9.82032,,,,,,,,2022,2025,446,185,0.835905,2.85868,41.4798,60.0543,39.9457,27.451,6.27451,28.0576,179108,98,622.19,52.6239
20300,"Dumas, TX",Micropolitan,21891,,,,0.582894,0.99188,TX,82.342,,,,,,,,2022,2025,407,204,4.17511,4.068,50.1229,68.9873,31.0127,19.0476,10.7143,44.6565,226078,91,463.877,40.274
36820,"Oskaloosa, IA",Micropolitan,21880,,,,-0.24589,-0.146039,IA,28.1444,,,,,,,,2022,2025,285,224,-4.38139,-3.59431,78.5965,89.7233,10.2767,43.0025,11.7048,16.044,195357,97,571.455,46.5084
22620,"Forrest City, AR",Micropolitan,21800,,,,-1.0823,-0.633575,AR,6.00991,,,,,,,,2022,2025,217,83,-0.905027,-6.33322,38.2488,51.1111,48.8889,36.1538,18.4615,37.3333,128373,85,426.955,37.037
37420,"Pampa, TX",Micropolitan,21786,,,,-0.21435,0.00918105,TX,33.6276,,,,,,,,2022,2025,298,188,-4.57971,-7.29953,63.0872,85.3556,14.6444,22.6337,9.87654,39.6226,164202,104,342.113,31.4079
13100,"Beatrice, NE",Micropolitan,21711,,,,0.0461234,0.106049,NE,47.9399,,,,,,,,2022,2025,381,287,-0.433657,-1.3561,75.3281,89.939,10.061,32.3113,15.3302,22.7926,185697,115,326.721,32.7354
36830,"Othello, WA",Micropolitan,21488,,,,0.837855,0.778539,WA,85.4089,,,,,,,,2022,2025,195,136,-9.8323,-7.16822,69.7436,91.6667,8.33333,38.4615,24.8869,33.4572,282647,103,374.705,35.1687
27420,"Jamestown, ND",Micropolitan,21414,,,,-0.120976,-0.144556,ND,32.5589,,,,,,,,2022,2025,222,174,-5.37253,-4.05382,78.3784,91.7526,8.24742,37.1841,11.1913,13.2124,221552,77,854.497,57.9618
47240,"Vineyard Haven, MA",Micropolitan,21219,,,,0.613419,-0.6322,MA,50.1084,,,,,,,,2022,2025,283,203,-10.8936,-10.1649,71.7314,90,10,46.2963,20.8995,2.33463,1.26337e+06,151,421.997,39.1742
30580,"Liberal, KS",Micropolitan,21073,,,,-0.727911,-0.302787,KS,14.9164,,,,,,,,2022,2025,177,129,-9.14397,-6.53603,72.8814,90.5405,9.45946,34.5178,18.7817,46.2963,229806,66,800.751,57.0292
11660,"Arkadelphia, AR",Micropolitan,20938,,,,-0.439275,-0.0668194,AR,25.6351,,,,,,,,2022,2025,396,210,-2.85872,-2.56138,53.0303,68.9024,31.0976,34.1693,12.2257,32.3944,156762,112,461.212,39.895
23190,"Franklin, KY",Micropolitan,20788,,,,1.15499,1.81213,KY,92.5496,,,,,,,,2022,2025,466,335,1.02197,1.0153,71.8884,87.6289,12.3711,37.6164,14.1527,35.9055,279776,145,318.691,32.3049
39220,"Price, UT",Micropolitan,20680,,,,0.189662,0.38835,UT,62.0973,,,,,,,,2022,2025,438,283,-1.33349,-3.71121,64.6119,86.3372,13.6628,41.2863,21.1618,32.3129,226025,123,435.255,38.8788
44540,"Sterling, CO",Micropolitan,20654,,,,-0.540181,-0.173997,CO,20.2602,,,,,,,,2022,2025,320,213,-9.72789,-10.2876,66.5625,90.4564,9.54357,35.6495,19.3353,30.2799,248474,123,548.557,40.0264
38180,"Pierre, SD",Micropolitan,20588,,,,-0.108448,0.145929,SD,42.5651,,,,,,,,2022,2025,309,213,-4.78797,-7.25523,68.932,88.5246,11.4754,27.3038,15.0171,25.5132,241808,78,994.914,51.5015
44740,"Storm Lake, IA",Micropolitan,20449,,,,-0.339801,-0.997337,IA,13.197,,,,,,,,2022,2025,243,202,0.695433,2.24212,83.1276,90.991,9.00901,22.9008,9.54198,21.1356,176337,77,1124.82,55.2209
25100,"Guymon, OK",Micropolitan,20322,,,,-0.927282,-0.59189,OK,7.62082,,,,,,,,2022,2025,242,150,2.91708,-4.08627,61.9835,84.6154,15.3846,34.4978,12.2271,40,180000,65,649.211,49.5708
16140,"Carroll, IA",Micropolitan,20303,,,,-0.410596,-0.699403,IA,14.3897,,,,,,,,2022,2025,177,144,-8.49312,-6.99567,81.3559,94.1935,5.80645,34.8416,14.4796,12.5,200347,82,911.148,56.3063
32340,"Maryville, MO",Micropolitan,20174,,,,-0.819172,-0.601104,MO,8.39529,,,,,,,,2022,2025,241,193,-8.73185,-7.89424,80.083,94.2308,5.76923,30.5755,11.1511,20.1238,206036,96,522.97,42.9644
39700,"Raymondville, TX",Micropolitan,19971,,,,-0.153514,-0.493274,TX,24.3959,,,,,,,,2022,2025,131,53,5.67756,8.93414,40.458,60.3774,39.6226,31.1688,14.2857,35.9551,207264,63,402.841,34.2007
17260,"Clarksdale, MS",Micropolitan,19849,,,,-1.33437,-0.958036,MS,2.44734,,,,,,,,2022,2025,240,107,11.9623,12.5747,44.5833,67.7966,32.2034,20.7407,7.40741,19.6429,123131,82,370.736,32.4786
40760,"Ruidoso, NM",Micropolitan,19844,,,,-0.461197,-0.958275,NM,10.8271,,,,,,,,2022,2025,489,260,-15.344,-17.4981,53.1697,71.8499,28.1501,31.2169,18.5185,22.4586,321923,150,362.343,36.7568
49260,"Woodward, OK",Micropolitan,19827,,,,-0.56916,-0.376847,OK,15.0403,,,,,,,,2022,2025,238,137,1.29325,-2.32103,57.563,76.4398,23.5602,27.5132,9.52381,46.5347,187628,94,345.231,32.914
14420,"Borger, TX",Micropolitan,19633,,,,-0.927141,-0.843434,TX,4.86369,,,,,,,,2022,2025,374,201,-4.24664,-8.10354,53.7433,77.6667,22.3333,25.8303,14.3911,37.5405,167736,112,431.037,36.2022
26700,"Huron, SD",Micropolitan,19624,,,,0.47762,0.522487,SD,74.4269,,,,,,,,2022,2025,186,123,1.85916,0.272481,66.129,83.2215,16.7785,27.2189,13.0178,29.9465,214593,48,1360.03,64.6575
38920,"Port Lavaca, TX",Micropolitan,19599,,,,-0.467874,-0.905046,TX,10.8581,,,,,,,,2022,2025,362,196,-10.266,-9.67843,54.1436,72.6974,27.3026,20,10.6122,27.4074,241224,119,302.971,30.8725
21860,"Fairmont, MN",Micropolitan,19440,,,,-0.564391,-0.633817,MN,11.4622,,,,,,,,2022,2025,231,187,-4.59376,-1.88724,80.9524,92.6829,7.31707,28.626,15.6489,18.7919,177674,113,320.468,32.1429
31060,"Los Alamos, NM",Micropolitan,19407,,,,-0.00721233,-0.10295,NM,38.3519,,,,,,,,2022,2025,423,312,-6.47021,-8.25317,73.7589,91.6185,8.3815,29.8876,13.9326,15.7058,455801,111,425.551,39.0553
18380,"Cordele, GA",Micropolitan,19237,,,,-0.832368,-1.0646,GA,4.2596,,,,,,,,2022,2025,213,106,-15.0135,-11.8969,49.7653,72.1519,27.8481,40.113,11.2994,31.9048,205943,108,293.105,28.5115
11380,"Andrews, TX",Micropolitan,18914,,,,0.318124,0.617087,TX,70.4926,,,,,,,,2022,2025,427,229,0.393395,2.92923,53.63,78.4375,21.5625,22.6351,8.44595,50.9615,271594,131,419.129,36.352
25820,"Hereford, TX",Micropolitan,18626,,,,0.100161,0.610382,TX,62.6394,,,,,,,,2022,2025,279,122,-5.82132,-14.0288,43.7276,63.0631,36.9369,27.8107,14.7929,37.4332,222787,75,418.491,35.2941
13860,"Bishop, CA",Micropolitan,18158,,,,-0.89098,-0.786799,CA,5.52974,,,,,,,,2022,2025,205,112,-3.05536,-8.03586,54.6341,83.871,16.129,41.9689,23.3161,13.7931,351518,106,488.298,39.4737
44020,"Spirit Lake, IA",Micropolitan,18077,,,,0.337517,0.0276671,IA,55.9634,,,,,,,,2022,2025,347,289,-9.16578,-8.31699,83.2853,95.1299,4.87013,35.3468,12.0805,8.3045,505381,147,1280.93,54.567
49080,"Winnemucca, NV",Micropolitan,17267,,,,-0.00347447,0.518105,NV,56.3507,,,,,,,,2022,2025,343,256,-6.07859,-2.47627,74.6356,92.4658,7.53425,31.7333,19.7333,46.778,316719,102,474.181,35.5638
22340,"Fitzgerald, GA",Micropolitan,17099,,,,-0.0781834,0.387483,GA,50.7435,,,,,,,,2022,2025,195,83,-3.20222,-6.64033,42.5641,58.7838,41.2162,46.7949,19.2308,43.0233,176084,94,309.276,30.2108
12520,"Baker City, OR",Micropolitan,16658,,,,-0.0838325,-0.590798,OR,26.0223,,,,,,,,2022,2025,243,162,-3.45106,-3.80602,66.6667,89.011,10.989,43.75,21.875,34.593,283889,121,364.891,34.0336
43980,"Spencer, IA",Micropolitan,16202,,,,-0.170706,-1.93088,IA,17.5805,,,,,,,,2022,2025,189,151,-6.06178,-7.695,79.8942,91.6168,8.38323,27.7512,8.61244,17.8182,164868,69,1898.46,62.0767
11860,"Atchison, KS",Micropolitan,16172,,,,-0.188149,0.018554,KS,34.9133,,,,,,,,2022,2025,191,142,-9.18358,-7.77049,74.3455,92.8571,7.14286,44.7471,15.1751,21.3333,186690,94,493.134,41.8605
43660,"Snyder, TX",Micropolitan,16162,,,,-0.907797,0.0309463,TX,21.6543,,,,,,,,2022,2025,248,135,-9.44723,-12.4252,54.4355,77.2973,22.7027,23.2955,10.2273,35.1351,165000,101,327.693,29.4785
46820,"Vermillion, SD",Micropolitan,15031,,,,0.0359645,-1.04674,SD,26.8897,,,,,,,,2022,2025,212,133,-6.45684,-10.0916,62.7358,79.7688,20.2312,36.6667,16.6667,16.8033,224699,80,368.32,33.4135
34880,"Nantucket, MA",Micropolitan,14758,,,,0.717167,0.305852,MA,75.2788,,,,,,,,2022,2025,283,186,-7.45078,-11.6819,65.7244,87.5,12.5,37.5839,15.4362,0.966184,2.41113e+06,119,696.289,51.7375
45020,"Sweetwater, TX",Micropolitan,14117,,,,-0.838447,-0.205005,TX,15.2726,,,,,,,,2022,2025,204,106,-3.06944,-1.81859,51.9608,74.1722,25.8278,25.3521,11.9718,25.9494,190660,83,546.547,45.2722
49820,"Zapata, TX",Micropolitan,13753,,,,-0.176478,-0.326134,TX,26.9207,,,,,,,,2022,2025,135,42,-1.43905,0,31.1111,54.2553,45.7447,31.1475,8.19672,33.8462,140000,55,924.313,51.2315
28540,"Ketchikan, AK",Micropolitan,13549,,,,-0.528815,-0.732654,AK,11.1834,,,,,,,,2022,2025,135,85,-2.35382,-8.51175,62.963,82.0755,17.9245,30.3279,16.3934,35.5072,412529,62,394.687,34.8432
46900,"Vernon, TX",Micropolitan,12481,,,,-0.568648,0.0561167,TX,26.7658,,,,,,,,2022,2025,145,81,5.35345,-2.7251,55.8621,80.3571,19.6429,19.802,11.8812,29.6,160062,65,518.858,42.1245
45880,"Town of Pecos, TX",Micropolitan,12138,,,,-3.8478,0.107216,TX,21.5613,,,,,,,,2022,2025,239,103,1.583,5.38647,43.0962,67.6301,32.3699,14.1667,8.33333,36.3636,227427,78,828.951,46.0055
